personnel_id,age,gender,rank,unit,years_of_service,marital_status,num_dependents,deployment_zone,deployment_zone_risk,deployment_duration_months,total_deployments,transfer_frequency_5yr,family_separation_months,distance_from_home_km,avg_duty_hours_per_week,night_duty_freq_per_month,training_hours_per_month,workload_score,leaves_entitled,leaves_taken,leave_utilization_ratio,sick_leave_count,years_since_last_promotion,commendations,disciplinary_actions,incident_exposure_count,wellness_checkin_score,sleep_quality_score,physical_fitness_score,mood_score,social_connectedness_score,burnout_risk_score,stress_label
SAH-00001,49,Male,Commandant,CRPF,27,Single,0,Urban Posting (Low),0.25,23,8,3,22,2207,36.1,15,14.9,3.5,30,29,0.967,14,5,4,2,18,1.0,3.3,5.9,8.0,6.6,0.442,0
SAH-00002,35,Male,Constable,AR,14,Married,2,Naxal Belt (High Risk),0.82,13,14,3,16,728,56.7,3,12.9,2.4,30,13,0.433,6,0,1,0,7,5.1,4.9,7.1,3.8,4.8,0.316,0
SAH-00003,28,Male,SI,AR,10,Married,4,Naxal Belt (High Risk),0.82,16,8,4,19,1882,51.2,16,11.6,2.4,30,30,1.0,12,11,6,0,18,4.7,2.5,6.1,5.5,4.9,0.456,0
SAH-00004,41,Male,SI,RPF,23,Married,2,Northeast (High Risk),0.8,26,7,7,26,420,57.4,10,6.0,2.9,30,4,0.133,1,9,5,0,15,7.8,5.0,8.6,3.9,7.6,0.449,0
SAH-00005,39,Male,ASI,ITBP,16,Married,5,Naxal Belt (High Risk),0.82,31,6,2,36,3458,73.1,4,22.7,5.4,30,6,0.2,1,11,5,0,2,4.4,1.7,7.3,2.4,5.1,0.581,1
SAH-00006,43,Male,IG,ITBP,24,Married,4,J&K (High Risk),0.85,1,1,4,0,2987,58.9,12,9.2,4.2,30,16,0.533,11,8,7,0,1,5.6,3.2,8.6,5.7,2.1,0.427,0
SAH-00007,31,Female,Head Constable,BSF,10,Married,3,Naxal Belt (High Risk),0.82,17,8,7,14,2696,35.0,11,24.3,4.7,30,24,0.8,4,5,5,0,11,6.1,2.8,7.8,7.0,5.2,0.378,0
SAH-00008,31,Male,Head Constable,SSB,12,Married,1,Border Area (Moderate),0.55,16,1,2,17,1095,63.2,2,3.9,6.3,30,14,0.467,14,1,2,0,9,6.0,2.5,5.1,3.4,5.0,0.444,0
SAH-00009,44,Male,Constable,ITBP,24,Married,5,Border Area (Moderate),0.55,10,8,4,9,771,49.4,3,11.1,5.3,45,29,0.644,9,6,5,0,1,5.9,3.9,3.3,4.1,5.5,0.444,0
SAH-00010,56,Female,Head Constable,RPF,32,Single,0,HQ / Admin (Low),0.15,31,11,1,36,354,54.0,9,30.7,3.2,30,3,0.1,0,2,2,1,4,6.1,2.9,5.0,3.1,5.5,0.397,0
SAH-00011,44,Male,Constable,ITBP,26,Single,0,Naxal Belt (High Risk),0.82,10,2,0,11,973,35.0,8,16.9,7.4,60,33,0.55,6,6,7,1,4,6.0,1.5,10.0,5.8,5.0,0.421,0
SAH-00012,23,Male,Head Constable,SSB,1,Single,1,Naxal Belt (High Risk),0.82,34,8,3,37,1345,58.0,9,11.1,1.5,45,15,0.333,14,8,5,3,5,10.0,1.0,8.5,4.5,5.7,0.525,1
SAH-00013,42,Male,Inspector,CRPF,22,Single,0,Border Area (Moderate),0.55,6,10,0,3,885,36.4,12,10.0,4.0,60,36,0.6,10,4,0,0,2,2.4,1.9,6.7,1.3,2.6,0.377,0
SAH-00014,22,Male,Dy. Commandant,ITBP,1,Single,2,Northeast (High Risk),0.8,28,12,0,26,2543,58.4,0,8.0,8.9,45,28,0.622,6,0,6,0,9,4.4,3.6,9.3,4.8,9.5,0.312,0
SAH-00015,44,Male,Constable,RPF,20,Married,3,Training Center (Low),0.2,28,4,1,28,3029,43.3,11,18.6,6.2,45,38,0.844,10,4,5,0,4,5.9,2.8,6.6,7.6,5.1,0.371,0
SAH-00016,50,Male,Head Constable,CISF,26,Married,4,Border Area (Moderate),0.55,13,7,0,18,2375,60.7,10,22.2,1.9,30,19,0.633,7,7,0,0,19,8.2,4.0,6.7,7.8,2.9,0.223,0
SAH-00017,22,Male,Dy. Commandant,RPF,1,Divorced,5,Northeast (High Risk),0.8,12,5,0,13,2474,36.5,7,17.0,2.3,45,32,0.711,6,7,2,0,4,7.9,2.9,7.3,7.9,2.1,0.268,0
SAH-00018,41,Male,Constable,NSG,23,Single,0,Urban Posting (Low),0.25,2,8,1,3,2329,35.0,13,14.5,4.8,30,18,0.6,7,2,4,0,14,8.1,3.3,5.7,3.5,5.9,0.307,0
SAH-00019,53,Female,Constable,NSG,33,Married,5,J&K (High Risk),0.85,8,12,7,13,2689,45.5,13,19.8,4.5,30,30,1.0,14,3,1,0,16,5.9,4.5,4.7,3.1,4.2,0.409,0
SAH-00020,32,Male,Constable,ITBP,10,Married,2,HQ / Admin (Low),0.15,9,6,2,13,475,55.2,19,3.8,6.9,30,26,0.867,14,11,3,0,16,8.5,2.8,7.4,4.2,5.6,0.254,0
SAH-00021,42,Male,ASI,CRPF,18,Single,0,Training Center (Low),0.2,8,14,4,6,3176,38.3,16,18.0,7.8,30,25,0.833,2,7,7,0,17,4.8,5.0,6.5,7.4,9.2,0.302,0
SAH-00022,45,Male,Constable,AR,25,Married,3,Border Area (Moderate),0.55,3,5,5,6,2042,54.4,18,18.5,4.5,30,21,0.7,2,7,0,0,9,7.8,3.7,6.0,7.4,5.1,0.27,0
SAH-00023,47,Male,Commandant,CRPF,24,Single,0,J&K (High Risk),0.85,9,1,0,6,1876,62.5,19,17.1,5.3,60,37,0.617,7,6,1,0,6,6.4,2.1,7.6,5.5,7.2,0.504,1
SAH-00024,48,Male,Head Constable,RPF,26,Divorced,5,Northeast (High Risk),0.8,13,3,7,18,2538,36.1,16,10.6,3.4,30,13,0.433,8,5,5,1,10,6.4,1.8,5.7,7.7,3.0,0.508,1
SAH-00025,36,Male,Head Constable,BSF,14,Widowed,2,Northeast (High Risk),0.8,9,10,3,8,2131,54.5,5,8.8,5.2,60,53,0.883,9,3,2,0,13,3.4,1.6,8.1,6.7,5.5,0.525,1
SAH-00026,35,Male,Constable,CISF,17,Married,4,Northeast (High Risk),0.8,31,9,1,29,2426,58.5,13,4.6,3.4,30,8,0.267,3,9,1,0,8,2.5,3.0,4.1,4.5,3.3,0.574,1
SAH-00027,23,Female,Head Constable,CRPF,4,Married,1,Border Area (Moderate),0.55,25,14,6,25,2942,49.7,17,26.8,5.5,45,6,0.133,7,8,7,0,16,5.4,1.4,3.9,4.8,2.7,0.657,1
SAH-00028,57,Male,ASI,SSB,34,Married,4,HQ / Admin (Low),0.15,8,9,6,8,503,51.0,16,14.6,4.2,45,35,0.778,0,1,1,0,1,5.8,4.8,3.9,3.0,5.4,0.214,0
SAH-00029,27,Male,SI,RPF,4,Married,3,Naxal Belt (High Risk),0.82,31,5,0,30,813,35.1,5,11.6,6.8,45,11,0.244,1,1,6,1,16,3.8,5.0,6.5,5.3,8.0,0.4,0
SAH-00030,41,Male,SI,CISF,19,Married,1,Urban Posting (Low),0.25,31,3,5,29,1198,57.2,4,10.8,7.6,30,30,1.0,12,0,6,0,16,7.9,1.4,3.8,4.3,6.9,0.419,0
SAH-00031,29,Male,ASI,NSG,7,Single,0,Urban Posting (Low),0.25,17,6,2,18,572,52.7,12,7.3,8.1,45,39,0.867,9,10,5,1,19,4.4,3.3,10.0,3.5,10.0,0.379,0
SAH-00032,38,Male,Dy. Commandant,RPF,20,Single,0,Training Center (Low),0.2,19,5,7,19,531,53.8,15,10.7,5.6,30,21,0.7,9,11,1,0,9,7.2,1.0,9.9,4.0,4.9,0.423,0
SAH-00033,24,Male,Inspector,CISF,5,Married,2,J&K (High Risk),0.85,3,1,2,4,2414,76.8,8,24.7,6.7,45,18,0.4,9,2,2,0,11,5.4,3.7,7.3,8.5,5.7,0.414,0
SAH-00034,45,Male,SI,SSB,22,Married,1,Naxal Belt (High Risk),0.82,30,2,5,34,171,49.5,11,19.7,4.5,45,33,0.733,8,2,6,2,11,7.6,3.9,8.4,4.6,6.3,0.451,0
SAH-00035,34,Male,Constable,ITBP,10,Widowed,4,Urban Posting (Low),0.25,10,12,3,8,630,55.9,9,21.6,3.8,30,17,0.567,1,3,0,1,14,3.6,3.0,4.8,8.7,5.2,0.275,0
SAH-00036,29,Male,Constable,SSB,8,Single,0,Training Center (Low),0.2,29,5,0,34,3434,67.5,12,22.7,2.8,30,11,0.367,14,2,7,0,8,2.8,3.3,8.8,5.6,6.8,0.372,0
SAH-00037,46,Male,Constable,SSB,25,Married,1,HQ / Admin (Low),0.15,18,14,3,15,2584,51.4,18,32.6,6.2,30,30,1.0,1,9,3,1,17,7.1,2.3,5.9,5.0,3.9,0.335,0
SAH-00038,22,Male,ASI,ITBP,3,Married,4,Urban Posting (Low),0.25,12,9,2,16,3133,43.4,15,15.2,1.4,60,15,0.25,7,5,4,0,15,7.7,3.0,6.4,6.5,3.6,0.299,0
SAH-00039,40,Male,Head Constable,ITBP,20,Married,4,Northeast (High Risk),0.8,23,12,6,24,2222,56.8,16,11.6,7.2,45,38,0.844,4,8,0,0,6,6.6,3.7,6.1,1.0,4.0,0.518,1
SAH-00040,48,Male,Head Constable,ITBP,30,Married,5,Border Area (Moderate),0.55,11,4,2,9,1884,43.8,15,18.5,4.8,30,27,0.9,4,7,3,0,13,4.2,2.8,5.1,9.7,3.0,0.337,0
SAH-00041,27,Male,Inspector,ITBP,8,Married,4,J&K (High Risk),0.85,9,9,4,13,2756,66.4,13,20.2,4.9,30,30,1.0,10,5,2,2,3,7.4,4.2,7.7,7.4,1.6,0.41,0
SAH-00042,28,Male,Dy. Commandant,ITBP,7,Single,1,Border Area (Moderate),0.55,24,3,2,25,1150,58.2,15,14.7,6.8,30,19,0.633,5,7,3,0,2,7.1,2.3,5.4,5.9,4.7,0.519,1
SAH-00043,55,Male,Dy. Commandant,SSB,33,Married,1,Border Area (Moderate),0.55,25,1,1,24,2677,41.7,14,7.8,1.8,30,19,0.633,7,7,2,1,11,3.7,2.7,6.0,7.1,1.0,0.495,0
SAH-00044,34,Male,Head Constable,BSF,13,Married,1,Urban Posting (Low),0.25,25,6,4,28,767,37.0,11,16.5,5.1,45,45,1.0,7,9,3,0,15,6.9,1.0,2.0,5.6,4.2,0.463,0
SAH-00045,37,Male,SI,BSF,15,Married,1,HQ / Admin (Low),0.15,9,10,3,9,3357,53.9,4,19.4,8.7,45,40,0.889,8,5,6,0,3,6.3,5.0,7.2,4.3,1.0,0.354,0
SAH-00046,56,Female,Constable,RPF,38,Married,4,Urban Posting (Low),0.25,12,14,2,14,2867,55.1,10,17.8,4.9,45,38,0.844,9,1,7,1,3,6.2,1.0,6.3,5.5,8.2,0.425,0
SAH-00047,24,Male,Constable,CRPF,2,Married,4,Naxal Belt (High Risk),0.82,11,7,5,15,3375,37.1,4,0.3,2.9,60,53,0.883,10,4,0,0,2,3.2,4.1,4.6,4.7,4.2,0.415,0
SAH-00048,22,Female,Constable,BSF,3,Married,1,Northeast (High Risk),0.8,28,4,1,25,3001,61.4,10,2.3,4.8,45,26,0.578,2,3,5,0,8,7.6,3.4,6.0,3.7,1.0,0.475,0
SAH-00049,26,Male,Head Constable,NSG,4,Married,2,Training Center (Low),0.2,8,10,4,6,455,60.0,1,20.7,8.1,45,6,0.133,8,11,5,0,13,4.9,3.0,5.6,4.7,5.1,0.331,0
SAH-00050,24,Male,Head Constable,BSF,4,Married,2,Northeast (High Risk),0.8,10,5,1,14,1316,56.1,18,12.0,4.0,45,13,0.289,13,5,5,1,11,4.7,2.1,3.4,5.9,5.5,0.451,0
SAH-00051,49,Male,Inspector,SSB,30,Widowed,3,J&K (High Risk),0.85,25,4,4,28,1534,61.1,16,32.8,2.4,45,33,0.733,10,1,2,0,9,6.9,2.5,9.7,6.2,3.8,0.383,0
SAH-00052,38,Male,Constable,ITBP,20,Married,5,Northeast (High Risk),0.8,9,3,4,14,326,40.1,18,25.7,4.6,60,29,0.483,2,3,1,0,13,5.6,2.6,9.3,8.3,8.2,0.333,0
SAH-00053,46,Male,SI,RPF,27,Married,3,Border Area (Moderate),0.55,8,1,4,6,1542,40.8,11,4.9,2.7,45,31,0.689,0,7,7,0,11,3.1,2.5,7.9,4.9,6.2,0.304,0
SAH-00054,54,Male,ASI,ITBP,34,Married,1,J&K (High Risk),0.85,3,13,7,7,3341,48.9,19,23.2,1.0,30,19,0.633,11,0,5,2,11,9.1,1.0,9.0,4.1,4.5,0.464,0
SAH-00055,30,Male,Constable,AR,12,Married,1,HQ / Admin (Low),0.15,18,6,7,20,1298,44.4,4,27.8,7.0,60,32,0.533,10,2,2,0,1,6.5,3.6,5.5,3.0,6.1,0.268,0
SAH-00056,56,Male,Head Constable,AR,35,Single,2,HQ / Admin (Low),0.15,35,10,5,32,3022,58.0,11,11.4,7.6,45,15,0.333,4,3,6,1,18,6.0,3.7,6.5,6.4,8.1,0.377,0
SAH-00057,34,Male,Constable,AR,14,Divorced,5,HQ / Admin (Low),0.15,17,5,3,17,1174,61.7,15,14.3,6.3,30,24,0.8,6,1,2,1,12,5.9,2.7,5.4,8.4,2.6,0.24,0
SAH-00058,51,Male,ASI,SSB,33,Single,1,J&K (High Risk),0.85,28,11,4,26,2951,43.6,0,10.6,7.3,45,45,1.0,2,11,3,0,9,6.0,3.0,7.0,4.7,3.4,0.419,0
SAH-00059,35,Male,Head Constable,NSG,11,Married,5,HQ / Admin (Low),0.15,15,1,4,18,1707,41.6,1,6.0,4.7,30,26,0.867,8,1,2,0,0,6.2,3.6,8.4,4.4,5.1,0.26,0
SAH-00060,28,Male,Constable,BSF,6,Married,3,HQ / Admin (Low),0.15,19,5,7,24,1803,62.3,9,27.6,8.2,45,9,0.2,0,5,3,0,0,8.3,1.6,6.3,7.2,1.7,0.377,0
SAH-00061,34,Male,Constable,SSB,15,Married,4,HQ / Admin (Low),0.15,22,6,1,24,556,40.2,1,0.0,4.2,60,38,0.633,5,5,6,0,7,9.2,1.4,3.9,3.4,5.6,0.274,0
SAH-00062,43,Male,ASI,CRPF,25,Widowed,4,Urban Posting (Low),0.25,6,10,4,6,3452,48.6,9,9.6,5.5,30,28,0.933,14,2,0,0,5,5.4,3.0,7.3,8.7,8.3,0.296,0
SAH-00063,41,Male,Dy. Commandant,RPF,22,Married,3,Urban Posting (Low),0.25,7,5,3,8,286,39.9,17,11.6,3.8,60,41,0.683,11,7,2,1,19,7.4,2.7,5.3,5.3,4.7,0.37,0
SAH-00064,36,Female,Head Constable,ITBP,14,Married,4,J&K (High Risk),0.85,9,1,6,6,3091,44.9,0,16.3,2.7,45,24,0.533,11,11,1,0,2,7.3,2.6,8.4,6.3,1.8,0.49,0
SAH-00065,38,Female,SI,AR,20,Single,1,Training Center (Low),0.2,20,14,5,20,3460,35.0,4,5.1,4.2,45,17,0.378,5,2,1,0,12,7.4,3.6,10.0,5.6,6.6,0.299,0
SAH-00066,44,Male,ASI,CISF,23,Single,0,J&K (High Risk),0.85,11,5,5,10,801,67.4,11,25.8,10.0,30,12,0.4,13,1,0,0,11,8.5,2.6,8.6,1.0,8.3,0.475,0
SAH-00067,46,Male,Dy. Commandant,CRPF,22,Married,3,Naxal Belt (High Risk),0.82,2,10,1,7,2603,64.1,16,0.3,8.6,30,10,0.333,12,4,6,0,19,7.7,3.4,6.1,5.4,1.0,0.398,0
SAH-00068,45,Male,Inspector,AR,21,Married,2,HQ / Admin (Low),0.15,22,1,6,24,214,42.3,18,0.4,7.1,30,8,0.267,7,6,5,0,15,6.8,4.8,6.7,4.7,6.1,0.415,0
SAH-00069,49,Male,ASI,NSG,29,Single,0,Naxal Belt (High Risk),0.82,5,11,4,5,2943,57.6,17,15.5,4.6,30,20,0.667,14,0,1,1,10,4.7,5.0,6.3,6.3,6.3,0.441,0
SAH-00070,35,Male,ASI,CRPF,17,Single,0,J&K (High Risk),0.85,7,3,1,6,1742,35.0,12,4.7,4.6,45,27,0.6,12,1,7,0,3,6.6,3.9,4.7,7.8,6.0,0.32,0
SAH-00071,21,Male,Dy. Commandant,SSB,1,Married,5,HQ / Admin (Low),0.15,6,12,7,6,2006,59.5,2,16.7,8.9,45,37,0.822,2,1,3,0,7,3.9,1.0,5.4,6.5,5.5,0.237,0
SAH-00072,45,Male,Head Constable,BSF,27,Married,4,HQ / Admin (Low),0.15,22,13,5,26,2825,41.4,9,9.1,5.5,60,24,0.4,11,7,2,1,6,6.9,3.6,6.2,4.2,5.2,0.428,0
SAH-00073,27,Female,Head Constable,ITBP,8,Married,2,Northeast (High Risk),0.8,10,2,3,11,3339,66.6,13,21.5,7.1,30,16,0.533,4,9,4,0,15,6.6,4.6,6.1,8.8,4.5,0.38,0
SAH-00074,29,Male,Constable,RPF,6,Single,1,Training Center (Low),0.2,20,13,1,17,1818,58.1,7,7.6,4.4,30,23,0.767,10,5,6,1,11,3.1,3.3,4.1,5.6,8.0,0.395,0
SAH-00075,44,Male,Inspector,NSG,26,Single,1,Naxal Belt (High Risk),0.82,28,1,3,29,2473,47.6,9,26.6,4.9,45,45,1.0,9,3,7,0,5,5.1,2.3,6.6,8.1,5.2,0.546,1
SAH-00076,21,Male,Inspector,NSG,1,Divorced,3,Naxal Belt (High Risk),0.82,23,4,7,27,3133,47.1,1,20.0,7.1,30,13,0.433,10,3,7,1,5,4.5,2.6,6.4,7.3,9.8,0.537,1
SAH-00077,28,Female,Constable,CISF,4,Married,4,Northeast (High Risk),0.8,35,2,7,35,1505,53.7,12,8.9,4.0,60,23,0.383,14,4,2,0,10,7.4,4.2,2.0,3.5,6.9,0.555,1
SAH-00078,44,Male,ASI,CRPF,20,Married,4,J&K (High Risk),0.85,1,5,6,0,2180,40.9,4,20.0,6.2,45,24,0.533,4,2,6,0,11,5.4,2.5,6.3,7.6,5.2,0.397,0
SAH-00079,31,Male,Head Constable,CISF,10,Married,5,Northeast (High Risk),0.8,29,10,6,28,480,65.5,10,16.2,4.1,45,37,0.822,7,11,6,0,15,3.2,2.0,1.8,7.2,3.2,0.497,0
SAH-00080,37,Male,Constable,BSF,19,Married,4,J&K (High Risk),0.85,9,1,2,14,2575,55.7,0,21.3,6.5,30,30,1.0,6,3,2,0,15,6.9,2.3,4.5,5.7,6.1,0.321,0
SAH-00081,28,Male,DIG,AR,8,Single,1,HQ / Admin (Low),0.15,9,12,4,12,832,63.6,9,19.8,4.0,30,19,0.633,2,11,4,1,15,6.4,3.1,4.1,4.6,3.3,0.36,0
SAH-00082,55,Male,Constable,BSF,37,Married,5,Urban Posting (Low),0.25,22,10,3,21,2466,35.0,12,17.9,9.0,30,27,0.9,14,3,5,0,3,6.2,2.8,6.0,7.1,3.7,0.337,0
SAH-00083,55,Male,Constable,AR,32,Married,3,Training Center (Low),0.2,2,1,4,3,1004,52.2,3,15.5,5.4,30,16,0.533,6,6,6,0,11,3.8,1.4,5.1,7.5,4.3,0.219,0
SAH-00084,53,Male,ASI,CISF,29,Married,4,Urban Posting (Low),0.25,16,11,6,15,2042,55.0,9,22.2,7.0,45,6,0.133,9,6,1,0,4,7.2,2.6,5.8,4.7,2.4,0.313,0
SAH-00085,25,Male,SI,ITBP,6,Married,5,J&K (High Risk),0.85,6,10,3,6,1709,52.0,11,24.4,5.5,30,29,0.967,7,0,7,0,8,5.8,4.9,10.0,6.7,8.5,0.296,0
SAH-00086,48,Male,Constable,BSF,24,Married,2,HQ / Admin (Low),0.15,13,4,0,17,190,52.3,13,16.1,4.5,45,17,0.378,4,11,1,0,17,5.7,3.2,4.6,4.8,2.6,0.436,0
SAH-00087,27,Male,ASI,CISF,9,Single,0,Training Center (Low),0.2,33,7,6,32,769,48.1,2,19.8,6.6,45,10,0.222,10,2,2,0,8,3.5,3.6,8.7,4.4,5.5,0.401,0
SAH-00088,29,Male,ASI,CRPF,8,Married,4,Naxal Belt (High Risk),0.82,19,14,0,18,1700,79.1,1,22.5,7.8,30,30,1.0,4,8,1,0,15,3.6,1.6,7.7,6.4,3.4,0.456,0
SAH-00089,28,Male,Constable,CISF,6,Married,3,J&K (High Risk),0.85,15,14,0,19,2026,54.9,18,27.9,2.6,45,20,0.444,13,5,6,0,0,10.0,3.7,7.3,7.1,2.1,0.413,0
SAH-00090,32,Male,Constable,CISF,14,Married,3,Urban Posting (Low),0.25,33,2,6,36,1065,53.5,10,26.5,5.8,45,10,0.222,13,5,6,2,4,3.7,4.5,9.0,6.5,4.5,0.399,0
SAH-00091,54,Male,ASI,SSB,36,Married,5,Urban Posting (Low),0.25,10,2,3,13,337,63.2,6,23.2,5.3,30,12,0.4,10,3,3,0,18,1.8,3.3,5.6,5.2,4.7,0.354,0
SAH-00092,53,Female,Constable,BSF,33,Married,4,Training Center (Low),0.2,1,1,5,0,2452,45.3,17,11.7,5.9,30,18,0.6,0,9,6,0,2,5.2,1.8,6.2,3.2,8.0,0.384,0
SAH-00093,43,Male,Dy. Commandant,RPF,22,Married,2,J&K (High Risk),0.85,12,5,5,15,392,36.5,13,4.5,8.2,45,8,0.178,12,8,3,0,0,5.6,3.6,4.8,4.9,5.8,0.566,1
SAH-00094,44,Male,Inspector,ITBP,21,Widowed,5,J&K (High Risk),0.85,29,6,4,28,2246,62.9,6,19.5,7.1,45,20,0.444,7,11,4,1,13,4.2,3.8,1.7,6.2,5.4,0.627,1
SAH-00095,57,Male,DIG,ITBP,35,Single,1,Border Area (Moderate),0.55,17,13,0,20,2307,48.0,6,19.4,7.8,45,34,0.756,12,2,6,0,17,4.4,2.3,6.7,9.8,6.5,0.441,0
SAH-00096,55,Male,Constable,SSB,31,Married,1,Border Area (Moderate),0.55,4,6,4,4,3233,68.3,8,11.8,6.0,30,30,1.0,5,7,7,0,7,5.8,4.1,9.9,3.6,4.4,0.424,0
SAH-00097,42,Male,Commandant,AR,23,Single,0,J&K (High Risk),0.85,29,2,3,33,2751,67.6,11,4.3,4.6,30,14,0.467,5,5,7,0,13,6.7,3.5,3.7,5.3,3.8,0.448,0
SAH-00098,47,Male,Head Constable,NSG,29,Married,5,Naxal Belt (High Risk),0.82,7,12,4,11,1025,35.0,5,28.2,1.0,30,19,0.633,14,11,2,0,19,3.2,1.0,3.9,5.2,3.7,0.642,1
SAH-00099,55,Male,Head Constable,AR,32,Married,2,Border Area (Moderate),0.55,13,12,4,15,2633,52.9,6,18.4,8.3,30,22,0.733,4,1,5,0,19,5.2,2.4,7.1,1.0,3.6,0.296,0
SAH-00100,21,Male,Constable,ITBP,1,Divorced,1,Urban Posting (Low),0.25,5,7,0,4,3170,64.9,3,5.3,1.0,45,7,0.156,4,2,3,1,12,6.0,2.7,6.0,4.3,5.6,0.293,0
SAH-00101,55,Male,Constable,CISF,36,Married,2,Naxal Belt (High Risk),0.82,6,6,6,8,1873,35.0,15,14.0,8.7,45,19,0.422,13,0,0,0,15,5.5,2.9,9.5,3.1,2.1,0.276,0
SAH-00102,57,Male,SI,SSB,34,Divorced,3,Border Area (Moderate),0.55,34,8,5,36,380,56.4,6,4.3,7.0,45,35,0.778,2,2,1,0,8,4.6,3.0,5.5,4.7,4.5,0.492,0
SAH-00103,34,Male,Head Constable,CRPF,13,Single,1,Training Center (Low),0.2,7,6,1,6,414,59.9,7,20.5,9.4,30,25,0.833,11,3,5,1,6,3.9,3.8,9.6,8.5,7.7,0.21,0
SAH-00104,23,Male,Constable,BSF,2,Married,1,HQ / Admin (Low),0.15,28,9,2,28,60,51.3,7,29.8,6.0,30,13,0.433,14,5,2,0,2,9.5,3.8,7.4,6.8,5.6,0.275,0
SAH-00105,21,Male,ASI,BSF,1,Single,0,Northeast (High Risk),0.8,10,10,3,8,3309,51.4,19,13.5,6.5,45,4,0.089,2,9,3,0,19,1.3,4.6,8.8,5.8,4.8,0.586,1
SAH-00106,25,Male,Constable,RPF,1,Widowed,3,Northeast (High Risk),0.8,4,2,3,1,558,66.4,2,14.3,5.1,45,4,0.089,1,6,4,0,0,8.1,3.3,4.9,9.4,4.0,0.318,0
SAH-00107,46,Female,ASI,BSF,27,Married,5,HQ / Admin (Low),0.15,3,7,3,1,2677,35.0,8,12.8,5.7,60,38,0.633,8,2,3,3,7,3.7,4.5,6.1,8.3,3.3,0.342,0
SAH-00108,34,Male,Head Constable,CISF,13,Married,4,Naxal Belt (High Risk),0.82,25,5,2,28,1518,62.0,18,13.2,4.1,30,19,0.633,7,10,0,0,13,6.5,3.9,6.8,3.9,7.5,0.487,0
SAH-00109,47,Male,Inspector,CRPF,25,Married,2,Urban Posting (Low),0.25,23,1,1,24,1163,57.5,12,8.8,5.3,45,29,0.644,10,6,3,0,12,6.2,4.2,7.2,1.8,5.2,0.336,0
SAH-00110,29,Male,Inspector,SSB,8,Single,1,Border Area (Moderate),0.55,27,3,5,32,671,67.6,6,26.1,3.8,45,36,0.8,2,3,2,0,6,3.9,4.6,5.0,1.0,4.0,0.476,0
SAH-00111,35,Male,Head Constable,SSB,14,Single,0,Northeast (High Risk),0.8,14,4,4,13,950,40.6,19,16.6,5.6,60,60,1.0,4,0,4,0,12,5.6,2.7,5.5,3.7,4.4,0.429,0
SAH-00112,35,Male,Head Constable,BSF,12,Married,2,Urban Posting (Low),0.25,32,12,5,30,1521,69.7,14,15.5,5.4,60,60,1.0,14,0,6,0,6,5.2,2.9,9.6,4.4,3.2,0.424,0
SAH-00113,46,Male,Head Constable,CRPF,23,Married,2,Urban Posting (Low),0.25,23,2,7,23,2815,35.3,18,13.2,5.5,60,48,0.8,9,7,7,1,19,6.1,1.0,8.3,8.6,5.2,0.4,0
SAH-00114,33,Male,Inspector,CRPF,12,Single,0,Border Area (Moderate),0.55,3,7,3,1,3153,48.0,1,4.8,5.3,60,36,0.6,14,9,4,0,19,8.6,4.1,4.0,7.9,5.2,0.35,0
SAH-00115,52,Male,Head Constable,CRPF,32,Married,3,J&K (High Risk),0.85,35,1,4,38,376,38.0,11,22.5,4.3,45,10,0.222,4,6,0,1,4,8.8,4.0,7.0,7.3,6.2,0.444,0
SAH-00116,52,Male,Constable,ITBP,29,Married,1,HQ / Admin (Low),0.15,13,3,0,15,123,60.7,7,26.4,6.6,30,14,0.467,7,3,7,0,3,4.5,3.1,8.9,4.5,2.0,0.34,0
SAH-00117,24,Male,Constable,ITBP,5,Single,0,Naxal Belt (High Risk),0.82,34,12,5,38,300,42.9,7,0.1,6.1,45,30,0.667,5,0,2,2,3,6.7,3.8,5.0,5.1,5.3,0.478,0
SAH-00118,50,Male,Head Constable,BSF,28,Married,5,Border Area (Moderate),0.55,24,9,0,25,2547,65.6,12,20.7,6.1,30,30,1.0,6,5,0,3,5,8.0,4.1,7.6,4.7,6.1,0.474,0
SAH-00119,57,Female,Head Constable,CRPF,35,Single,0,Training Center (Low),0.2,1,11,0,0,955,35.0,0,21.9,3.6,30,6,0.2,4,10,0,0,13,5.1,3.0,7.6,9.9,4.7,0.235,0
SAH-00120,43,Male,Inspector,NSG,19,Married,4,Naxal Belt (High Risk),0.82,12,14,6,12,2452,46.7,9,25.3,6.8,45,40,0.889,11,11,0,0,2,7.2,3.4,3.1,4.2,7.7,0.566,1
SAH-00121,35,Male,Constable,CRPF,16,Widowed,1,Urban Posting (Low),0.25,8,2,5,5,582,73.4,8,24.6,4.0,45,45,1.0,0,10,3,1,2,10.0,3.0,4.9,3.9,6.3,0.278,0
SAH-00122,49,Female,Head Constable,SSB,30,Divorced,3,HQ / Admin (Low),0.15,19,5,3,17,345,42.9,1,36.1,4.5,45,40,0.889,7,9,1,0,2,3.7,2.9,5.4,6.6,7.2,0.319,0
SAH-00123,56,Male,Inspector,SSB,37,Married,5,Naxal Belt (High Risk),0.82,9,4,2,9,347,64.7,18,18.2,5.7,30,26,0.867,3,6,3,0,3,7.0,2.3,6.5,3.6,2.9,0.45,0
SAH-00124,33,Male,Inspector,BSF,9,Single,2,Naxal Belt (High Risk),0.82,28,12,3,30,1401,60.4,13,22.9,7.8,45,16,0.356,4,5,2,3,8,4.0,1.6,5.4,6.6,1.4,0.539,1
SAH-00125,52,Male,Head Constable,NSG,33,Widowed,5,HQ / Admin (Low),0.15,14,3,0,14,351,36.3,9,15.1,3.1,60,6,0.1,0,11,5,0,15,4.7,1.7,7.3,6.1,5.6,0.301,0
SAH-00126,27,Male,Head Constable,CRPF,9,Married,2,J&K (High Risk),0.85,27,5,0,27,561,54.5,9,8.6,3.5,45,14,0.311,2,5,0,0,18,5.0,2.9,5.9,4.0,1.0,0.539,1
SAH-00127,42,Male,Head Constable,AR,18,Single,0,J&K (High Risk),0.85,18,6,3,16,3459,70.3,7,20.7,1.6,45,40,0.889,14,7,0,1,15,6.9,1.9,3.4,4.8,3.8,0.434,0
SAH-00128,48,Male,Dy. Commandant,NSG,26,Divorced,3,HQ / Admin (Low),0.15,6,1,2,11,634,47.1,13,23.0,6.5,45,9,0.2,1,5,1,0,11,10.0,2.1,1.1,3.8,4.9,0.359,0
SAH-00129,22,Male,Constable,RPF,4,Married,3,Training Center (Low),0.2,33,2,2,37,2471,43.7,12,17.7,4.8,60,23,0.383,11,1,4,0,5,4.8,2.2,5.4,7.5,6.5,0.332,0
SAH-00130,26,Female,Dy. Commandant,BSF,2,Married,5,HQ / Admin (Low),0.15,25,1,6,29,1167,55.9,5,1.7,6.3,30,19,0.633,1,6,0,0,19,8.0,2.7,6.8,5.2,5.2,0.288,0
SAH-00131,48,Male,SI,SSB,27,Married,2,J&K (High Risk),0.85,13,3,4,14,2229,49.4,12,3.4,6.2,30,20,0.667,12,9,7,0,2,4.2,4.1,6.5,5.1,7.9,0.375,0
SAH-00132,48,Male,ASI,AR,27,Married,3,J&K (High Risk),0.85,23,8,1,22,1684,35.0,2,21.1,7.1,30,19,0.633,0,3,3,2,4,5.1,1.0,4.3,7.1,3.6,0.476,0
SAH-00133,40,Male,Constable,SSB,18,Married,4,J&K (High Risk),0.85,33,8,0,35,959,49.3,19,12.1,5.5,30,30,1.0,5,10,6,2,6,8.6,3.0,8.2,6.9,3.2,0.649,1
SAH-00134,50,Male,Head Constable,ITBP,29,Married,5,Urban Posting (Low),0.25,21,4,7,26,1983,46.2,12,17.8,4.1,30,3,0.1,14,10,0,0,4,7.9,2.1,5.7,6.0,9.5,0.365,0
SAH-00135,31,Male,Head Constable,BSF,12,Married,2,Border Area (Moderate),0.55,34,6,2,38,102,50.4,18,18.9,6.0,45,26,0.578,14,2,2,1,8,5.2,3.0,8.2,7.6,4.7,0.499,0
SAH-00136,48,Female,Constable,BSF,24,Married,4,Naxal Belt (High Risk),0.82,17,12,5,20,1569,35.0,15,14.1,6.3,30,18,0.6,7,7,6,0,14,4.8,2.4,8.3,5.2,5.3,0.53,1
SAH-00137,45,Male,ASI,CRPF,27,Married,5,J&K (High Risk),0.85,10,9,6,14,2326,56.4,3,13.0,4.8,30,11,0.367,2,9,1,0,19,6.9,2.8,8.1,3.7,3.9,0.492,0
SAH-00138,53,Male,DIG,CRPF,34,Married,2,Border Area (Moderate),0.55,23,14,0,23,2737,35.0,2,14.0,5.7,30,18,0.6,0,11,5,0,5,4.7,1.5,7.8,5.8,3.2,0.348,0
SAH-00139,21,Male,ASI,ITBP,1,Married,4,Border Area (Moderate),0.55,2,7,1,4,3333,61.0,14,19.7,2.8,60,46,0.767,13,11,4,0,7,5.0,3.4,4.1,5.4,4.7,0.443,0
SAH-00140,47,Female,SI,AR,24,Married,3,J&K (High Risk),0.85,35,2,5,36,2894,64.9,14,18.8,3.0,45,34,0.756,9,4,5,0,19,5.2,3.1,6.1,8.4,7.1,0.504,1
SAH-00141,33,Male,Constable,RPF,15,Married,5,HQ / Admin (Low),0.15,14,11,0,12,840,35.0,17,8.6,2.2,30,5,0.167,1,3,2,0,4,5.6,3.2,9.5,5.0,4.6,0.275,0
SAH-00142,23,Male,Head Constable,CISF,4,Married,5,Northeast (High Risk),0.8,2,2,6,6,1577,67.5,6,14.9,6.1,30,27,0.9,2,10,3,0,16,4.8,4.0,6.0,8.7,1.0,0.351,0
SAH-00143,26,Male,Constable,NSG,2,Married,3,Urban Posting (Low),0.25,19,3,6,18,544,50.6,19,6.5,7.0,30,30,1.0,5,3,5,0,9,2.7,1.6,3.4,3.1,2.8,0.485,0
SAH-00144,28,Male,ASI,CISF,6,Married,1,Training Center (Low),0.2,16,8,2,17,902,64.9,4,19.1,2.6,45,10,0.222,13,4,2,3,0,9.1,1.9,7.9,5.0,8.8,0.372,0
SAH-00145,47,Male,Dy. Commandant,CISF,28,Married,4,Border Area (Moderate),0.55,25,10,4,29,2768,63.2,7,11.3,5.8,45,23,0.511,2,11,5,3,15,7.6,4.7,7.6,4.9,1.0,0.468,0
SAH-00146,29,Female,ASI,BSF,6,Single,0,Northeast (High Risk),0.8,1,9,3,6,3354,35.0,9,20.8,6.4,60,36,0.6,8,3,0,1,0,5.8,3.5,6.3,4.9,3.5,0.421,0
SAH-00147,57,Male,Constable,NSG,36,Married,5,Naxal Belt (High Risk),0.82,2,13,7,7,1144,41.8,0,13.1,4.7,45,10,0.222,11,2,1,0,2,4.5,1.1,5.9,7.8,5.9,0.406,0
SAH-00148,53,Male,Head Constable,BSF,35,Married,4,Training Center (Low),0.2,27,14,6,28,2286,71.4,10,24.2,8.7,60,36,0.6,0,3,7,0,5,8.4,2.8,7.0,4.6,5.9,0.386,0
SAH-00149,44,Male,ASI,RPF,22,Married,4,Northeast (High Risk),0.8,2,3,5,0,712,37.1,2,25.7,2.6,30,9,0.3,6,9,0,0,16,6.9,4.1,8.0,7.5,6.0,0.398,0
SAH-00150,35,Male,Head Constable,NSG,17,Widowed,1,Urban Posting (Low),0.25,30,9,3,33,57,56.3,2,18.6,4.7,60,60,1.0,9,4,1,0,1,4.7,5.0,6.7,5.3,6.8,0.344,0
SAH-00151,52,Male,Inspector,SSB,30,Single,0,HQ / Admin (Low),0.15,10,12,2,13,2429,42.9,14,12.1,1.0,45,24,0.533,7,11,3,0,4,7.0,4.6,7.7,5.3,4.6,0.247,0
SAH-00152,52,Male,Inspector,BSF,28,Married,2,HQ / Admin (Low),0.15,19,12,7,23,3137,41.2,16,7.5,6.2,30,30,1.0,8,1,2,0,10,6.2,2.5,9.8,2.8,3.0,0.274,0
SAH-00153,44,Male,ASI,BSF,26,Married,1,Border Area (Moderate),0.55,16,10,2,20,715,51.8,17,22.7,4.0,30,4,0.133,7,6,5,0,9,6.3,2.9,6.0,8.0,4.6,0.463,0
SAH-00154,32,Male,Head Constable,BSF,11,Single,0,Training Center (Low),0.2,13,12,7,14,718,78.3,7,14.5,1.5,45,10,0.222,4,4,1,1,14,7.7,1.2,10.0,8.6,7.4,0.313,0
SAH-00155,22,Male,Constable,AR,1,Divorced,2,HQ / Admin (Low),0.15,8,8,7,5,3214,61.2,12,15.4,6.7,30,16,0.533,0,8,2,0,17,7.0,3.1,10.0,3.0,1.7,0.431,0
SAH-00156,23,Female,Constable,ITBP,1,Married,2,Naxal Belt (High Risk),0.82,31,5,5,31,1335,39.4,9,11.9,5.2,45,43,0.956,14,5,6,0,16,7.7,3.2,5.6,8.7,4.1,0.384,0
SAH-00157,57,Female,Head Constable,BSF,35,Married,1,Northeast (High Risk),0.8,25,11,1,25,210,54.3,2,3.9,4.9,45,29,0.644,0,10,5,0,13,9.7,3.9,10.0,2.6,5.0,0.325,0
SAH-00158,37,Male,Head Constable,RPF,17,Married,4,J&K (High Risk),0.85,21,10,7,20,2448,35.0,19,23.6,7.8,30,24,0.8,13,0,7,0,12,7.2,1.0,5.4,5.2,3.7,0.507,1
SAH-00159,22,Male,SI,CRPF,4,Married,3,J&K (High Risk),0.85,29,3,6,33,3295,35.0,13,14.3,3.9,30,15,0.5,14,8,6,0,19,10.0,2.1,10.0,5.3,4.0,0.536,1
SAH-00160,22,Male,ASI,CRPF,4,Married,3,Training Center (Low),0.2,6,11,5,5,2414,54.0,12,0.1,6.8,60,8,0.133,7,4,6,0,1,8.4,2.8,6.0,4.9,5.8,0.378,0
SAH-00161,48,Male,Constable,NSG,29,Single,1,Border Area (Moderate),0.55,18,7,0,19,986,60.6,2,13.9,7.1,30,22,0.733,6,8,7,1,11,5.5,3.9,7.5,7.7,5.3,0.427,0
SAH-00162,43,Male,Head Constable,SSB,21,Married,4,Training Center (Low),0.2,35,9,1,33,67,70.7,12,4.2,4.4,30,22,0.733,4,0,1,0,10,3.0,2.6,7.5,7.0,6.9,0.384,0
SAH-00163,57,Male,Constable,ITBP,34,Married,2,Urban Posting (Low),0.25,27,12,7,29,2583,56.5,19,19.7,5.5,30,5,0.167,9,1,0,0,18,8.4,5.0,5.7,2.1,6.1,0.517,1
SAH-00164,52,Male,Constable,AR,32,Married,1,Urban Posting (Low),0.25,5,6,3,7,2464,52.1,8,18.6,8.9,60,16,0.267,2,2,1,0,11,3.4,1.9,7.4,8.4,7.1,0.233,0
SAH-00165,53,Male,Inspector,NSG,32,Married,5,Border Area (Moderate),0.55,7,3,0,11,400,47.9,15,27.1,3.5,45,25,0.556,8,11,1,0,3,6.3,2.5,8.8,8.8,3.7,0.339,0
SAH-00166,21,Male,Constable,CRPF,2,Married,4,J&K (High Risk),0.85,10,5,1,14,2625,58.3,7,3.2,6.6,30,16,0.533,3,4,4,0,9,7.4,1.9,6.7,6.9,10.0,0.443,0
SAH-00167,39,Male,Head Constable,ITBP,19,Married,5,Training Center (Low),0.2,10,7,3,7,921,37.4,11,26.5,5.6,30,25,0.833,13,5,5,0,11,3.9,2.8,7.0,4.8,1.6,0.343,0
SAH-00168,22,Male,Constable,ITBP,1,Married,5,Naxal Belt (High Risk),0.82,28,8,0,29,1508,43.9,11,19.2,8.0,30,14,0.467,5,4,5,0,6,4.7,3.5,8.1,5.9,6.6,0.54,1
SAH-00169,46,Male,Inspector,SSB,26,Married,1,Border Area (Moderate),0.55,10,13,4,8,3030,37.8,18,4.1,5.4,30,22,0.733,10,0,6,1,5,3.9,3.2,4.3,4.9,3.0,0.356,0
SAH-00170,52,Male,ASI,RPF,28,Married,4,J&K (High Risk),0.85,35,14,6,36,2367,45.7,16,29.6,6.9,45,36,0.8,3,3,3,0,7,10.0,2.1,6.7,7.5,1.7,0.555,1
SAH-00171,26,Male,Constable,ITBP,8,Widowed,5,HQ / Admin (Low),0.15,35,12,5,40,2968,43.3,14,14.0,2.3,30,22,0.733,8,5,5,0,10,7.5,4.2,9.0,1.9,8.3,0.355,0
SAH-00172,52,Male,Head Constable,BSF,28,Married,4,HQ / Admin (Low),0.15,20,4,5,20,1141,42.5,17,5.5,1.2,45,31,0.689,3,3,0,0,5,4.6,4.4,5.9,6.3,4.3,0.352,0
SAH-00173,24,Male,SI,ITBP,6,Married,3,Border Area (Moderate),0.55,13,2,5,17,1103,44.3,6,23.3,3.4,45,40,0.889,13,3,0,0,2,2.9,2.3,7.7,7.8,2.4,0.332,0
SAH-00174,31,Male,Commandant,SSB,12,Married,5,Border Area (Moderate),0.55,11,10,7,8,365,54.5,12,6.3,4.6,30,22,0.733,7,4,2,0,19,4.3,5.0,3.2,5.0,4.2,0.416,0
SAH-00175,37,Male,Constable,NSG,15,Married,5,Urban Posting (Low),0.25,19,2,4,23,1894,67.2,18,24.2,4.8,60,56,0.933,10,7,1,0,18,4.7,1.9,6.7,6.6,3.6,0.504,1
SAH-00176,44,Male,Inspector,SSB,22,Married,4,Northeast (High Risk),0.8,28,12,6,30,786,55.5,15,13.5,7.7,30,22,0.733,11,4,1,1,0,4.9,3.0,6.2,2.0,4.7,0.589,1
SAH-00177,25,Male,Dy. Commandant,AR,5,Married,3,Northeast (High Risk),0.8,4,3,1,8,2261,45.1,10,12.2,4.7,30,7,0.233,11,6,5,0,3,7.6,3.0,6.6,3.6,4.3,0.411,0
SAH-00178,54,Male,Dy. Commandant,SSB,35,Married,5,Urban Posting (Low),0.25,19,8,6,21,3023,57.3,4,4.6,5.5,60,24,0.4,2,7,1,0,18,3.2,1.9,6.2,6.3,2.3,0.485,0
SAH-00179,26,Male,ASI,CRPF,4,Married,1,J&K (High Risk),0.85,14,1,2,13,369,53.3,1,6.7,5.8,30,12,0.4,7,5,0,0,19,8.2,3.2,9.0,6.4,5.1,0.447,0
SAH-00180,42,Male,ASI,BSF,19,Married,4,Border Area (Moderate),0.55,31,14,0,35,1087,54.0,0,16.3,4.2,30,5,0.167,14,5,4,1,16,2.4,2.9,4.7,4.3,5.0,0.49,0
SAH-00181,31,Female,Head Constable,RPF,8,Married,4,Border Area (Moderate),0.55,28,7,1,29,2376,51.7,15,1.9,5.5,30,23,0.767,10,1,2,0,18,5.9,3.4,5.8,6.1,8.2,0.464,0
SAH-00182,36,Male,SI,CRPF,12,Married,5,Naxal Belt (High Risk),0.82,19,6,2,20,481,72.7,4,20.5,7.6,30,20,0.667,2,9,1,0,13,4.6,3.0,4.9,5.4,7.9,0.514,1
SAH-00183,53,Male,ASI,NSG,35,Married,3,Northeast (High Risk),0.8,1,14,5,4,2765,53.2,6,10.8,6.1,60,41,0.683,13,4,4,0,9,8.0,3.8,3.9,1.8,5.0,0.523,1
SAH-00184,29,Male,SI,CISF,9,Married,5,Naxal Belt (High Risk),0.82,23,2,5,25,683,45.3,8,11.8,6.7,30,17,0.567,10,0,5,0,8,8.9,3.6,6.4,5.0,5.9,0.455,0
SAH-00185,26,Male,Head Constable,NSG,5,Single,1,Naxal Belt (High Risk),0.82,28,9,5,33,3384,42.7,3,19.7,6.2,30,19,0.633,4,8,7,0,15,7.6,2.0,4.6,6.9,2.9,0.42,0
SAH-00186,36,Male,SI,BSF,18,Married,5,Border Area (Moderate),0.55,4,13,2,7,1755,62.8,18,13.4,8.8,45,4,0.089,0,6,3,0,14,6.9,2.7,7.0,8.2,6.3,0.428,0
SAH-00187,49,Male,Inspector,ITBP,30,Single,0,Urban Posting (Low),0.25,18,12,0,17,2619,37.8,19,24.8,3.4,30,5,0.167,5,1,0,0,15,5.5,2.2,7.0,5.0,10.0,0.494,0
SAH-00188,23,Male,Constable,SSB,1,Married,1,HQ / Admin (Low),0.15,25,5,0,26,3061,68.3,14,0.0,10.0,60,47,0.783,14,5,3,1,17,8.7,4.7,6.8,6.3,2.7,0.394,0
SAH-00189,40,Male,Inspector,CISF,22,Married,4,J&K (High Risk),0.85,18,2,2,23,3293,35.0,6,21.4,7.5,30,10,0.333,10,9,7,0,9,4.0,4.0,7.7,5.8,3.8,0.395,0
SAH-00190,56,Male,ASI,BSF,35,Married,4,Training Center (Low),0.2,6,3,3,4,2455,66.7,17,15.2,7.9,30,6,0.2,1,8,0,0,2,6.9,3.3,1.8,6.6,5.5,0.403,0
SAH-00191,39,Male,Inspector,CRPF,18,Divorced,3,Northeast (High Risk),0.8,19,7,5,16,1086,61.6,4,9.7,8.1,30,12,0.4,11,11,2,0,6,8.2,3.5,9.5,4.2,5.4,0.467,0
SAH-00192,46,Male,Head Constable,SSB,23,Divorced,5,Border Area (Moderate),0.55,12,7,1,16,774,46.7,12,22.6,7.6,30,10,0.333,2,4,7,0,6,7.8,2.9,6.4,5.4,5.2,0.356,0
SAH-00193,23,Male,Head Constable,NSG,4,Married,1,Border Area (Moderate),0.55,25,10,0,29,722,43.0,2,19.7,2.9,30,3,0.1,10,2,5,0,19,7.1,3.2,7.9,6.6,3.6,0.383,0
SAH-00194,39,Male,Dy. Commandant,CRPF,21,Single,0,Border Area (Moderate),0.55,35,1,6,33,2329,66.8,5,16.8,3.2,30,15,0.5,0,10,3,1,10,7.0,2.3,4.5,6.3,2.2,0.459,0
SAH-00195,40,Male,Constable,BSF,20,Married,3,Urban Posting (Low),0.25,1,10,2,5,520,73.6,11,13.0,6.9,45,5,0.111,10,9,2,0,2,7.8,2.3,4.0,6.7,3.3,0.322,0
SAH-00196,52,Male,Inspector,BSF,34,Married,1,Naxal Belt (High Risk),0.82,5,14,7,6,3281,44.6,17,9.4,6.7,30,3,0.1,5,10,6,1,17,5.7,3.6,7.5,7.1,6.7,0.504,1
SAH-00197,27,Male,Head Constable,NSG,4,Single,1,Naxal Belt (High Risk),0.82,1,11,3,0,2736,59.0,17,6.4,7.3,30,26,0.867,4,3,6,0,11,8.9,1.9,7.9,5.8,9.1,0.411,0
SAH-00198,53,Female,Head Constable,CISF,29,Married,2,Training Center (Low),0.2,8,11,4,11,2657,63.8,3,25.9,5.6,30,12,0.4,9,2,2,1,16,10.0,2.3,4.0,6.1,6.1,0.327,0
SAH-00199,38,Male,Head Constable,NSG,17,Single,0,Northeast (High Risk),0.8,18,12,7,21,3382,59.2,19,21.6,2.9,45,30,0.667,1,0,2,0,8,2.3,2.8,7.7,4.4,4.3,0.563,1
SAH-00200,21,Male,ASI,ITBP,2,Married,4,Northeast (High Risk),0.8,9,4,7,8,2670,52.7,13,19.5,5.3,30,11,0.367,14,9,3,0,4,5.2,1.5,7.9,7.2,6.7,0.487,0
SAH-00201,31,Male,Head Constable,CRPF,12,Single,2,J&K (High Risk),0.85,5,6,2,2,651,47.3,13,11.6,7.0,30,30,1.0,10,10,3,0,17,3.8,4.0,7.8,3.3,2.3,0.486,0
SAH-00202,48,Male,Constable,CISF,28,Single,1,Northeast (High Risk),0.8,4,8,6,4,1432,55.3,0,31.3,5.0,60,49,0.817,7,6,7,0,8,4.7,3.7,6.8,6.7,4.9,0.319,0
SAH-00203,45,Male,Constable,SSB,26,Single,0,Border Area (Moderate),0.55,29,3,3,27,2352,35.0,10,9.4,5.5,30,14,0.467,8,7,3,0,12,6.2,3.4,7.1,5.8,3.8,0.461,0
SAH-00204,43,Female,Constable,AR,20,Divorced,3,Border Area (Moderate),0.55,1,14,4,1,2699,68.1,8,12.0,5.6,30,9,0.3,13,1,6,0,2,6.9,2.6,9.9,4.1,4.4,0.377,0
SAH-00205,51,Male,DIG,ITBP,28,Married,1,Northeast (High Risk),0.8,30,3,3,34,1588,35.0,17,29.5,4.5,30,7,0.233,13,7,6,3,3,5.7,4.2,5.3,4.2,3.9,0.551,1
SAH-00206,50,Male,Commandant,CISF,27,Married,2,J&K (High Risk),0.85,1,8,0,0,329,41.9,4,14.6,3.9,30,25,0.833,2,11,1,1,17,7.3,3.4,8.3,5.9,2.8,0.279,0
SAH-00207,55,Male,Head Constable,AR,36,Married,2,Urban Posting (Low),0.25,3,8,7,0,2214,48.0,9,28.9,9.7,45,24,0.533,11,8,7,1,19,4.5,4.0,7.3,5.0,8.4,0.449,0
SAH-00208,27,Female,SI,AR,8,Married,1,Urban Posting (Low),0.25,22,8,2,21,2707,40.0,14,18.0,8.6,30,9,0.3,5,6,2,0,14,5.2,4.0,3.8,4.6,3.8,0.427,0
SAH-00209,36,Male,Head Constable,CRPF,13,Married,1,HQ / Admin (Low),0.15,8,1,6,11,1235,38.5,9,10.9,7.6,30,30,1.0,5,10,5,1,19,7.3,2.5,3.7,6.3,3.7,0.224,0
SAH-00210,46,Male,SI,BSF,27,Married,3,HQ / Admin (Low),0.15,18,8,4,20,2949,68.9,15,13.4,6.3,30,14,0.467,13,0,1,0,5,5.3,2.1,6.8,2.1,4.9,0.403,0
SAH-00211,22,Male,Inspector,SSB,3,Married,1,HQ / Admin (Low),0.15,25,8,3,27,1960,73.6,3,9.3,3.5,60,38,0.633,9,3,0,0,8,3.4,2.0,3.3,5.7,5.4,0.501,1
SAH-00212,21,Male,Commandant,NSG,1,Married,3,Urban Posting (Low),0.25,20,2,7,23,2063,70.6,3,20.5,7.3,30,28,0.933,5,6,7,0,10,10.0,3.1,1.7,4.8,8.2,0.42,0
SAH-00213,32,Male,Head Constable,CRPF,14,Married,5,Border Area (Moderate),0.55,31,12,4,35,2395,62.0,7,24.8,7.7,45,42,0.933,7,5,6,0,12,7.9,1.0,10.0,3.0,5.3,0.474,0
SAH-00214,25,Male,SI,ITBP,3,Divorced,2,J&K (High Risk),0.85,30,9,7,29,965,81.6,5,18.7,4.8,30,22,0.733,11,10,3,0,3,6.3,1.9,4.6,4.8,6.1,0.584,1
SAH-00215,57,Male,Constable,RPF,38,Single,0,Border Area (Moderate),0.55,16,7,1,15,3418,48.8,10,17.3,3.4,45,44,0.978,4,7,5,0,14,7.8,2.3,8.3,2.9,1.3,0.468,0
SAH-00216,52,Male,IG,AR,30,Divorced,2,J&K (High Risk),0.85,2,8,6,6,1667,47.7,12,6.7,6.4,45,45,1.0,9,5,7,0,16,6.8,2.4,7.0,7.9,5.6,0.399,0
SAH-00217,29,Male,Constable,ITBP,5,Single,1,Training Center (Low),0.2,17,2,2,20,1431,52.1,18,23.7,7.6,30,30,1.0,9,9,4,1,11,2.8,3.6,10.0,6.9,3.5,0.458,0
SAH-00218,55,Male,ASI,AR,33,Married,5,Border Area (Moderate),0.55,10,4,0,11,1733,69.1,10,21.7,4.2,30,13,0.433,12,5,0,2,5,6.3,1.6,10.0,7.2,3.5,0.379,0
SAH-00219,39,Male,ASI,BSF,18,Married,4,Urban Posting (Low),0.25,7,7,7,7,2615,59.0,1,17.2,6.6,30,14,0.467,7,9,2,0,6,4.6,1.3,7.6,6.5,2.6,0.308,0
SAH-00220,36,Male,SI,RPF,17,Married,3,J&K (High Risk),0.85,9,6,4,11,2475,72.7,2,12.6,3.7,30,10,0.333,11,5,6,0,16,6.2,1.3,3.7,1.2,4.3,0.493,0
SAH-00221,23,Male,Constable,BSF,1,Married,3,Border Area (Moderate),0.55,17,7,5,22,475,52.8,14,15.4,3.2,30,28,0.933,2,6,6,1,10,6.8,3.5,9.6,3.1,5.8,0.411,0
SAH-00222,40,Male,Dy. Commandant,SSB,18,Married,4,Naxal Belt (High Risk),0.82,9,1,3,11,1837,35.0,12,7.7,5.9,30,6,0.2,6,4,2,0,11,7.9,2.4,4.0,7.3,5.9,0.506,1
SAH-00223,44,Male,Constable,NSG,25,Married,2,Northeast (High Risk),0.8,9,8,5,13,2634,43.9,9,3.2,3.9,30,13,0.433,0,11,7,2,12,4.0,2.4,8.6,9.4,5.4,0.426,0
SAH-00224,53,Male,ASI,SSB,33,Married,3,Naxal Belt (High Risk),0.82,24,13,4,21,602,64.3,4,12.6,6.4,30,3,0.1,3,10,7,2,0,4.1,4.7,4.5,6.3,3.8,0.43,0
SAH-00225,44,Male,Constable,BSF,20,Married,3,J&K (High Risk),0.85,11,7,6,13,218,46.1,10,8.1,2.3,45,31,0.689,4,8,5,0,17,5.1,3.4,5.5,8.3,3.6,0.54,1
SAH-00226,31,Male,Head Constable,BSF,8,Married,2,Border Area (Moderate),0.55,8,13,5,6,564,53.1,13,10.9,3.8,30,22,0.733,6,6,1,0,18,8.9,2.3,10.0,3.9,4.2,0.36,0
SAH-00227,28,Male,ASI,ITBP,8,Married,1,Border Area (Moderate),0.55,25,4,3,24,3485,55.0,19,11.1,7.6,30,10,0.333,13,0,6,3,10,5.3,1.6,7.0,4.3,5.2,0.492,0
SAH-00228,56,Male,Head Constable,BSF,36,Married,1,Training Center (Low),0.2,2,1,4,4,1756,73.7,14,14.4,6.9,45,37,0.822,5,10,3,2,17,7.1,4.9,4.9,6.8,1.9,0.402,0
SAH-00229,40,Male,Constable,RPF,18,Married,4,Naxal Belt (High Risk),0.82,10,8,0,8,479,62.6,12,13.9,6.3,45,21,0.467,12,11,6,0,9,5.9,3.2,6.1,3.9,4.5,0.656,1
SAH-00230,55,Male,Constable,RPF,35,Married,5,Naxal Belt (High Risk),0.82,24,10,0,24,2666,60.2,2,0.0,4.6,60,24,0.4,5,11,5,0,5,5.2,2.6,7.0,2.3,4.3,0.478,0
SAH-00231,45,Male,Head Constable,CISF,24,Married,3,HQ / Admin (Low),0.15,16,7,2,18,2180,53.9,8,17.8,5.5,45,45,1.0,12,8,3,0,1,6.3,3.2,4.8,7.0,5.7,0.328,0
SAH-00232,55,Male,SI,AR,34,Married,3,Border Area (Moderate),0.55,19,8,0,20,2427,42.0,7,16.1,5.1,45,30,0.667,14,10,6,0,4,7.6,2.6,7.8,4.1,10.0,0.428,0
SAH-00233,45,Male,Dy. Commandant,CRPF,23,Single,0,Border Area (Moderate),0.55,31,10,4,33,740,54.9,14,22.7,10.0,30,10,0.333,1,5,0,2,9,7.3,3.5,4.9,1.6,5.0,0.583,1
SAH-00234,49,Male,Constable,BSF,30,Married,4,Border Area (Moderate),0.55,11,1,6,13,3254,78.1,0,13.3,6.1,45,45,1.0,10,10,5,1,14,3.6,1.3,2.2,7.8,5.0,0.394,0
SAH-00235,38,Male,Head Constable,SSB,20,Single,0,Training Center (Low),0.2,6,5,4,10,2554,58.2,1,23.7,4.0,45,21,0.467,1,7,0,0,13,6.7,2.6,6.1,6.5,6.3,0.394,0
SAH-00236,38,Male,Constable,NSG,19,Married,2,Naxal Belt (High Risk),0.82,6,9,0,11,402,45.4,8,13.8,5.3,45,33,0.733,1,8,0,0,5,9.3,1.9,5.3,6.9,4.6,0.348,0
SAH-00237,22,Male,Constable,AR,3,Married,2,Naxal Belt (High Risk),0.82,32,5,1,33,2441,47.0,16,17.7,2.1,30,24,0.8,9,10,7,1,13,6.6,2.9,6.8,7.0,5.9,0.504,1
SAH-00238,55,Male,ASI,AR,36,Divorced,5,Urban Posting (Low),0.25,13,13,4,15,1167,69.0,8,7.7,1.7,45,23,0.511,12,10,4,0,13,8.3,2.0,6.1,7.4,7.6,0.291,0
SAH-00239,36,Male,ASI,NSG,17,Married,3,J&K (High Risk),0.85,3,14,2,5,1455,45.6,0,24.1,8.4,45,28,0.622,11,1,4,0,11,9.5,2.4,8.2,6.5,4.4,0.331,0
SAH-00240,56,Male,Constable,NSG,33,Single,1,Training Center (Low),0.2,35,14,1,37,2859,49.6,7,25.4,6.0,30,10,0.333,7,1,2,0,3,6.3,2.4,7.9,2.5,8.0,0.488,0
SAH-00241,53,Male,Constable,AR,35,Widowed,3,Naxal Belt (High Risk),0.82,17,10,0,15,1368,38.3,4,30.1,4.6,45,25,0.556,6,4,7,0,11,5.9,3.3,2.5,3.3,5.4,0.468,0
SAH-00242,24,Male,Constable,CISF,1,Married,3,Border Area (Moderate),0.55,3,12,6,3,2295,48.7,10,10.7,5.4,30,12,0.4,0,4,6,1,16,6.9,2.6,6.4,7.5,6.6,0.381,0
SAH-00243,53,Male,Inspector,SSB,33,Married,4,Urban Posting (Low),0.25,34,3,3,31,128,57.7,5,19.2,5.3,45,29,0.644,8,11,2,1,18,8.6,2.0,5.6,6.6,7.1,0.284,0
SAH-00244,34,Male,DIG,CISF,10,Married,1,Northeast (High Risk),0.8,12,9,4,9,727,48.4,16,3.5,5.6,45,34,0.756,10,9,2,0,15,5.7,3.4,5.9,5.2,7.6,0.412,0
SAH-00245,41,Male,Constable,BSF,22,Divorced,3,Training Center (Low),0.2,24,13,3,21,600,52.3,17,0.0,7.8,30,21,0.7,10,9,7,0,17,3.7,5.0,2.9,2.1,7.3,0.455,0
SAH-00246,40,Female,Constable,CRPF,16,Married,1,HQ / Admin (Low),0.15,6,9,5,9,869,38.2,17,19.5,6.6,45,39,0.867,7,1,5,0,5,6.7,2.6,1.0,3.8,7.8,0.277,0
SAH-00247,28,Female,Inspector,NSG,7,Widowed,2,Border Area (Moderate),0.55,11,4,2,8,263,45.3,4,14.1,4.7,60,8,0.133,12,9,3,0,8,7.9,4.3,9.5,4.9,5.3,0.391,0
SAH-00248,27,Male,Dy. Commandant,RPF,5,Single,0,HQ / Admin (Low),0.15,27,4,1,29,1716,77.6,4,4.7,2.0,30,5,0.167,8,3,2,1,18,6.8,1.5,6.0,4.0,3.6,0.481,0
SAH-00249,23,Male,Head Constable,SSB,1,Single,1,J&K (High Risk),0.85,24,11,7,22,718,50.4,18,16.4,3.5,30,9,0.3,3,8,1,0,11,6.9,2.2,7.1,3.4,5.2,0.605,1
SAH-00250,37,Male,Constable,NSG,14,Married,3,Training Center (Low),0.2,18,8,3,20,1038,56.4,12,22.5,7.0,45,45,1.0,4,3,0,2,10,5.9,4.3,5.1,6.2,2.8,0.26,0
SAH-00251,53,Male,Constable,CISF,30,Married,2,Naxal Belt (High Risk),0.82,27,7,7,29,943,42.4,6,15.5,8.6,30,27,0.9,10,0,5,0,15,5.5,3.2,3.6,8.4,4.3,0.449,0
SAH-00252,32,Male,ASI,ITBP,11,Married,4,Naxal Belt (High Risk),0.82,21,11,2,20,208,52.6,13,24.8,3.7,30,30,1.0,4,4,3,0,1,8.5,2.3,5.4,6.8,3.8,0.34,0
SAH-00253,42,Male,Head Constable,BSF,23,Divorced,1,Northeast (High Risk),0.8,34,5,3,38,2836,48.8,7,9.7,3.4,45,16,0.356,10,1,6,0,17,2.4,3.8,4.5,4.6,2.0,0.506,1
SAH-00254,42,Male,Constable,CRPF,18,Married,3,Naxal Belt (High Risk),0.82,33,6,3,33,2654,65.2,2,23.7,4.6,60,40,0.667,8,5,4,0,5,6.2,2.0,7.7,5.4,6.8,0.471,0
SAH-00255,50,Male,ASI,BSF,26,Single,0,Northeast (High Risk),0.8,18,3,2,21,2298,64.6,3,11.9,9.1,30,19,0.633,14,0,0,0,4,4.0,3.1,7.2,6.7,7.7,0.472,0
SAH-00256,28,Male,Constable,ITBP,10,Married,1,HQ / Admin (Low),0.15,3,14,7,3,71,65.9,9,24.8,5.8,30,20,0.667,7,6,2,0,8,5.9,3.9,7.8,4.3,3.5,0.342,0
SAH-00257,47,Male,SI,CRPF,27,Married,4,Training Center (Low),0.2,24,6,4,21,3460,53.0,3,4.8,4.0,45,36,0.8,12,6,4,0,12,6.5,3.4,7.3,5.9,6.3,0.312,0
SAH-00258,47,Male,Head Constable,ITBP,25,Single,0,J&K (High Risk),0.85,1,13,3,3,3363,76.5,17,16.8,4.8,45,22,0.489,9,3,4,3,6,7.0,5.0,2.6,4.8,10.0,0.44,0
SAH-00259,54,Male,Constable,BSF,34,Married,3,J&K (High Risk),0.85,6,8,2,7,1814,61.6,11,16.8,4.4,45,34,0.756,5,8,4,0,0,6.3,2.4,5.8,4.7,7.4,0.398,0
SAH-00260,41,Male,ASI,CISF,23,Married,2,Training Center (Low),0.2,19,10,3,24,1979,35.0,19,18.8,6.9,30,26,0.867,14,2,7,0,9,8.8,3.7,4.9,2.3,2.9,0.378,0
SAH-00261,50,Male,Head Constable,AR,27,Married,5,Naxal Belt (High Risk),0.82,22,14,6,27,1311,70.5,19,12.2,9.4,45,17,0.378,10,4,5,0,17,6.2,3.9,6.8,5.6,6.8,0.511,1
SAH-00262,53,Male,DIG,BSF,29,Married,3,J&K (High Risk),0.85,8,13,7,12,1222,51.9,14,18.5,5.8,30,30,1.0,9,4,7,0,11,3.9,2.8,5.2,6.3,4.7,0.399,0
SAH-00263,48,Male,ASI,BSF,26,Married,2,Border Area (Moderate),0.55,5,11,4,8,834,65.7,12,13.4,7.7,45,27,0.6,10,7,0,0,2,8.1,2.1,7.1,7.2,6.7,0.373,0
SAH-00264,53,Male,Constable,BSF,33,Divorced,3,Naxal Belt (High Risk),0.82,9,9,6,7,1652,39.4,11,10.8,2.8,30,24,0.8,14,9,3,0,4,6.7,4.2,7.2,2.0,9.6,0.313,0
SAH-00265,25,Male,SI,SSB,2,Married,1,Northeast (High Risk),0.8,21,3,6,25,2104,51.1,7,26.3,10.0,60,49,0.817,9,9,0,0,13,4.1,2.5,6.0,7.4,4.9,0.449,0
SAH-00266,39,Male,Constable,ITBP,21,Married,3,Urban Posting (Low),0.25,28,8,2,27,1306,61.0,8,15.6,2.8,45,29,0.644,0,3,7,0,14,7.5,3.6,7.1,7.0,7.8,0.295,0
SAH-00267,24,Female,Dy. Commandant,RPF,4,Married,3,Border Area (Moderate),0.55,4,12,6,6,1942,54.9,19,2.9,7.9,60,25,0.417,14,0,1,0,11,4.9,3.4,7.3,8.4,3.5,0.439,0
SAH-00268,55,Male,Head Constable,ITBP,31,Married,1,J&K (High Risk),0.85,24,3,3,27,2901,50.2,8,9.6,6.2,30,23,0.767,6,10,2,0,3,7.9,3.1,6.7,4.8,4.0,0.542,1
SAH-00269,37,Male,ASI,NSG,18,Married,2,HQ / Admin (Low),0.15,8,2,7,10,2865,35.0,16,26.6,3.0,45,8,0.178,8,4,5,1,15,3.5,4.3,7.2,5.6,1.0,0.285,0
SAH-00270,48,Male,Constable,ITBP,25,Single,0,Border Area (Moderate),0.55,17,5,0,18,628,43.1,0,7.7,7.2,60,60,1.0,11,0,7,2,10,5.7,3.3,7.8,3.4,8.3,0.364,0
SAH-00271,50,Male,Head Constable,NSG,32,Married,4,Northeast (High Risk),0.8,34,14,4,34,1150,40.3,5,19.3,5.4,60,17,0.283,3,2,3,1,3,6.9,3.6,5.8,5.4,1.7,0.554,1
SAH-00272,49,Male,Inspector,SSB,29,Married,3,Northeast (High Risk),0.8,20,4,3,18,538,35.0,6,9.4,3.7,60,22,0.367,3,5,5,0,5,3.9,3.4,5.0,4.9,2.7,0.428,0
SAH-00273,26,Male,Inspector,CISF,2,Married,2,J&K (High Risk),0.85,16,13,1,21,975,43.5,8,3.5,5.5,30,30,1.0,4,0,3,3,15,7.0,3.1,7.2,5.8,5.5,0.377,0
SAH-00274,55,Male,Constable,NSG,36,Single,1,Naxal Belt (High Risk),0.82,10,5,2,13,2184,74.3,9,18.8,2.2,30,8,0.267,14,9,2,2,1,8.1,2.6,5.3,5.4,9.1,0.453,0
SAH-00275,57,Male,Constable,BSF,38,Married,2,J&K (High Risk),0.85,34,6,3,37,1837,65.9,3,12.4,4.5,30,8,0.267,7,2,6,1,12,5.6,3.0,6.5,7.1,1.2,0.628,1
SAH-00276,44,Male,Inspector,CISF,26,Married,5,Naxal Belt (High Risk),0.82,10,3,4,10,2040,42.0,15,27.7,3.6,30,27,0.9,10,6,1,0,7,6.8,3.6,6.2,5.1,5.7,0.483,0
SAH-00277,49,Male,Dy. Commandant,AR,28,Single,1,J&K (High Risk),0.85,30,1,6,31,271,44.9,11,24.0,5.1,30,10,0.333,4,1,4,0,11,4.4,3.5,9.9,8.0,2.2,0.43,0
SAH-00278,51,Male,Constable,SSB,27,Single,0,Urban Posting (Low),0.25,30,4,4,32,2510,45.0,8,25.1,2.0,45,8,0.178,3,5,2,1,5,10.0,3.6,8.0,1.0,8.4,0.33,0
SAH-00279,55,Male,Head Constable,ITBP,31,Divorced,1,Urban Posting (Low),0.25,25,6,1,23,2681,61.1,2,23.5,1.9,45,14,0.311,7,6,7,1,2,6.0,5.0,9.0,8.1,5.3,0.334,0
SAH-00280,53,Male,Head Constable,NSG,31,Married,3,Border Area (Moderate),0.55,7,2,6,7,2299,56.9,8,20.5,3.8,45,44,0.978,10,11,4,0,14,6.7,2.5,7.3,2.7,8.1,0.418,0
SAH-00281,41,Male,Inspector,RPF,23,Married,4,Urban Posting (Low),0.25,20,2,1,20,2668,43.5,16,4.1,5.4,45,17,0.378,4,11,2,0,7,5.5,1.4,7.1,7.1,3.5,0.5,1
SAH-00282,52,Male,Constable,BSF,33,Married,4,HQ / Admin (Low),0.15,17,1,5,17,3397,44.8,13,13.1,3.6,30,23,0.767,7,1,0,0,1,4.7,2.6,7.3,6.9,4.1,0.326,0
SAH-00283,43,Male,Constable,CRPF,24,Married,2,Border Area (Moderate),0.55,3,9,5,6,2318,65.0,4,20.4,6.4,45,22,0.489,0,10,7,0,15,7.9,2.6,5.6,3.4,3.1,0.284,0
SAH-00284,53,Male,SI,AR,35,Divorced,1,Naxal Belt (High Risk),0.82,26,3,3,29,2254,70.3,0,12.7,6.9,30,10,0.333,2,10,5,1,12,1.2,3.4,4.2,7.9,7.9,0.499,0
SAH-00285,23,Male,Constable,CRPF,2,Married,5,Naxal Belt (High Risk),0.82,10,2,0,13,3302,41.2,0,14.8,3.8,30,7,0.233,6,4,1,0,0,2.4,2.7,7.7,3.1,7.8,0.372,0
SAH-00286,38,Male,Head Constable,CISF,16,Married,2,Training Center (Low),0.2,34,4,6,37,1798,50.6,2,20.8,8.3,30,30,1.0,11,9,7,0,10,6.6,3.7,7.5,2.9,3.7,0.245,0
SAH-00287,45,Male,Head Constable,ITBP,25,Single,0,J&K (High Risk),0.85,14,6,7,12,2226,53.5,8,23.4,4.9,60,37,0.617,0,11,5,1,0,5.3,2.2,9.4,4.6,7.0,0.412,0
SAH-00288,51,Female,Head Constable,RPF,33,Married,1,Naxal Belt (High Risk),0.82,8,1,4,9,1316,49.7,5,7.6,9.2,60,12,0.2,10,9,7,0,7,7.7,3.6,8.2,4.7,4.8,0.478,0
SAH-00289,23,Male,Head Constable,CRPF,1,Divorced,2,Border Area (Moderate),0.55,27,9,7,25,1245,65.6,8,20.4,5.0,30,8,0.267,4,0,1,0,1,5.0,1.5,5.6,4.3,1.1,0.516,1
SAH-00290,44,Male,ASI,CISF,20,Married,2,Urban Posting (Low),0.25,10,9,0,11,1576,50.2,3,19.5,3.3,30,15,0.5,5,2,2,1,12,2.7,3.0,4.3,5.6,6.0,0.306,0
SAH-00291,52,Male,Constable,SSB,30,Married,3,Urban Posting (Low),0.25,15,8,6,17,1553,74.9,19,7.1,8.0,45,28,0.622,13,0,1,0,1,5.9,2.2,7.2,6.2,6.7,0.387,0
SAH-00292,42,Male,ASI,CISF,19,Single,0,Naxal Belt (High Risk),0.82,22,6,6,21,926,66.4,18,11.7,3.4,45,12,0.267,11,11,4,0,3,5.5,2.6,6.5,5.3,7.2,0.493,0
SAH-00293,43,Male,Inspector,AR,24,Married,4,J&K (High Risk),0.85,31,4,6,33,2367,43.8,4,16.2,7.8,45,16,0.356,12,2,1,1,1,3.8,1.0,5.4,3.2,5.1,0.541,1
SAH-00294,22,Female,SI,RPF,2,Married,3,HQ / Admin (Low),0.15,2,2,6,3,212,52.8,4,26.1,5.7,30,26,0.867,0,3,1,1,12,7.6,3.9,7.6,3.8,4.3,0.292,0
SAH-00295,47,Male,Constable,RPF,29,Married,1,J&K (High Risk),0.85,31,8,0,31,1004,40.3,13,11.7,4.4,45,23,0.511,6,11,5,1,3,6.7,2.6,4.1,9.7,4.0,0.566,1
SAH-00296,22,Male,Constable,CISF,3,Divorced,5,J&K (High Risk),0.85,14,7,3,19,73,47.3,9,18.3,4.0,30,3,0.1,8,11,1,0,14,4.0,2.9,5.3,3.4,6.8,0.548,1
SAH-00297,46,Male,Constable,AR,23,Single,1,Border Area (Moderate),0.55,10,12,2,14,2594,62.4,15,24.4,5.3,30,4,0.133,8,4,6,0,11,2.9,3.4,10.0,3.5,5.8,0.388,0
SAH-00298,37,Male,Head Constable,CISF,14,Married,2,Training Center (Low),0.2,30,14,2,33,242,54.9,5,29.8,6.9,30,16,0.533,2,3,3,1,11,6.7,2.3,4.5,2.4,3.7,0.353,0
SAH-00299,53,Male,Head Constable,RPF,34,Divorced,5,Urban Posting (Low),0.25,15,4,2,12,927,77.4,19,16.8,5.4,60,9,0.15,3,3,6,0,4,4.1,2.5,7.4,7.4,5.6,0.456,0
SAH-00300,29,Male,SI,RPF,8,Married,5,HQ / Admin (Low),0.15,14,3,1,19,439,37.3,13,0.0,8.5,30,8,0.267,14,8,2,0,9,4.1,1.2,8.5,7.4,6.4,0.401,0
SAH-00301,49,Male,Constable,BSF,27,Married,1,J&K (High Risk),0.85,31,6,6,36,2594,51.6,17,22.4,3.1,45,37,0.822,13,8,0,0,1,5.8,2.7,8.2,6.3,6.5,0.49,0
SAH-00302,46,Male,Constable,CISF,28,Married,3,Naxal Belt (High Risk),0.82,29,1,6,31,1013,45.9,8,16.7,5.3,30,17,0.567,0,8,7,0,7,6.1,4.5,7.9,8.1,5.0,0.425,0
SAH-00303,55,Male,Head Constable,NSG,37,Married,5,Northeast (High Risk),0.8,27,2,4,30,2903,48.2,6,8.2,7.7,30,17,0.567,12,10,7,0,4,7.0,3.3,7.4,4.1,7.5,0.404,0
SAH-00304,45,Female,SI,CISF,27,Single,0,Training Center (Low),0.2,21,7,1,20,2226,52.5,17,20.7,3.1,60,41,0.683,3,4,0,0,7,8.1,1.5,6.5,3.2,3.4,0.302,0
SAH-00305,44,Male,Constable,RPF,25,Divorced,3,Border Area (Moderate),0.55,9,11,4,10,3118,43.9,9,29.9,7.6,30,26,0.867,13,10,3,0,12,5.1,3.4,9.4,6.1,5.1,0.373,0
SAH-00306,33,Male,ASI,BSF,9,Married,2,J&K (High Risk),0.85,20,3,7,23,2650,63.5,1,16.7,5.5,60,15,0.25,4,4,5,3,12,7.2,4.3,9.3,6.4,6.9,0.523,1
SAH-00307,27,Male,Constable,BSF,6,Single,0,Urban Posting (Low),0.25,35,14,5,32,3157,73.0,12,2.0,5.7,60,16,0.267,6,1,3,0,14,5.7,2.0,8.5,5.9,5.6,0.453,0
SAH-00308,56,Male,Inspector,SSB,36,Married,3,Naxal Belt (High Risk),0.82,15,13,4,12,2458,35.0,5,26.6,4.8,45,9,0.2,4,5,0,0,14,8.4,2.8,9.7,4.9,5.2,0.461,0
SAH-00309,40,Female,Dy. Commandant,AR,17,Married,5,Border Area (Moderate),0.55,24,1,4,25,814,68.7,8,15.2,3.1,30,30,1.0,7,1,4,0,10,4.3,2.8,8.4,7.6,3.5,0.396,0
SAH-00310,21,Male,Constable,ITBP,2,Married,1,Training Center (Low),0.2,16,2,7,21,2023,82.2,19,20.7,5.3,45,30,0.667,6,9,0,0,9,7.0,3.1,5.8,5.4,2.4,0.36,0
SAH-00311,28,Male,Constable,CRPF,4,Married,3,Northeast (High Risk),0.8,11,10,3,14,1288,54.3,7,15.5,4.4,60,11,0.183,0,4,0,2,5,4.3,3.1,5.1,6.0,3.6,0.543,1
SAH-00312,36,Female,Head Constable,CRPF,16,Divorced,2,Northeast (High Risk),0.8,8,10,2,5,2384,44.7,9,18.6,8.5,60,19,0.317,11,10,6,1,4,4.2,3.6,7.2,5.4,7.3,0.373,0
SAH-00313,34,Male,Constable,CISF,11,Single,1,Northeast (High Risk),0.8,3,14,6,4,817,45.1,15,20.3,6.5,45,37,0.822,1,11,7,1,4,5.1,2.9,7.1,4.5,3.7,0.366,0
SAH-00314,32,Female,SI,SSB,9,Married,4,Naxal Belt (High Risk),0.82,19,9,1,23,3022,48.3,14,21.5,5.6,30,3,0.1,6,11,2,1,7,1.8,4.2,7.4,3.4,5.0,0.513,1
SAH-00315,43,Male,Inspector,CISF,22,Married,2,J&K (High Risk),0.85,3,7,5,7,2466,57.2,12,16.2,8.1,45,37,0.822,2,4,0,2,0,8.0,1.1,9.6,6.3,9.0,0.458,0
SAH-00316,35,Male,SI,CRPF,13,Married,5,Urban Posting (Low),0.25,25,7,7,23,1542,46.9,17,8.9,5.4,30,30,1.0,1,3,0,0,1,4.3,1.9,5.7,1.2,7.1,0.36,0
SAH-00317,48,Male,Inspector,AR,30,Married,2,Northeast (High Risk),0.8,11,14,1,14,948,51.0,5,16.5,6.9,30,4,0.133,10,4,6,0,16,5.1,4.5,6.2,4.2,4.7,0.379,0
SAH-00318,54,Male,Head Constable,RPF,34,Single,0,HQ / Admin (Low),0.15,16,10,6,17,3307,40.5,19,21.3,7.8,45,12,0.267,11,6,1,0,6,4.1,2.5,7.1,4.5,4.5,0.501,1
SAH-00319,22,Female,Constable,AR,3,Married,2,Northeast (High Risk),0.8,17,8,3,22,1134,46.5,8,9.0,5.0,45,4,0.089,13,9,3,0,8,7.9,3.6,6.2,3.1,7.9,0.454,0
SAH-00320,52,Male,SI,AR,32,Married,1,Northeast (High Risk),0.8,24,12,4,23,2359,47.1,17,6.1,6.4,45,9,0.2,8,1,6,0,3,6.5,2.9,2.8,4.9,4.3,0.537,1
SAH-00321,43,Male,Head Constable,BSF,21,Single,0,Northeast (High Risk),0.8,17,12,7,14,837,51.6,6,25.7,4.6,45,32,0.711,11,0,7,0,6,7.1,3.9,5.6,6.4,5.0,0.527,1
SAH-00322,42,Male,SI,RPF,24,Married,3,Urban Posting (Low),0.25,20,8,5,20,160,35.0,4,28.5,7.8,30,4,0.133,9,3,0,0,9,6.3,3.4,4.5,5.8,4.6,0.354,0
SAH-00323,45,Male,Constable,ITBP,25,Married,4,Naxal Belt (High Risk),0.82,22,9,2,25,1902,48.0,10,15.3,5.4,30,15,0.5,12,6,0,0,15,6.3,5.0,9.2,4.4,8.3,0.496,0
SAH-00324,42,Male,Constable,RPF,20,Married,2,Training Center (Low),0.2,6,2,6,3,3039,49.4,12,19.8,8.2,30,18,0.6,7,0,4,0,9,6.7,3.0,4.8,6.7,5.0,0.253,0
SAH-00325,42,Female,IG,SSB,23,Married,4,Urban Posting (Low),0.25,7,14,0,5,190,54.2,2,18.0,5.9,30,30,1.0,7,3,7,0,6,7.9,2.6,6.4,6.0,4.4,0.186,0
SAH-00326,26,Male,Constable,BSF,5,Married,1,HQ / Admin (Low),0.15,14,8,0,15,794,68.8,0,0.0,10.0,30,17,0.567,2,5,7,1,1,3.7,4.3,6.6,3.2,6.4,0.311,0
SAH-00327,35,Male,DIG,ITBP,11,Married,3,Urban Posting (Low),0.25,11,8,3,16,2632,50.8,3,16.7,4.1,60,14,0.233,10,5,6,0,1,4.9,3.7,7.5,3.9,8.9,0.4,0
SAH-00328,57,Male,DIG,SSB,34,Married,5,J&K (High Risk),0.85,12,13,2,9,128,37.4,18,26.7,7.2,45,17,0.378,9,0,0,3,7,3.9,2.2,7.0,2.7,2.6,0.424,0
SAH-00329,53,Male,Inspector,SSB,34,Married,2,Training Center (Low),0.2,5,5,0,5,1567,53.6,17,5.6,5.4,30,23,0.767,8,6,2,1,13,7.2,3.9,7.1,4.8,5.7,0.347,0
SAH-00330,28,Male,ASI,CRPF,10,Single,1,HQ / Admin (Low),0.15,5,5,0,4,3152,43.5,5,4.9,5.0,30,6,0.2,7,4,5,0,17,6.9,3.2,4.7,4.2,3.3,0.244,0
SAH-00331,25,Male,ASI,BSF,2,Single,1,HQ / Admin (Low),0.15,20,4,7,21,2606,43.2,9,9.2,1.7,45,14,0.311,11,5,4,0,0,7.4,3.1,6.0,5.0,7.9,0.323,0
SAH-00332,24,Male,Inspector,SSB,1,Single,1,J&K (High Risk),0.85,15,14,7,16,1020,48.4,6,11.2,5.6,30,30,1.0,1,0,0,0,16,1.0,3.4,3.7,9.4,2.8,0.4,0
SAH-00333,26,Male,Constable,NSG,7,Single,0,Border Area (Moderate),0.55,26,5,6,24,115,45.8,11,20.3,3.6,45,4,0.089,6,6,5,1,16,5.1,3.8,7.3,2.2,6.6,0.421,0
SAH-00334,52,Male,Head Constable,AR,33,Single,0,Northeast (High Risk),0.8,33,2,5,34,1583,39.2,7,25.6,4.9,30,7,0.233,7,3,2,0,4,1.2,3.2,5.0,1.7,3.5,0.55,1
SAH-00335,50,Male,ASI,SSB,31,Divorced,5,Northeast (High Risk),0.8,30,2,5,35,1444,46.2,12,25.4,3.6,30,28,0.933,11,2,3,0,15,9.9,2.7,9.2,8.5,8.3,0.374,0
SAH-00336,55,Male,Head Constable,ITBP,36,Married,2,Urban Posting (Low),0.25,24,5,6,25,336,57.5,17,20.2,3.9,45,9,0.2,6,11,0,0,6,6.3,5.0,2.5,6.6,9.8,0.223,0
SAH-00337,36,Male,Head Constable,CRPF,13,Single,0,HQ / Admin (Low),0.15,23,11,1,21,3297,52.5,13,2.3,3.4,45,6,0.133,8,10,3,0,14,4.4,3.0,10.0,7.5,7.5,0.374,0
SAH-00338,33,Male,Head Constable,CISF,15,Married,2,Border Area (Moderate),0.55,9,13,6,12,172,40.1,10,2.2,3.4,30,6,0.2,12,3,0,2,18,5.8,4.3,7.0,4.8,4.9,0.384,0
SAH-00339,50,Male,ASI,AR,26,Divorced,3,Training Center (Low),0.2,3,3,2,5,3352,41.7,9,20.9,2.3,60,47,0.783,6,8,4,0,1,6.0,2.4,5.9,6.9,2.6,0.249,0
SAH-00340,39,Male,Inspector,CRPF,17,Married,4,J&K (High Risk),0.85,7,1,0,10,2652,53.5,5,2.3,6.3,30,30,1.0,11,4,7,0,15,10.0,2.2,7.6,5.2,5.4,0.322,0
SAH-00341,37,Male,Constable,CISF,17,Married,3,J&K (High Risk),0.85,22,9,5,26,1053,40.2,12,19.4,5.5,30,20,0.667,6,11,4,0,8,5.6,4.0,9.4,7.2,5.5,0.479,0
SAH-00342,39,Male,Dy. Commandant,BSF,18,Married,5,Border Area (Moderate),0.55,14,2,6,15,53,41.2,9,17.2,6.9,45,10,0.222,0,4,5,1,19,6.4,2.7,10.0,7.5,9.7,0.403,0
SAH-00343,48,Male,SI,BSF,24,Married,1,Naxal Belt (High Risk),0.82,29,14,5,27,1889,45.1,11,11.3,4.7,45,12,0.267,1,7,2,1,17,4.8,1.1,6.5,7.3,5.3,0.462,0
SAH-00344,46,Male,Inspector,SSB,26,Married,3,Training Center (Low),0.2,16,12,5,19,461,40.3,0,0.0,4.2,30,19,0.633,13,6,1,0,9,10.0,2.8,2.5,4.2,3.6,0.405,0
SAH-00345,57,Female,ASI,NSG,37,Married,2,Naxal Belt (High Risk),0.82,34,14,7,37,299,53.2,17,16.6,5.3,45,36,0.8,4,2,6,0,19,9.1,3.5,6.3,5.7,5.4,0.523,1
SAH-00346,46,Male,SI,BSF,25,Married,3,Naxal Belt (High Risk),0.82,10,10,1,14,1560,48.3,12,19.1,6.9,30,22,0.733,12,0,5,0,3,2.1,2.3,5.4,3.6,4.2,0.416,0
SAH-00347,43,Male,Constable,RPF,19,Married,4,Border Area (Moderate),0.55,7,2,2,10,3466,68.9,3,10.6,6.1,60,40,0.667,12,11,5,0,1,7.7,2.2,7.8,6.6,4.8,0.369,0
SAH-00348,29,Male,Inspector,SSB,6,Married,3,Northeast (High Risk),0.8,25,14,4,28,1967,38.1,5,6.3,5.5,45,45,1.0,10,10,2,2,13,6.9,3.2,5.7,6.2,9.3,0.534,1
SAH-00349,32,Male,Constable,AR,14,Married,5,HQ / Admin (Low),0.15,27,4,5,32,1406,65.8,17,17.3,6.8,30,8,0.267,13,1,0,0,0,4.4,1.9,4.2,2.3,3.3,0.464,0
SAH-00350,21,Male,Inspector,CRPF,1,Married,3,Border Area (Moderate),0.55,15,2,2,19,2550,54.8,4,3.4,5.5,30,8,0.267,0,2,3,0,7,4.0,3.3,5.5,6.4,6.9,0.416,0
SAH-00351,21,Male,IG,BSF,3,Single,0,Naxal Belt (High Risk),0.82,32,7,3,30,207,69.9,17,19.9,4.3,45,43,0.956,11,10,3,0,10,1.9,4.0,9.2,6.4,4.4,0.543,1
SAH-00352,54,Male,Constable,RPF,31,Single,0,Training Center (Low),0.2,28,12,1,26,1650,68.3,4,23.4,7.3,45,17,0.378,9,0,7,0,0,7.3,4.3,6.8,6.6,4.9,0.374,0
SAH-00353,52,Male,Constable,CRPF,32,Married,4,Naxal Belt (High Risk),0.82,9,10,4,12,2934,46.9,6,0.0,3.0,45,19,0.422,14,0,0,0,4,3.3,2.3,8.5,5.6,5.0,0.472,0
SAH-00354,45,Male,SI,CRPF,27,Divorced,1,Training Center (Low),0.2,7,1,5,6,3111,35.1,8,10.8,2.7,60,38,0.633,6,7,1,0,12,6.6,4.8,5.7,6.6,3.1,0.262,0
SAH-00355,21,Male,Constable,NSG,1,Married,2,J&K (High Risk),0.85,16,11,6,13,3391,50.2,2,14.6,5.5,30,14,0.467,4,7,1,0,16,3.8,3.6,8.9,6.1,6.2,0.466,0
SAH-00356,36,Male,Inspector,BSF,13,Married,2,Northeast (High Risk),0.8,26,2,5,31,1660,35.0,11,14.8,5.7,45,17,0.378,12,1,1,1,9,3.6,2.3,4.8,3.7,1.0,0.608,1
SAH-00357,25,Male,Constable,CRPF,3,Married,1,HQ / Admin (Low),0.15,35,11,1,34,1513,59.9,19,8.0,6.0,45,45,1.0,4,7,0,0,6,6.1,2.6,5.0,6.8,4.4,0.463,0
SAH-00358,42,Male,Constable,NSG,21,Single,1,Training Center (Low),0.2,17,5,7,14,3150,53.8,13,4.3,4.8,30,6,0.2,7,10,6,0,12,8.5,2.3,9.2,3.6,5.6,0.438,0
SAH-00359,49,Male,DIG,NSG,27,Single,0,Naxal Belt (High Risk),0.82,23,2,1,25,1027,44.8,7,11.3,8.2,45,22,0.489,8,1,4,0,3,4.5,1.0,9.1,3.4,6.2,0.442,0
SAH-00360,23,Male,SI,BSF,3,Married,3,Border Area (Moderate),0.55,8,9,0,8,2432,46.6,11,20.2,2.5,30,3,0.1,9,10,7,0,12,5.9,4.4,2.7,5.9,6.1,0.474,0
SAH-00361,32,Male,Inspector,NSG,11,Single,1,HQ / Admin (Low),0.15,2,4,5,0,1311,39.7,6,19.6,5.8,30,27,0.9,0,4,5,0,0,6.2,3.2,8.5,1.0,2.7,0.239,0
SAH-00362,46,Male,Head Constable,BSF,26,Single,2,Northeast (High Risk),0.8,31,9,7,31,202,51.6,8,19.7,7.0,45,12,0.267,9,0,4,0,10,5.8,3.6,3.8,4.2,4.2,0.61,1
SAH-00363,36,Male,SI,RPF,14,Married,5,J&K (High Risk),0.85,32,11,2,36,1679,40.1,11,25.0,8.3,45,39,0.867,3,8,0,0,8,6.6,3.1,8.6,4.9,5.3,0.419,0
SAH-00364,57,Male,ASI,BSF,33,Single,0,Border Area (Moderate),0.55,29,12,1,32,2846,51.6,3,6.6,8.2,60,14,0.233,14,3,4,0,12,6.0,1.5,8.6,8.1,3.5,0.463,0
SAH-00365,42,Male,ASI,CISF,19,Married,2,J&K (High Risk),0.85,3,1,1,0,2931,56.2,4,12.0,3.3,30,15,0.5,10,9,6,0,10,2.5,3.3,9.7,5.1,5.4,0.387,0
SAH-00366,49,Male,SI,CRPF,29,Married,3,Northeast (High Risk),0.8,8,1,3,13,3236,59.8,8,13.5,6.2,30,24,0.8,1,10,1,0,7,8.6,4.0,9.9,9.4,6.1,0.414,0
SAH-00367,34,Male,ASI,RPF,13,Married,1,Training Center (Low),0.2,2,1,3,4,2905,57.3,6,0.0,5.1,30,11,0.367,13,1,4,1,6,6.8,3.9,7.0,2.5,3.9,0.276,0
SAH-00368,48,Male,Head Constable,ITBP,27,Married,5,J&K (High Risk),0.85,31,14,3,29,2855,48.4,13,16.8,5.5,30,12,0.4,8,0,0,0,19,5.6,4.1,6.0,6.4,6.3,0.477,0
SAH-00369,25,Male,Constable,BSF,5,Married,2,Training Center (Low),0.2,20,4,1,19,1105,57.3,19,14.8,7.8,60,46,0.767,8,5,7,0,14,4.0,3.1,6.5,6.8,4.5,0.444,0
SAH-00370,50,Female,SI,CRPF,29,Married,2,Border Area (Moderate),0.55,29,9,4,32,2629,53.6,16,5.9,9.3,30,8,0.267,0,10,5,0,14,5.3,1.0,6.2,3.7,3.4,0.539,1
SAH-00371,25,Male,Constable,AR,2,Married,4,Border Area (Moderate),0.55,17,8,7,16,102,53.5,0,22.0,6.0,45,45,1.0,2,7,4,0,11,7.7,3.7,6.0,5.3,7.6,0.359,0
SAH-00372,32,Male,SI,NSG,8,Married,2,Urban Posting (Low),0.25,10,7,2,9,2815,39.7,14,21.5,1.5,45,12,0.267,9,3,4,1,16,3.3,3.1,6.1,5.3,4.0,0.332,0
SAH-00373,36,Male,Constable,SSB,13,Single,1,Naxal Belt (High Risk),0.82,22,1,1,23,1804,37.0,14,18.2,2.2,45,38,0.844,7,0,4,0,5,4.3,5.0,8.8,7.7,2.1,0.422,0
SAH-00374,46,Male,ASI,BSF,25,Single,2,J&K (High Risk),0.85,6,3,6,5,3316,55.1,0,1.3,5.4,45,40,0.889,1,0,4,0,12,5.8,4.9,3.9,2.6,4.0,0.415,0
SAH-00375,46,Female,SI,NSG,26,Widowed,5,J&K (High Risk),0.85,34,9,6,33,1378,57.8,14,7.2,7.5,45,21,0.467,1,5,5,0,15,2.8,4.1,8.7,9.3,5.5,0.591,1
SAH-00376,41,Male,Constable,NSG,19,Married,1,Urban Posting (Low),0.25,31,9,0,32,2442,44.5,1,17.4,3.9,45,11,0.244,1,1,0,0,0,4.1,1.6,6.5,1.7,5.7,0.318,0
SAH-00377,56,Male,Constable,NSG,35,Married,3,Northeast (High Risk),0.8,12,5,6,13,3203,66.1,3,10.7,5.1,30,7,0.233,12,4,2,0,12,5.4,1.9,3.6,6.3,2.8,0.436,0
SAH-00378,53,Male,Constable,NSG,32,Married,5,J&K (High Risk),0.85,12,12,7,17,50,78.6,16,13.2,8.7,60,60,1.0,4,1,4,0,6,1.1,3.5,7.7,3.8,6.2,0.457,0
SAH-00379,50,Male,ASI,NSG,29,Single,1,HQ / Admin (Low),0.15,16,13,7,13,216,73.0,15,6.2,4.7,45,37,0.822,13,8,2,0,12,5.5,1.8,3.4,6.5,4.9,0.491,0
SAH-00380,57,Male,Inspector,BSF,36,Married,2,HQ / Admin (Low),0.15,25,6,5,22,2414,48.8,17,16.5,9.0,30,16,0.533,8,1,5,0,6,3.4,3.9,6.7,4.2,2.1,0.363,0
SAH-00381,43,Male,Constable,AR,23,Married,1,Naxal Belt (High Risk),0.82,22,11,4,27,3304,46.8,15,27.0,4.6,45,16,0.356,6,4,0,3,7,8.4,3.9,10.0,8.2,1.7,0.441,0
SAH-00382,30,Male,SI,ITBP,8,Married,1,J&K (High Risk),0.85,27,13,4,28,1014,61.4,7,17.6,7.3,45,5,0.111,12,3,3,0,17,4.9,4.6,5.6,5.7,5.4,0.502,1
SAH-00383,25,Female,Head Constable,CISF,3,Married,1,Urban Posting (Low),0.25,24,6,2,24,2995,60.1,5,22.8,5.7,60,46,0.767,6,10,6,0,16,7.5,4.1,5.8,4.7,4.4,0.389,0
SAH-00384,56,Male,Head Constable,NSG,38,Married,1,Training Center (Low),0.2,12,10,4,10,1935,38.6,19,22.0,7.1,30,30,1.0,14,0,2,0,15,6.8,2.6,8.1,3.3,3.2,0.377,0
SAH-00385,54,Male,Dy. Commandant,NSG,33,Married,5,J&K (High Risk),0.85,18,4,2,23,322,49.1,1,12.1,9.5,45,9,0.2,1,9,0,1,16,4.4,2.9,7.8,6.3,3.8,0.437,0
SAH-00386,51,Male,Head Constable,CISF,30,Single,1,J&K (High Risk),0.85,16,1,6,18,1742,59.9,18,13.5,6.3,30,25,0.833,1,8,7,0,7,6.7,2.2,7.8,6.4,4.8,0.404,0
SAH-00387,30,Male,Head Constable,AR,12,Married,1,Training Center (Low),0.2,4,5,4,9,2470,41.2,12,26.8,8.0,30,7,0.233,4,2,3,1,6,9.4,3.3,5.6,4.8,4.8,0.316,0
SAH-00388,39,Male,Constable,RPF,17,Married,4,HQ / Admin (Low),0.15,12,13,5,13,3483,43.1,5,20.9,3.7,45,40,0.889,11,9,4,0,17,6.1,1.0,7.4,5.6,4.8,0.314,0
SAH-00389,52,Male,Constable,AR,33,Married,2,Urban Posting (Low),0.25,33,1,2,33,949,44.9,5,22.7,3.6,45,21,0.467,13,7,5,0,3,5.3,2.7,5.4,6.1,4.7,0.334,0
SAH-00390,21,Male,Constable,RPF,1,Married,2,Northeast (High Risk),0.8,22,1,3,25,2298,47.2,12,16.3,2.2,45,36,0.8,6,3,5,1,1,6.8,3.7,7.4,6.8,8.9,0.422,0
SAH-00391,25,Male,Constable,BSF,6,Single,0,Naxal Belt (High Risk),0.82,18,11,3,19,3313,35.0,0,11.9,3.4,45,45,1.0,6,10,0,1,15,7.0,3.6,6.2,3.5,4.0,0.404,0
SAH-00392,24,Female,ASI,CRPF,2,Married,2,Border Area (Moderate),0.55,33,5,4,37,3462,60.3,8,12.8,8.5,45,32,0.711,8,8,1,0,17,5.3,3.9,8.0,4.6,6.5,0.488,0
SAH-00393,36,Male,Head Constable,SSB,12,Married,2,J&K (High Risk),0.85,27,5,4,31,3420,43.2,11,26.0,6.2,60,60,1.0,2,4,3,0,7,1.0,1.9,8.3,6.7,6.2,0.467,0
SAH-00394,44,Male,ASI,SSB,23,Single,0,Northeast (High Risk),0.8,19,7,6,17,2237,54.4,11,15.0,5.0,30,10,0.333,13,1,1,0,13,4.2,1.7,7.4,5.3,3.8,0.541,1
SAH-00395,36,Male,Constable,CRPF,17,Married,3,Northeast (High Risk),0.8,14,2,2,15,2403,53.1,3,25.0,5.9,30,30,1.0,0,7,5,0,17,3.4,3.6,5.0,1.7,1.6,0.432,0
SAH-00396,22,Male,Constable,BSF,2,Married,4,Border Area (Moderate),0.55,25,6,7,29,1269,39.9,18,26.2,6.9,45,43,0.956,8,3,5,2,18,6.0,2.0,3.5,8.7,4.2,0.463,0
SAH-00397,48,Male,ASI,SSB,28,Married,5,Border Area (Moderate),0.55,34,2,6,33,3182,35.0,15,22.4,7.1,30,6,0.2,0,1,4,0,3,8.4,1.8,4.2,7.2,1.7,0.463,0
SAH-00398,52,Male,Commandant,AR,34,Married,4,Training Center (Low),0.2,24,13,7,27,409,53.1,11,21.4,5.9,30,15,0.5,7,5,4,0,13,7.0,3.2,4.6,2.0,1.4,0.409,0
SAH-00399,47,Female,Constable,CISF,25,Married,5,Urban Posting (Low),0.25,23,10,2,22,2404,46.8,0,28.6,8.3,45,45,1.0,13,0,2,0,1,5.0,3.0,10.0,4.2,4.0,0.418,0
SAH-00400,40,Male,Dy. Commandant,CRPF,18,Widowed,5,HQ / Admin (Low),0.15,5,5,5,7,2089,57.5,3,8.2,3.6,45,8,0.178,14,7,5,0,16,6.5,5.0,7.8,8.6,5.2,0.304,0
SAH-00401,44,Female,ASI,AR,25,Married,4,Training Center (Low),0.2,24,4,1,22,2430,61.7,8,11.7,4.8,30,16,0.533,13,8,4,0,5,6.0,3.4,7.0,6.4,4.6,0.333,0
SAH-00402,32,Male,ASI,ITBP,11,Divorced,1,Northeast (High Risk),0.8,5,11,3,7,3204,35.0,6,4.9,7.8,60,49,0.817,4,6,7,0,7,7.0,3.2,5.4,2.6,1.7,0.286,0
SAH-00403,55,Male,Head Constable,BSF,33,Divorced,2,Naxal Belt (High Risk),0.82,6,10,1,8,383,49.2,9,3.0,7.4,30,4,0.133,7,8,2,0,15,7.2,2.4,8.4,1.6,2.6,0.513,1
SAH-00404,53,Male,Constable,CRPF,34,Single,0,Border Area (Moderate),0.55,4,5,1,8,2614,64.5,12,14.6,6.2,30,25,0.833,6,1,3,1,0,8.6,3.8,6.1,2.0,5.3,0.336,0
SAH-00405,53,Female,Constable,SSB,34,Married,2,J&K (High Risk),0.85,10,2,0,11,780,69.2,7,17.1,4.4,30,13,0.433,8,10,1,0,17,5.7,3.0,7.2,4.5,6.2,0.475,0
SAH-00406,57,Male,ASI,BSF,34,Married,3,HQ / Admin (Low),0.15,1,8,2,0,3021,35.0,19,19.0,7.1,30,10,0.333,1,0,3,0,2,2.4,2.5,7.7,6.8,3.3,0.347,0
SAH-00407,32,Male,Head Constable,CISF,9,Married,5,J&K (High Risk),0.85,21,8,0,25,2863,65.8,9,9.4,3.7,45,30,0.667,8,6,6,0,17,3.3,2.8,7.3,2.4,4.9,0.455,0
SAH-00408,23,Male,Dy. Commandant,BSF,1,Married,4,Naxal Belt (High Risk),0.82,3,6,7,8,1547,39.9,9,11.7,7.9,30,19,0.633,9,3,1,0,9,6.0,2.7,6.6,6.6,5.4,0.371,0
SAH-00409,21,Male,Head Constable,BSF,2,Divorced,3,Border Area (Moderate),0.55,31,3,0,28,1467,60.5,7,21.8,8.5,45,43,0.956,4,9,0,0,1,5.5,2.9,4.5,3.7,8.5,0.44,0
SAH-00410,53,Male,Constable,CISF,35,Married,2,Border Area (Moderate),0.55,27,4,7,28,1793,45.4,19,3.3,4.3,45,34,0.756,4,7,3,3,18,7.4,5.0,6.6,1.8,8.2,0.632,1
SAH-00411,30,Female,SI,NSG,12,Married,1,Urban Posting (Low),0.25,17,1,1,19,2882,61.0,14,15.1,10.0,30,15,0.5,0,2,7,1,10,8.1,3.6,8.7,4.8,6.2,0.305,0
SAH-00412,49,Male,Constable,CISF,26,Single,1,Border Area (Moderate),0.55,23,9,0,23,1650,47.7,0,25.4,3.5,30,22,0.733,5,6,6,1,18,6.1,2.8,8.0,9.4,1.0,0.339,0
SAH-00413,33,Male,ASI,AR,11,Single,1,Northeast (High Risk),0.8,13,10,5,11,1453,35.0,14,12.9,5.1,30,25,0.833,9,6,0,0,2,3.5,2.9,7.1,8.2,8.0,0.466,0
SAH-00414,32,Female,SI,BSF,11,Married,3,Northeast (High Risk),0.8,27,5,2,28,70,45.0,16,11.6,5.1,45,45,1.0,9,10,1,1,9,7.1,1.6,8.1,4.5,5.9,0.531,1
SAH-00415,51,Male,Dy. Commandant,RPF,27,Single,2,HQ / Admin (Low),0.15,20,14,1,20,2023,58.5,12,24.9,5.3,30,24,0.8,9,9,5,0,15,6.6,1.2,4.1,5.9,3.7,0.37,0
SAH-00416,22,Female,Inspector,CISF,4,Married,2,Northeast (High Risk),0.8,13,8,2,16,928,46.9,11,3.7,8.3,45,28,0.622,9,8,5,0,2,7.3,3.7,6.2,4.3,8.9,0.311,0
SAH-00417,55,Male,SI,NSG,37,Single,0,Northeast (High Risk),0.8,24,3,5,26,226,39.1,2,8.6,6.4,30,14,0.467,2,10,2,0,18,4.6,3.7,6.4,1.6,4.4,0.465,0
SAH-00418,43,Male,SI,AR,20,Married,1,Naxal Belt (High Risk),0.82,3,4,4,2,1436,36.7,18,8.9,3.8,60,59,0.983,12,3,7,0,19,10.0,3.4,4.4,4.3,9.3,0.476,0
SAH-00419,37,Male,Commandant,RPF,14,Married,3,J&K (High Risk),0.85,10,4,0,15,2119,42.3,4,20.6,5.7,45,40,0.889,9,9,3,0,6,2.5,4.5,7.5,6.8,2.7,0.374,0
SAH-00420,46,Female,Constable,RPF,24,Married,3,Border Area (Moderate),0.55,1,8,1,1,2934,42.2,2,2.2,6.8,45,7,0.156,2,0,3,0,16,6.2,3.2,7.9,3.1,4.1,0.38,0
SAH-00421,28,Male,Constable,CRPF,5,Married,1,Urban Posting (Low),0.25,13,12,7,14,3057,58.9,4,24.9,6.5,45,35,0.778,2,6,7,0,7,7.4,3.8,6.8,7.6,1.0,0.243,0
SAH-00422,49,Male,Constable,CISF,29,Married,5,Urban Posting (Low),0.25,14,9,3,13,2645,47.3,8,14.8,7.9,45,28,0.622,12,9,2,0,2,7.7,2.9,6.9,7.7,4.1,0.409,0
SAH-00423,46,Male,Constable,CISF,22,Single,0,Urban Posting (Low),0.25,33,3,2,37,2347,48.4,5,23.4,5.7,45,9,0.2,3,11,2,0,6,6.0,1.0,5.3,4.6,7.4,0.502,1
SAH-00424,30,Male,ASI,BSF,11,Single,2,J&K (High Risk),0.85,2,7,6,5,710,49.8,15,24.9,7.1,45,29,0.644,8,5,4,2,9,7.2,4.2,5.3,5.7,3.9,0.438,0
SAH-00425,46,Male,ASI,AR,28,Married,1,Border Area (Moderate),0.55,2,9,5,5,3049,58.5,9,8.7,5.2,45,13,0.289,12,10,6,1,18,7.8,2.0,3.8,8.1,3.3,0.522,1
SAH-00426,54,Male,ASI,CRPF,34,Married,5,J&K (High Risk),0.85,31,2,0,35,3194,59.6,15,15.1,4.2,45,36,0.8,7,0,7,0,14,6.2,3.3,6.1,6.2,7.5,0.467,0
SAH-00427,27,Female,Constable,ITBP,6,Married,1,J&K (High Risk),0.85,4,4,2,7,3212,45.7,2,13.2,3.2,30,11,0.367,11,8,5,0,14,6.5,2.3,5.3,8.4,5.3,0.528,1
SAH-00428,24,Male,SI,ITBP,4,Married,2,Naxal Belt (High Risk),0.82,34,3,5,33,1249,48.8,17,14.5,8.6,30,7,0.233,5,9,4,0,4,7.3,3.3,4.9,2.0,5.3,0.552,1
SAH-00429,31,Male,Head Constable,SSB,9,Married,1,Northeast (High Risk),0.8,19,8,2,18,175,59.7,10,10.4,2.5,30,5,0.167,7,7,1,0,2,6.0,4.7,6.6,4.3,2.8,0.416,0
SAH-00430,49,Male,ASI,CISF,28,Married,1,Urban Posting (Low),0.25,9,4,4,7,3325,43.7,18,23.9,6.0,45,26,0.578,7,9,5,3,2,8.7,3.6,5.8,4.8,3.0,0.408,0
SAH-00431,56,Male,ASI,CISF,35,Single,0,Urban Posting (Low),0.25,24,9,6,21,1319,45.4,14,13.5,6.3,30,8,0.267,0,3,3,0,3,8.0,3.8,3.7,8.0,4.5,0.283,0
SAH-00432,45,Male,Head Constable,CRPF,22,Married,4,Training Center (Low),0.2,13,1,5,14,660,59.7,10,12.3,3.5,45,42,0.933,8,4,2,1,14,5.4,2.8,5.4,5.5,1.1,0.379,0
SAH-00433,41,Male,Constable,NSG,21,Divorced,4,Urban Posting (Low),0.25,30,1,2,30,1344,45.1,9,24.0,7.3,30,3,0.1,0,7,2,1,15,4.6,2.7,6.2,4.0,6.6,0.399,0
SAH-00434,56,Male,Constable,ITBP,34,Married,5,J&K (High Risk),0.85,19,4,7,17,1059,55.0,8,21.7,2.8,30,28,0.933,10,1,6,0,4,7.5,2.7,4.3,5.3,6.2,0.462,0
SAH-00435,30,Male,Inspector,SSB,12,Married,5,Naxal Belt (High Risk),0.82,10,3,6,7,2141,35.0,2,17.3,4.3,30,18,0.6,1,5,7,2,7,6.2,3.8,7.2,6.5,5.8,0.41,0
SAH-00436,57,Male,Dy. Commandant,CRPF,33,Married,5,Northeast (High Risk),0.8,14,3,4,13,1807,59.0,8,11.9,7.4,30,30,1.0,8,9,7,0,9,4.8,3.0,6.7,4.9,2.4,0.395,0
SAH-00437,29,Male,ASI,CISF,6,Married,2,Naxal Belt (High Risk),0.82,20,10,4,22,2014,49.6,17,26.7,2.9,45,13,0.289,6,1,5,0,1,5.0,3.7,4.8,7.2,6.4,0.413,0
SAH-00438,44,Male,Constable,ITBP,24,Married,3,J&K (High Risk),0.85,4,12,4,2,597,56.9,11,6.5,7.1,30,6,0.2,9,11,0,1,13,7.3,2.8,8.1,5.7,3.3,0.539,1
SAH-00439,55,Male,Head Constable,AR,37,Single,0,J&K (High Risk),0.85,5,2,0,8,1241,65.4,15,23.6,7.7,30,21,0.7,0,10,6,0,4,5.1,4.0,9.3,4.9,7.5,0.494,0
SAH-00440,55,Male,SI,SSB,35,Single,1,Border Area (Moderate),0.55,32,14,5,35,2532,48.0,3,20.0,7.6,60,48,0.8,2,7,6,0,6,8.9,3.7,6.4,7.9,4.4,0.392,0
SAH-00441,56,Male,SI,BSF,33,Married,5,Urban Posting (Low),0.25,6,10,2,5,1103,35.0,0,4.9,6.2,30,14,0.467,13,4,4,0,10,4.0,3.1,6.1,8.4,5.2,0.342,0
SAH-00442,38,Male,Constable,ITBP,20,Divorced,5,Urban Posting (Low),0.25,14,10,2,11,2891,47.7,12,15.6,3.8,30,3,0.1,0,11,5,1,2,5.0,3.7,5.9,7.8,6.3,0.392,0
SAH-00443,52,Male,Constable,SSB,29,Married,4,Border Area (Moderate),0.55,6,2,6,11,1670,66.6,7,4.4,3.5,45,22,0.489,4,9,5,0,11,4.1,4.0,5.4,3.9,5.6,0.436,0
SAH-00444,44,Male,SI,CRPF,24,Single,0,Border Area (Moderate),0.55,14,8,6,15,2454,54.0,5,12.2,4.5,30,10,0.333,14,2,0,2,13,3.6,4.9,4.6,7.9,1.0,0.333,0
SAH-00445,43,Male,Head Constable,BSF,22,Single,1,Border Area (Moderate),0.55,12,1,5,10,1872,39.2,7,17.2,1.0,30,13,0.433,3,1,2,0,0,4.4,2.3,6.7,7.5,1.5,0.282,0
SAH-00446,52,Male,Constable,SSB,28,Married,5,Urban Posting (Low),0.25,27,14,4,31,1321,49.7,18,6.9,5.5,30,18,0.6,7,3,3,0,15,5.0,3.9,5.0,3.2,3.4,0.531,1
SAH-00447,57,Male,Constable,SSB,38,Married,1,J&K (High Risk),0.85,26,8,2,26,1769,57.9,11,0.0,5.3,30,24,0.8,8,7,3,0,14,5.2,3.7,1.3,4.8,5.8,0.465,0
SAH-00448,32,Male,ASI,RPF,8,Married,2,Urban Posting (Low),0.25,12,10,2,15,302,50.5,0,14.0,5.7,30,30,1.0,14,0,0,0,0,1.7,3.9,10.0,8.0,8.4,0.248,0
SAH-00449,33,Male,Inspector,RPF,12,Married,3,Border Area (Moderate),0.55,8,3,4,9,2882,50.2,3,16.7,5.0,30,7,0.233,11,9,6,0,12,3.6,2.5,9.9,7.4,4.4,0.52,1
SAH-00450,43,Male,Commandant,RPF,20,Single,0,Northeast (High Risk),0.8,10,2,3,9,2818,43.4,12,12.0,5.9,30,23,0.767,3,2,4,1,14,6.4,3.1,6.7,4.4,6.6,0.38,0
SAH-00451,45,Male,ASI,CISF,21,Married,1,J&K (High Risk),0.85,16,9,3,20,1609,44.4,16,14.9,5.7,30,9,0.3,14,0,1,0,16,4.6,2.5,3.9,3.3,6.4,0.542,1
SAH-00452,55,Male,Head Constable,NSG,32,Married,2,J&K (High Risk),0.85,26,5,4,24,786,54.7,18,13.6,2.6,30,9,0.3,2,1,5,1,8,8.1,3.4,10.0,8.1,2.3,0.466,0
SAH-00453,50,Male,Constable,ITBP,27,Married,3,Border Area (Moderate),0.55,8,14,6,5,2096,57.9,18,6.9,6.1,30,22,0.733,13,9,3,0,4,5.5,2.1,7.5,6.6,5.0,0.505,1
SAH-00454,37,Male,ASI,CISF,19,Married,3,Urban Posting (Low),0.25,29,5,0,30,949,49.9,4,30.6,5.5,30,26,0.867,3,10,1,0,11,7.2,4.4,5.8,5.6,3.8,0.387,0
SAH-00455,40,Male,Head Constable,AR,18,Married,3,Naxal Belt (High Risk),0.82,20,13,6,20,1978,46.1,10,17.5,2.0,30,30,1.0,2,6,5,0,16,5.3,3.1,9.5,3.9,3.2,0.391,0
SAH-00456,45,Male,ASI,BSF,22,Single,0,Naxal Belt (High Risk),0.82,17,6,6,20,2220,61.1,6,11.6,7.3,45,39,0.867,5,0,4,0,10,7.8,4.7,4.5,6.9,8.4,0.394,0
SAH-00457,42,Female,Head Constable,NSG,18,Married,2,HQ / Admin (Low),0.15,19,4,7,24,1367,46.9,2,8.4,4.9,60,15,0.25,0,8,0,0,10,1.3,2.3,2.3,3.4,5.8,0.399,0
SAH-00458,33,Male,Constable,SSB,9,Single,2,Northeast (High Risk),0.8,17,7,7,19,2782,55.5,10,11.8,6.8,45,14,0.311,1,7,6,0,7,6.2,3.2,5.2,3.7,3.3,0.531,1
SAH-00459,39,Male,Constable,CISF,15,Married,2,J&K (High Risk),0.85,1,7,2,0,2240,58.4,16,12.1,5.4,45,38,0.844,7,0,4,1,14,9.1,3.1,7.9,6.3,3.8,0.378,0
SAH-00460,56,Male,Head Constable,RPF,35,Married,2,Naxal Belt (High Risk),0.82,29,11,6,33,1052,36.8,10,15.3,1.9,45,28,0.622,2,9,2,0,1,3.1,3.7,10.0,7.5,5.3,0.45,0
SAH-00461,32,Male,Constable,NSG,13,Married,2,Urban Posting (Low),0.25,14,9,2,12,3035,53.7,14,24.2,6.0,45,17,0.378,3,0,7,0,9,7.5,3.8,5.1,5.8,5.7,0.291,0
SAH-00462,39,Male,Constable,AR,16,Married,1,Border Area (Moderate),0.55,17,6,3,17,1972,35.0,18,8.6,6.5,30,17,0.567,11,1,4,2,13,6.8,1.7,4.2,4.8,1.1,0.606,1
SAH-00463,32,Male,DIG,ITBP,9,Married,1,Naxal Belt (High Risk),0.82,13,13,6,12,2608,50.8,7,16.4,7.8,30,30,1.0,0,1,0,2,4,3.1,4.2,6.6,7.3,7.7,0.36,0
SAH-00464,29,Male,Head Constable,AR,6,Single,2,HQ / Admin (Low),0.15,29,1,4,31,2021,59.0,15,21.4,7.3,30,25,0.833,14,5,0,2,16,6.7,3.9,6.5,3.2,5.4,0.609,1
SAH-00465,27,Male,ASI,BSF,9,Married,2,Urban Posting (Low),0.25,34,9,5,32,2154,56.0,14,9.6,7.9,30,16,0.533,2,0,7,1,17,6.7,1.5,10.0,3.6,3.2,0.437,0
SAH-00466,48,Male,Inspector,CRPF,25,Married,1,J&K (High Risk),0.85,27,12,5,28,91,61.6,2,9.6,7.0,60,60,1.0,0,3,4,0,18,5.8,4.4,7.0,7.7,9.8,0.45,0
SAH-00467,34,Male,IG,CISF,13,Married,3,Urban Posting (Low),0.25,33,13,6,38,2918,56.2,5,2.9,4.5,60,53,0.883,10,6,5,2,6,8.3,1.7,10.0,3.1,5.9,0.436,0
SAH-00468,51,Male,ASI,RPF,31,Married,1,J&K (High Risk),0.85,29,10,0,28,3242,45.5,2,28.4,4.6,30,3,0.1,9,11,0,1,17,8.0,3.3,9.3,1.9,8.1,0.457,0
SAH-00469,39,Male,Inspector,BSF,17,Married,4,Urban Posting (Low),0.25,19,9,6,17,1897,35.0,4,19.1,7.5,45,9,0.2,4,8,2,2,11,7.6,2.7,8.3,3.5,7.5,0.366,0
SAH-00470,36,Male,Head Constable,CRPF,12,Married,1,Northeast (High Risk),0.8,24,5,4,22,392,53.4,0,10.4,4.7,30,19,0.633,0,9,1,0,14,8.8,2.8,3.6,7.7,9.0,0.471,0
SAH-00471,25,Male,Head Constable,RPF,2,Married,1,Urban Posting (Low),0.25,14,7,3,19,381,57.7,13,10.1,6.6,45,20,0.444,11,2,4,2,13,4.4,2.7,5.7,7.3,7.1,0.343,0
SAH-00472,55,Male,Head Constable,RPF,37,Single,0,Naxal Belt (High Risk),0.82,5,1,3,7,1510,35.0,11,6.7,8.9,45,41,0.911,8,3,0,0,9,5.0,3.5,7.0,2.6,6.9,0.252,0
SAH-00473,32,Male,SI,RPF,11,Married,1,Training Center (Low),0.2,24,4,6,22,390,56.8,12,16.3,4.3,30,29,0.967,6,4,7,0,16,4.7,2.1,1.3,3.9,6.5,0.281,0
SAH-00474,45,Male,SI,CISF,22,Married,4,Naxal Belt (High Risk),0.82,34,12,7,33,2438,53.1,13,12.3,7.0,45,15,0.333,10,4,6,0,0,5.0,3.9,5.2,2.5,7.9,0.537,1
SAH-00475,41,Male,Head Constable,BSF,23,Married,5,Border Area (Moderate),0.55,31,10,2,28,2946,47.6,11,7.7,3.9,45,38,0.844,7,1,5,1,3,5.0,3.5,5.9,6.8,3.9,0.357,0
SAH-00476,56,Male,Constable,RPF,36,Single,0,Northeast (High Risk),0.8,30,4,1,28,2279,57.3,12,8.8,6.7,45,28,0.622,8,4,5,0,8,5.7,2.8,4.9,3.1,5.8,0.507,1
SAH-00477,43,Female,ASI,AR,24,Married,3,HQ / Admin (Low),0.15,9,5,0,7,1750,48.7,5,20.8,8.7,30,14,0.467,9,9,7,3,3,5.2,3.9,10.0,6.4,3.9,0.357,0
SAH-00478,36,Male,Constable,BSF,13,Single,0,Urban Posting (Low),0.25,27,6,0,25,3081,47.9,14,11.9,8.2,60,53,0.883,7,0,5,0,18,3.8,2.5,7.5,5.1,6.9,0.441,0
SAH-00479,34,Male,ASI,NSG,13,Widowed,5,Northeast (High Risk),0.8,28,4,1,31,1337,36.7,15,5.2,4.7,45,29,0.644,2,6,1,0,4,7.6,3.0,6.1,5.7,4.4,0.468,0
SAH-00480,51,Male,SI,AR,33,Married,1,HQ / Admin (Low),0.15,26,6,5,25,1283,56.9,8,15.5,8.6,45,33,0.733,6,4,2,0,17,4.2,1.5,2.8,2.1,4.6,0.574,1
SAH-00481,25,Male,SI,CISF,7,Married,5,Naxal Belt (High Risk),0.82,18,10,5,18,2620,36.3,7,9.5,5.1,30,4,0.133,6,5,4,0,14,9.1,2.4,5.4,7.3,1.2,0.556,1
SAH-00482,55,Male,SI,RPF,32,Married,3,Urban Posting (Low),0.25,8,7,5,6,2279,43.8,4,20.2,10.0,30,20,0.667,13,8,0,0,19,7.6,2.1,9.7,8.6,9.0,0.298,0
SAH-00483,43,Female,Inspector,BSF,25,Married,4,Urban Posting (Low),0.25,18,3,3,19,1517,57.5,14,27.1,5.6,45,18,0.4,6,2,1,0,7,3.6,1.2,5.3,8.5,2.5,0.448,0
SAH-00484,49,Male,Head Constable,SSB,30,Married,4,J&K (High Risk),0.85,20,9,4,25,2348,50.0,6,0.0,6.8,30,17,0.567,11,0,2,0,1,6.0,2.8,5.7,5.6,5.9,0.489,0
SAH-00485,31,Male,SI,CISF,13,Married,5,HQ / Admin (Low),0.15,32,8,0,37,187,72.5,16,9.3,6.8,30,9,0.3,7,7,3,0,12,3.2,2.9,3.9,1.4,6.2,0.42,0
SAH-00486,38,Male,ASI,BSF,14,Married,1,Naxal Belt (High Risk),0.82,29,1,1,32,3339,59.1,15,16.1,3.3,30,21,0.7,3,1,0,0,12,8.5,3.3,6.8,4.8,7.8,0.433,0
SAH-00487,32,Male,Constable,NSG,10,Married,2,Northeast (High Risk),0.8,18,13,2,22,2848,61.0,10,14.4,8.3,30,7,0.233,10,1,5,1,13,6.0,3.6,7.1,6.0,4.0,0.4,0
SAH-00488,29,Male,Constable,RPF,5,Divorced,4,Training Center (Low),0.2,7,2,6,8,2551,62.2,6,25.0,5.9,30,6,0.2,5,9,5,0,14,5.9,2.8,6.9,5.8,2.3,0.338,0
SAH-00489,30,Male,Constable,CRPF,8,Married,2,Urban Posting (Low),0.25,1,2,2,2,2980,49.1,10,14.8,4.4,30,8,0.267,1,3,2,0,11,6.4,3.5,4.1,2.4,6.9,0.349,0
SAH-00490,37,Male,Head Constable,RPF,19,Married,4,J&K (High Risk),0.85,28,10,6,27,136,45.6,1,16.6,4.0,30,27,0.9,6,4,6,0,4,5.7,3.9,7.5,6.9,7.3,0.441,0
SAH-00491,27,Male,ASI,CRPF,4,Married,1,J&K (High Risk),0.85,33,9,3,35,1883,37.4,1,18.4,4.3,60,8,0.133,8,0,6,1,2,4.7,4.1,5.7,7.0,5.7,0.586,1
SAH-00492,33,Female,Inspector,SSB,11,Married,1,Urban Posting (Low),0.25,4,12,0,1,2390,35.0,5,9.6,5.3,30,24,0.8,4,10,1,0,17,5.8,3.6,7.0,7.0,5.1,0.329,0
SAH-00493,29,Male,Constable,CISF,8,Married,4,J&K (High Risk),0.85,20,9,4,19,2189,65.8,2,19.1,3.4,30,4,0.133,3,2,6,0,2,8.5,3.5,8.1,4.1,4.9,0.42,0
SAH-00494,47,Male,Constable,NSG,25,Single,0,HQ / Admin (Low),0.15,31,9,0,29,257,44.5,0,18.2,3.9,45,31,0.689,1,10,5,0,13,4.9,2.0,7.3,2.6,2.8,0.456,0
SAH-00495,22,Male,Commandant,BSF,1,Married,1,Urban Posting (Low),0.25,28,1,6,31,3325,62.7,19,15.8,2.0,30,26,0.867,6,7,4,3,1,8.8,3.8,7.8,4.5,1.0,0.532,1
SAH-00496,25,Male,Constable,BSF,7,Divorced,1,Naxal Belt (High Risk),0.82,3,7,5,8,2283,35.0,15,0.0,3.9,30,9,0.3,1,5,1,0,17,5.1,2.0,7.9,7.9,8.3,0.383,0
SAH-00497,49,Female,Head Constable,CRPF,26,Married,3,Naxal Belt (High Risk),0.82,6,12,2,6,3206,49.8,13,8.9,8.2,30,8,0.267,1,2,5,0,12,6.4,3.3,8.2,3.6,5.0,0.408,0
SAH-00498,57,Male,ASI,NSG,37,Married,1,Border Area (Moderate),0.55,23,11,0,26,1900,67.2,16,16.5,7.9,45,17,0.378,8,11,4,0,1,9.9,3.7,8.5,3.8,6.6,0.48,0
SAH-00499,39,Male,ASI,AR,16,Single,2,Naxal Belt (High Risk),0.82,7,13,2,11,1737,55.2,17,14.2,6.0,45,35,0.778,1,6,2,3,11,7.1,3.4,8.9,3.4,4.3,0.368,0
SAH-00500,28,Male,Constable,SSB,5,Married,1,Urban Posting (Low),0.25,1,3,1,0,2253,55.5,3,21.0,9.7,30,10,0.333,9,10,2,0,1,6.7,1.0,7.4,4.7,4.3,0.367,0
SAH-00501,21,Female,Constable,CRPF,1,Married,1,HQ / Admin (Low),0.15,6,11,1,9,2390,45.0,2,21.1,7.9,45,27,0.6,2,5,1,0,7,7.3,3.8,8.2,6.3,4.1,0.28,0
SAH-00502,42,Male,Constable,CRPF,21,Married,5,Border Area (Moderate),0.55,24,9,2,23,2630,41.2,7,17.8,6.4,60,14,0.233,2,4,1,0,4,8.0,4.5,6.8,6.9,4.6,0.425,0
SAH-00503,37,Male,ASI,SSB,18,Single,1,Naxal Belt (High Risk),0.82,24,8,4,28,2258,51.5,3,21.1,6.6,30,16,0.533,1,7,4,3,10,4.3,1.4,7.9,3.0,7.3,0.57,1
SAH-00504,27,Male,ASI,CISF,3,Married,1,Northeast (High Risk),0.8,29,3,7,31,1558,38.5,14,19.0,5.7,45,32,0.711,9,7,6,1,12,7.0,3.2,5.6,7.5,5.3,0.483,0
SAH-00505,45,Female,Constable,BSF,27,Married,4,Urban Posting (Low),0.25,32,1,4,31,1576,50.7,12,10.8,3.0,30,5,0.167,2,2,0,0,16,6.5,2.8,3.0,7.8,8.4,0.444,0
SAH-00506,24,Male,ASI,CISF,5,Single,0,Urban Posting (Low),0.25,25,9,7,29,900,63.8,13,15.0,5.0,45,41,0.911,8,7,1,0,15,1.7,3.0,9.4,4.9,2.7,0.427,0
SAH-00507,56,Male,Inspector,NSG,36,Married,1,Urban Posting (Low),0.25,10,13,0,9,2253,36.8,13,6.2,1.0,45,45,1.0,10,9,5,0,18,6.5,4.3,6.9,2.7,4.6,0.367,0
SAH-00508,26,Male,Constable,AR,7,Married,4,J&K (High Risk),0.85,35,10,2,40,2240,59.7,4,26.9,3.3,45,13,0.289,14,8,0,0,14,4.0,3.2,6.8,8.0,4.9,0.576,1
SAH-00509,51,Male,Head Constable,RPF,33,Married,1,Training Center (Low),0.2,25,1,3,24,3405,64.0,4,5.0,8.3,45,38,0.844,10,11,0,0,17,6.2,2.0,8.3,6.3,6.5,0.494,0
SAH-00510,39,Male,SI,ITBP,15,Single,0,Naxal Belt (High Risk),0.82,27,3,4,24,2659,48.9,12,0.0,5.7,45,18,0.4,10,9,7,2,5,8.0,2.3,5.2,9.3,3.6,0.408,0
SAH-00511,47,Male,Constable,ITBP,23,Single,1,Urban Posting (Low),0.25,32,13,6,30,2132,52.4,3,32.0,3.4,30,23,0.767,2,2,7,0,3,4.1,2.2,6.3,2.6,7.3,0.277,0
SAH-00512,30,Male,Head Constable,ITBP,12,Married,3,Urban Posting (Low),0.25,12,6,4,12,273,46.2,17,14.3,6.6,30,12,0.4,4,10,6,0,3,5.8,1.1,5.3,6.1,6.3,0.385,0
SAH-00513,46,Male,ASI,SSB,26,Single,1,Urban Posting (Low),0.25,4,6,5,2,2765,48.3,5,22.2,6.7,45,43,0.956,11,7,0,2,12,5.1,2.5,6.1,8.4,8.2,0.277,0
SAH-00514,39,Male,Dy. Commandant,CRPF,21,Married,4,Naxal Belt (High Risk),0.82,26,14,1,26,2490,61.8,4,20.9,8.6,30,13,0.433,14,7,2,0,8,8.3,3.7,5.7,6.4,4.0,0.562,1
SAH-00515,23,Male,Inspector,AR,3,Married,5,Border Area (Moderate),0.55,3,11,4,3,2505,60.7,2,23.4,9.1,30,28,0.933,6,11,7,1,9,4.9,3.3,5.4,1.1,1.7,0.461,0
SAH-00516,33,Male,ASI,CISF,13,Married,4,J&K (High Risk),0.85,17,10,6,17,1461,56.7,19,19.7,7.1,30,25,0.833,0,6,2,0,13,6.4,3.2,7.3,1.3,6.9,0.507,1
SAH-00517,48,Male,SI,RPF,30,Married,1,Urban Posting (Low),0.25,9,4,4,6,1769,59.3,2,19.8,2.5,30,8,0.267,13,7,7,2,7,7.3,2.7,2.8,9.1,7.2,0.319,0
SAH-00518,40,Male,Head Constable,BSF,18,Married,1,J&K (High Risk),0.85,29,2,6,34,346,54.4,2,0.0,10.0,30,7,0.233,0,0,0,1,2,7.5,2.9,9.1,4.3,1.0,0.462,0
SAH-00519,48,Male,ASI,ITBP,24,Married,2,Naxal Belt (High Risk),0.82,1,13,7,4,372,37.3,19,7.3,8.2,45,39,0.867,14,2,0,1,8,4.1,3.5,5.1,6.5,6.1,0.505,1
SAH-00520,28,Male,Head Constable,CISF,8,Married,2,J&K (High Risk),0.85,18,10,5,16,1927,64.8,1,0.0,7.2,30,14,0.467,9,5,2,0,0,5.5,3.8,7.5,2.9,5.6,0.485,0
SAH-00521,21,Male,Constable,ITBP,3,Single,1,Training Center (Low),0.2,20,6,7,19,1561,41.3,19,8.4,5.5,45,45,1.0,12,11,4,0,14,9.2,3.3,7.6,4.4,3.9,0.345,0
SAH-00522,23,Male,SI,AR,1,Single,0,Border Area (Moderate),0.55,34,10,6,38,2136,50.8,17,10.7,2.4,30,30,1.0,1,6,6,2,14,6.0,1.9,5.9,7.4,8.1,0.497,0
SAH-00523,33,Male,ASI,ITBP,9,Married,2,Urban Posting (Low),0.25,28,5,4,31,554,62.2,9,14.1,4.4,45,35,0.778,0,6,6,0,6,8.1,2.6,7.4,6.1,4.2,0.424,0
SAH-00524,48,Female,Head Constable,BSF,28,Married,2,Urban Posting (Low),0.25,35,13,5,35,2850,35.2,6,7.4,5.4,30,18,0.6,0,10,7,1,14,10.0,3.4,4.3,4.6,8.4,0.422,0
SAH-00525,45,Male,Dy. Commandant,RPF,21,Married,1,Training Center (Low),0.2,16,6,2,16,1610,59.5,19,12.2,4.7,60,17,0.283,13,5,5,0,6,5.9,2.3,5.4,7.1,6.9,0.371,0
SAH-00526,53,Male,Constable,NSG,31,Married,5,J&K (High Risk),0.85,21,7,2,26,3437,37.7,13,10.9,7.7,30,29,0.967,13,11,6,0,12,7.7,2.4,6.0,5.4,6.4,0.485,0
SAH-00527,26,Male,Head Constable,NSG,2,Married,4,Urban Posting (Low),0.25,13,11,1,14,3238,59.1,9,17.8,5.3,45,8,0.178,9,11,3,0,11,7.9,3.7,7.4,7.5,6.0,0.349,0
SAH-00528,52,Female,Constable,AR,31,Single,0,Border Area (Moderate),0.55,35,9,0,36,1415,66.4,19,21.1,3.9,30,14,0.467,3,11,7,0,17,3.3,3.8,5.8,4.6,6.5,0.481,0
SAH-00529,41,Male,SI,NSG,18,Married,1,J&K (High Risk),0.85,32,12,5,35,2337,43.1,15,16.7,6.5,45,18,0.4,9,10,7,3,6,6.8,2.0,6.2,6.1,3.8,0.517,1
SAH-00530,36,Male,SI,SSB,15,Married,1,Northeast (High Risk),0.8,6,12,4,3,736,41.6,5,20.0,3.8,30,30,1.0,11,3,1,1,6,9.0,1.6,8.2,9.5,2.6,0.351,0
SAH-00531,41,Male,Head Constable,CRPF,19,Married,3,Northeast (High Risk),0.8,13,14,0,12,2067,52.9,16,16.5,2.2,30,6,0.2,11,4,0,0,14,2.8,1.8,7.3,5.8,8.4,0.394,0
SAH-00532,31,Male,SI,SSB,11,Married,3,J&K (High Risk),0.85,13,7,2,11,1518,41.2,5,24.5,6.5,30,29,0.967,2,8,2,1,8,5.8,3.7,10.0,6.9,3.9,0.423,0
SAH-00533,57,Male,Head Constable,CISF,38,Single,1,Naxal Belt (High Risk),0.82,12,4,4,14,789,35.0,17,29.9,5.4,45,25,0.556,0,0,6,0,5,6.2,2.2,4.7,2.0,4.6,0.384,0
SAH-00534,56,Male,SI,SSB,37,Married,3,J&K (High Risk),0.85,33,10,0,35,1046,51.7,9,0.0,5.8,30,4,0.133,2,1,0,1,8,5.8,2.5,3.9,5.8,2.3,0.606,1
SAH-00535,55,Female,Head Constable,CISF,37,Married,4,Border Area (Moderate),0.55,28,5,5,25,2584,56.0,9,24.1,8.3,45,37,0.822,0,4,0,1,18,5.6,1.8,10.0,5.9,6.2,0.407,0
SAH-00536,39,Male,Head Constable,CISF,15,Married,4,Northeast (High Risk),0.8,3,13,5,5,2862,48.1,8,4.7,6.0,60,12,0.2,2,4,7,0,19,3.8,3.0,7.0,3.1,2.9,0.429,0
SAH-00537,40,Male,Dy. Commandant,CRPF,21,Married,4,Northeast (High Risk),0.8,18,6,0,16,1484,53.4,14,16.5,6.6,30,10,0.333,3,11,7,0,15,6.8,2.8,9.2,5.0,5.8,0.457,0
SAH-00538,38,Male,Constable,BSF,19,Divorced,4,HQ / Admin (Low),0.15,26,13,6,26,1965,64.6,10,17.1,5.5,60,53,0.883,10,6,0,0,15,4.5,3.4,4.5,4.9,4.4,0.368,0
SAH-00539,34,Male,Constable,RPF,10,Married,4,Border Area (Moderate),0.55,2,9,5,4,672,47.7,6,19.9,7.1,30,7,0.233,12,7,6,3,0,4.6,3.3,5.5,3.3,5.5,0.443,0
SAH-00540,35,Male,ASI,AR,11,Married,2,Northeast (High Risk),0.8,4,5,3,3,2833,49.3,17,14.6,1.2,45,19,0.422,10,9,0,0,12,2.2,1.1,6.8,4.5,8.4,0.416,0
SAH-00541,51,Male,Commandant,CRPF,31,Single,1,Border Area (Moderate),0.55,28,5,2,27,347,51.8,1,15.0,4.0,60,27,0.45,13,5,4,2,18,3.2,3.4,6.5,9.7,2.7,0.487,0
SAH-00542,21,Male,Head Constable,AR,1,Married,3,Northeast (High Risk),0.8,28,7,1,27,1125,48.2,1,17.7,4.7,60,41,0.683,13,5,1,1,3,9.0,2.9,6.3,5.5,4.0,0.532,1
SAH-00543,23,Female,Constable,NSG,5,Single,0,J&K (High Risk),0.85,25,2,1,25,2830,48.2,12,12.2,4.5,30,26,0.867,7,4,1,0,18,6.2,4.2,3.3,6.1,3.5,0.522,1
SAH-00544,36,Male,Head Constable,NSG,14,Divorced,3,J&K (High Risk),0.85,26,3,3,31,3098,72.5,10,0.0,3.9,60,19,0.317,2,4,7,2,9,7.5,2.2,6.3,9.3,6.0,0.466,0
SAH-00545,43,Male,Head Constable,SSB,22,Married,2,HQ / Admin (Low),0.15,2,12,0,2,353,53.5,18,15.0,5.3,30,9,0.3,2,10,7,0,12,4.2,3.5,7.2,1.0,5.8,0.387,0
SAH-00546,31,Male,Constable,CISF,11,Married,2,Urban Posting (Low),0.25,34,2,5,34,1361,48.4,19,9.0,5.2,30,9,0.3,12,7,2,0,0,2.1,3.1,5.8,9.8,4.6,0.617,1
SAH-00547,32,Male,ASI,ITBP,12,Married,5,Urban Posting (Low),0.25,30,10,3,30,713,68.6,0,8.3,5.3,30,14,0.467,8,4,4,1,12,4.7,2.1,8.5,7.0,7.3,0.41,0
SAH-00548,30,Male,IG,ITBP,9,Married,5,HQ / Admin (Low),0.15,21,10,3,24,2996,65.0,16,7.5,5.9,30,19,0.633,10,5,4,0,9,2.2,4.1,8.5,3.0,5.1,0.381,0
SAH-00549,52,Male,Head Constable,AR,34,Married,2,HQ / Admin (Low),0.15,23,12,5,24,1191,59.5,19,0.0,6.5,45,5,0.111,8,2,1,0,14,4.6,3.4,6.9,3.0,3.8,0.462,0
SAH-00550,36,Male,Head Constable,CISF,13,Married,2,Urban Posting (Low),0.25,33,14,2,31,2042,44.7,17,11.8,3.9,30,26,0.867,5,4,2,0,14,8.3,2.7,5.0,7.1,7.6,0.316,0
SAH-00551,28,Male,Head Constable,AR,7,Divorced,3,Urban Posting (Low),0.25,2,2,5,5,2888,84.8,7,15.0,4.5,60,60,1.0,9,8,4,0,6,5.8,2.1,7.2,7.1,4.5,0.396,0
SAH-00552,32,Male,Constable,CRPF,14,Married,2,Naxal Belt (High Risk),0.82,27,3,7,26,2744,35.0,12,21.1,7.3,45,42,0.933,3,2,2,2,13,8.9,4.2,7.5,6.4,4.7,0.484,0
SAH-00553,44,Male,Inspector,BSF,25,Divorced,1,J&K (High Risk),0.85,22,6,5,19,258,35.0,3,10.3,3.6,60,8,0.133,9,7,1,2,7,7.1,3.9,6.7,3.6,4.8,0.44,0
SAH-00554,48,Female,Head Constable,RPF,24,Married,3,Border Area (Moderate),0.55,34,5,6,39,3248,56.6,18,27.6,3.9,45,28,0.622,4,10,0,0,18,8.1,3.0,5.0,6.0,5.4,0.569,1
SAH-00555,28,Male,Head Constable,CRPF,8,Married,2,Border Area (Moderate),0.55,16,11,4,17,1366,47.7,2,19.7,4.0,45,41,0.911,12,6,5,0,17,5.5,3.0,8.2,4.2,7.4,0.344,0
SAH-00556,48,Male,ASI,CISF,30,Married,3,HQ / Admin (Low),0.15,20,14,0,17,568,35.0,5,6.0,5.1,30,13,0.433,8,3,5,1,14,3.2,1.9,7.4,5.0,6.8,0.329,0
SAH-00557,56,Male,Head Constable,CISF,34,Married,3,Naxal Belt (High Risk),0.82,26,13,1,23,3343,50.3,5,11.1,7.5,45,44,0.978,0,4,5,0,8,4.0,4.4,5.7,3.5,6.2,0.422,0
SAH-00558,46,Male,ASI,BSF,22,Single,0,Urban Posting (Low),0.25,16,5,1,13,2174,52.9,5,31.2,6.5,30,29,0.967,6,7,4,0,11,8.5,1.9,6.8,4.1,3.1,0.438,0
SAH-00559,28,Male,Constable,AR,6,Married,5,Border Area (Moderate),0.55,6,2,3,11,387,50.0,7,21.1,3.8,30,7,0.233,14,9,2,1,13,6.4,3.9,4.7,1.3,5.0,0.366,0
SAH-00560,48,Male,Inspector,SSB,24,Married,3,J&K (High Risk),0.85,23,2,6,27,2960,55.6,16,10.8,9.1,30,17,0.567,10,6,0,1,1,3.3,5.0,2.7,8.5,4.7,0.605,1
SAH-00561,48,Male,Commandant,SSB,28,Married,3,Border Area (Moderate),0.55,8,12,3,10,1863,46.4,9,22.1,4.1,45,5,0.111,6,9,1,0,4,7.3,2.2,3.4,3.8,6.1,0.367,0
SAH-00562,57,Male,ASI,BSF,36,Married,4,Border Area (Moderate),0.55,6,1,3,8,1919,50.3,4,4.9,2.3,30,11,0.367,9,9,7,1,4,2.9,2.5,7.0,8.2,4.6,0.472,0
SAH-00563,56,Male,Commandant,SSB,33,Divorced,2,Border Area (Moderate),0.55,22,3,0,24,962,67.7,18,10.6,9.1,30,27,0.9,0,1,6,0,13,6.9,2.2,5.9,4.6,7.9,0.35,0
SAH-00564,47,Male,Constable,ITBP,26,Married,3,Border Area (Moderate),0.55,6,12,3,6,3396,63.5,10,0.0,3.8,30,30,1.0,13,7,3,0,3,5.5,4.2,7.3,4.3,6.3,0.31,0
SAH-00565,37,Male,Head Constable,SSB,19,Married,4,J&K (High Risk),0.85,32,12,3,33,856,49.5,9,19.8,5.3,30,30,1.0,0,7,5,0,1,7.4,3.1,8.2,1.3,6.2,0.471,0
SAH-00566,29,Female,ASI,SSB,8,Single,2,Border Area (Moderate),0.55,17,11,4,16,3238,58.6,2,5.7,5.2,45,6,0.133,14,8,4,0,0,5.5,1.5,7.2,9.3,3.0,0.439,0
SAH-00567,53,Male,ASI,SSB,33,Single,1,Border Area (Moderate),0.55,17,14,0,16,1365,62.5,9,14.4,6.7,45,45,1.0,13,1,6,0,1,7.5,1.9,5.2,7.6,3.6,0.41,0
SAH-00568,40,Male,Head Constable,ITBP,22,Married,5,Border Area (Moderate),0.55,23,7,2,26,1344,40.7,1,2.6,1.8,60,55,0.917,8,3,7,1,12,2.9,3.7,7.3,3.6,3.9,0.444,0
SAH-00569,33,Male,Head Constable,AR,14,Married,5,Border Area (Moderate),0.55,13,11,6,14,3278,56.0,8,16.6,4.9,30,29,0.967,6,1,4,2,19,6.7,2.3,5.7,7.3,5.0,0.427,0
SAH-00570,48,Male,Constable,SSB,27,Married,2,J&K (High Risk),0.85,32,5,2,36,621,53.9,4,14.4,4.8,30,30,1.0,3,3,2,0,16,5.1,1.2,5.9,7.6,7.4,0.521,1
SAH-00571,49,Male,Head Constable,NSG,28,Single,0,Northeast (High Risk),0.8,22,7,5,23,3305,59.9,16,3.2,8.3,30,17,0.567,8,2,1,2,12,6.7,3.6,8.6,5.9,3.5,0.421,0
SAH-00572,33,Male,Constable,ITBP,10,Married,5,Naxal Belt (High Risk),0.82,7,9,4,7,2521,40.7,5,11.2,4.4,60,18,0.3,11,6,5,0,16,5.4,3.4,7.6,5.8,1.8,0.454,0
SAH-00573,55,Male,SI,BSF,37,Married,5,Naxal Belt (High Risk),0.82,22,6,1,21,1729,51.6,10,16.1,4.9,30,3,0.1,4,4,1,0,4,4.2,2.2,5.7,5.5,7.9,0.46,0
SAH-00574,26,Male,Constable,CRPF,4,Married,3,Border Area (Moderate),0.55,21,2,5,19,2770,42.9,4,18.6,7.0,30,3,0.1,2,6,4,0,7,5.8,2.6,4.9,3.9,4.1,0.529,1
SAH-00575,38,Male,Constable,BSF,17,Single,0,Training Center (Low),0.2,6,1,2,5,1089,56.0,6,27.7,6.5,30,22,0.733,1,1,4,0,11,8.5,2.7,9.3,4.7,4.9,0.108,0
SAH-00576,25,Male,ASI,CRPF,5,Single,1,J&K (High Risk),0.85,14,1,0,17,975,42.1,6,24.7,4.1,30,13,0.433,8,3,5,0,8,4.8,2.8,6.4,3.6,7.0,0.36,0
SAH-00577,45,Male,ASI,RPF,24,Married,5,J&K (High Risk),0.85,16,10,1,20,1834,45.5,3,9.4,6.4,30,17,0.567,3,5,5,2,17,6.4,4.4,4.2,7.6,7.3,0.344,0
SAH-00578,22,Female,Inspector,BSF,1,Single,0,Naxal Belt (High Risk),0.82,3,9,7,4,147,53.5,9,9.3,4.0,45,10,0.222,6,11,2,0,15,4.7,3.7,5.6,8.8,3.2,0.449,0
SAH-00579,30,Male,ASI,NSG,11,Divorced,1,Naxal Belt (High Risk),0.82,9,14,3,6,1689,40.7,17,3.6,7.1,45,45,1.0,0,4,7,0,18,2.1,3.6,3.0,6.2,5.5,0.431,0
SAH-00580,50,Male,Head Constable,CRPF,27,Married,5,Border Area (Moderate),0.55,21,6,0,20,2397,35.0,0,6.9,5.2,30,6,0.2,8,10,2,1,7,6.2,2.9,1.3,4.5,7.8,0.437,0
SAH-00581,25,Male,Inspector,CRPF,4,Single,1,Training Center (Low),0.2,30,6,1,30,796,64.5,13,21.9,3.0,30,16,0.533,11,1,3,0,6,10.0,2.2,8.4,4.6,5.1,0.412,0
SAH-00582,53,Male,ASI,CISF,31,Single,0,Training Center (Low),0.2,30,4,2,30,1495,44.3,5,2.3,1.2,30,16,0.533,8,11,0,0,8,3.3,4.4,4.7,6.2,7.2,0.45,0
SAH-00583,21,Male,Constable,CRPF,1,Married,3,J&K (High Risk),0.85,32,12,5,29,1380,35.2,10,13.8,4.7,45,4,0.089,9,6,2,0,11,7.9,3.0,4.1,6.6,5.3,0.542,1
SAH-00584,38,Male,ASI,CRPF,17,Single,1,HQ / Admin (Low),0.15,23,14,3,28,2371,38.7,13,12.6,3.9,45,34,0.756,5,1,0,0,13,1.3,2.0,5.4,5.8,7.2,0.313,0
SAH-00585,52,Male,Dy. Commandant,CISF,34,Married,5,J&K (High Risk),0.85,3,2,3,3,310,50.8,19,8.9,5.0,60,38,0.633,5,8,4,1,9,5.9,5.0,5.8,4.1,7.7,0.37,0
SAH-00586,31,Male,Head Constable,SSB,10,Divorced,5,Border Area (Moderate),0.55,1,10,6,0,1312,70.9,2,4.6,5.4,30,17,0.567,13,6,3,0,15,3.2,3.2,5.3,7.8,8.5,0.422,0
SAH-00587,41,Male,Constable,SSB,19,Married,1,Urban Posting (Low),0.25,3,3,0,8,985,50.3,15,0.0,1.7,45,41,0.911,14,11,3,0,1,6.9,1.9,4.7,5.8,5.9,0.329,0
SAH-00588,46,Male,Constable,CISF,28,Married,4,Urban Posting (Low),0.25,7,3,5,7,1847,59.0,15,4.7,4.0,60,20,0.333,5,2,6,0,5,4.9,3.9,6.4,6.4,4.2,0.281,0
SAH-00589,45,Male,Constable,ITBP,25,Single,0,Northeast (High Risk),0.8,3,8,3,3,381,47.4,6,14.3,5.2,45,43,0.956,4,5,6,0,10,4.8,4.0,6.0,1.3,5.6,0.403,0
SAH-00590,42,Male,Head Constable,RPF,24,Married,4,Naxal Belt (High Risk),0.82,3,6,1,5,164,54.2,7,19.8,5.7,30,28,0.933,10,4,6,0,3,3.7,2.6,9.9,5.1,5.7,0.376,0
SAH-00591,47,Male,ASI,CRPF,24,Married,1,Border Area (Moderate),0.55,4,7,6,8,317,49.5,3,27.9,7.1,45,41,0.911,0,11,3,0,4,1.7,2.1,5.8,6.9,5.0,0.412,0
SAH-00592,33,Male,Constable,CRPF,14,Married,3,Northeast (High Risk),0.8,31,9,6,32,2109,58.8,11,17.7,7.4,45,19,0.422,3,8,1,0,4,5.4,2.7,6.4,3.0,6.5,0.561,1
SAH-00593,53,Male,Dy. Commandant,CISF,30,Married,4,J&K (High Risk),0.85,2,1,4,6,122,38.4,11,19.7,5.0,30,7,0.233,9,2,5,0,16,4.6,3.7,4.7,2.0,6.1,0.379,0
SAH-00594,54,Male,SI,CISF,30,Married,1,Border Area (Moderate),0.55,14,2,2,11,1065,52.9,9,27.9,5.2,30,17,0.567,0,1,7,0,4,5.2,3.8,7.8,7.8,5.6,0.384,0
SAH-00595,55,Male,ASI,ITBP,37,Married,2,Border Area (Moderate),0.55,31,9,0,31,2971,53.8,11,17.7,4.5,45,16,0.356,4,1,6,2,10,5.3,2.4,9.8,5.8,9.4,0.481,0
SAH-00596,21,Female,Inspector,NSG,1,Single,0,Urban Posting (Low),0.25,2,5,5,0,2503,56.8,10,22.9,6.8,45,6,0.133,12,3,5,2,8,4.3,4.4,6.3,5.9,3.4,0.411,0
SAH-00597,41,Male,Constable,SSB,20,Married,5,J&K (High Risk),0.85,31,4,7,30,227,35.9,10,12.0,4.7,60,22,0.367,3,0,4,0,14,6.2,1.5,5.2,6.3,5.7,0.537,1
SAH-00598,26,Male,Head Constable,BSF,8,Married,1,Training Center (Low),0.2,22,1,7,25,2049,46.3,14,20.8,3.6,30,17,0.567,7,8,1,0,2,5.6,2.4,6.9,6.0,5.0,0.382,0
SAH-00599,48,Male,ASI,NSG,25,Married,5,J&K (High Risk),0.85,10,9,4,7,821,59.2,5,16.7,2.2,45,9,0.2,0,2,1,0,15,7.7,2.9,7.5,1.0,1.3,0.447,0
SAH-00600,37,Male,Inspector,AR,19,Single,0,Training Center (Low),0.2,30,11,7,31,995,54.7,10,13.1,3.6,30,30,1.0,7,4,3,0,8,10.0,2.7,10.0,4.7,3.7,0.339,0
SAH-00601,25,Male,SI,SSB,7,Married,1,Naxal Belt (High Risk),0.82,33,13,4,30,3380,72.8,1,27.4,5.0,60,45,0.75,13,1,7,0,5,6.5,2.5,6.2,5.2,2.2,0.445,0
SAH-00602,51,Male,Constable,CRPF,33,Married,1,Border Area (Moderate),0.55,19,9,0,21,449,45.6,8,5.4,7.5,30,7,0.233,7,7,1,0,8,8.2,4.3,5.8,5.8,6.7,0.31,0
SAH-00603,25,Male,Commandant,AR,5,Single,2,Training Center (Low),0.2,25,4,1,30,319,35.0,10,8.1,5.6,30,27,0.9,0,10,4,1,18,6.3,2.9,4.2,5.6,2.5,0.253,0
SAH-00604,23,Male,Constable,NSG,1,Married,2,Northeast (High Risk),0.8,1,9,5,0,1905,46.4,15,24.4,5.7,30,30,1.0,8,10,4,0,5,6.9,3.4,5.9,4.6,2.2,0.421,0
SAH-00605,43,Male,Inspector,CISF,21,Married,1,Northeast (High Risk),0.8,32,10,2,34,1705,35.0,12,22.8,5.5,45,16,0.356,12,2,6,2,10,5.3,3.3,5.7,7.3,4.6,0.474,0
SAH-00606,57,Female,DIG,ITBP,38,Divorced,3,Naxal Belt (High Risk),0.82,25,13,0,25,2583,60.4,12,15.1,8.1,30,7,0.233,8,4,1,0,1,5.8,3.4,7.6,4.9,4.3,0.47,0
SAH-00607,57,Male,Constable,SSB,37,Single,0,Northeast (High Risk),0.8,17,1,5,19,108,52.0,17,17.7,6.5,45,19,0.422,5,6,5,0,17,4.4,2.8,6.0,5.9,4.2,0.445,0
SAH-00608,30,Male,SI,ITBP,10,Married,5,Border Area (Moderate),0.55,14,5,4,12,2739,56.8,0,19.1,5.5,30,27,0.9,0,1,4,2,6,8.8,1.2,4.5,8.7,2.8,0.253,0
SAH-00609,30,Male,Constable,AR,6,Married,1,Northeast (High Risk),0.8,13,1,4,13,936,58.7,19,17.9,4.3,30,8,0.267,6,2,7,0,3,7.9,3.9,4.4,2.6,6.8,0.485,0
SAH-00610,39,Male,Head Constable,SSB,21,Divorced,4,Training Center (Low),0.2,2,4,0,5,315,64.5,9,16.9,3.0,30,26,0.867,6,7,5,2,6,6.5,2.9,5.7,1.0,4.7,0.418,0
SAH-00611,37,Male,Head Constable,RPF,14,Married,1,Border Area (Moderate),0.55,32,12,5,34,2172,35.0,18,8.3,8.8,30,24,0.8,8,9,0,0,16,3.9,2.5,8.0,6.2,6.9,0.424,0
SAH-00612,41,Female,ASI,RPF,18,Divorced,2,J&K (High Risk),0.85,32,5,4,37,2072,35.0,16,24.9,7.1,30,22,0.733,0,7,1,3,3,5.6,2.5,6.9,6.7,3.0,0.569,1
SAH-00613,34,Male,Dy. Commandant,NSG,15,Widowed,3,Training Center (Low),0.2,6,14,0,9,3211,42.9,0,13.4,5.1,45,23,0.511,13,2,3,3,12,7.9,3.3,7.4,9.9,3.7,0.236,0
SAH-00614,29,Male,SI,CRPF,11,Married,1,Naxal Belt (High Risk),0.82,25,11,6,22,554,48.4,0,7.1,9.1,30,14,0.467,14,9,6,0,19,10.0,2.5,6.5,5.6,3.3,0.541,1
SAH-00615,21,Male,Head Constable,RPF,2,Married,3,Naxal Belt (High Risk),0.82,3,3,0,5,2454,54.4,16,16.1,5.5,30,5,0.167,7,11,3,1,18,6.2,2.8,7.3,5.1,4.9,0.57,1
SAH-00616,33,Male,Inspector,RPF,10,Divorced,1,Naxal Belt (High Risk),0.82,18,2,2,17,2251,53.5,14,17.7,3.9,45,20,0.444,13,6,7,0,3,8.5,3.7,5.8,4.4,3.6,0.492,0
SAH-00617,24,Female,Commandant,BSF,1,Married,2,Border Area (Moderate),0.55,3,6,0,7,1973,54.1,1,18.2,7.9,30,21,0.7,11,10,4,0,12,6.3,3.2,4.8,7.7,7.2,0.297,0
SAH-00618,21,Male,Constable,ITBP,3,Married,2,Naxal Belt (High Risk),0.82,5,11,6,2,3339,35.0,10,22.8,2.9,45,44,0.978,12,1,4,0,0,8.6,2.1,4.8,6.5,1.0,0.326,0
SAH-00619,52,Male,DIG,ITBP,33,Married,4,Border Area (Moderate),0.55,24,13,5,22,535,42.5,1,12.0,4.7,60,55,0.917,10,8,3,0,1,1.8,3.6,4.7,7.1,8.4,0.356,0
SAH-00620,54,Male,Constable,RPF,35,Married,2,J&K (High Risk),0.85,34,3,5,33,1613,48.1,19,14.5,3.1,30,3,0.1,7,7,0,0,6,4.3,2.7,9.0,6.1,4.4,0.606,1
SAH-00621,48,Male,Inspector,BSF,30,Single,0,HQ / Admin (Low),0.15,24,10,7,23,1203,50.2,8,8.2,3.9,45,10,0.222,6,8,3,0,16,6.6,3.8,8.5,7.2,3.5,0.366,0
SAH-00622,51,Male,Constable,ITBP,27,Married,2,Urban Posting (Low),0.25,28,1,4,31,115,46.0,18,16.9,5.9,45,42,0.933,11,8,7,1,6,3.6,2.6,5.6,8.3,8.7,0.452,0
SAH-00623,28,Male,Constable,ITBP,9,Married,1,Northeast (High Risk),0.8,34,11,7,38,3265,55.1,1,8.1,6.2,30,30,1.0,5,6,1,0,12,6.8,3.1,6.8,6.7,4.8,0.492,0
SAH-00624,46,Male,Head Constable,SSB,22,Married,2,Urban Posting (Low),0.25,16,13,3,21,2477,38.3,15,10.3,3.3,45,7,0.156,0,3,3,3,16,6.1,3.6,7.9,4.4,4.4,0.397,0
SAH-00625,54,Male,ASI,SSB,33,Single,0,Border Area (Moderate),0.55,7,5,2,10,1386,46.2,19,22.9,9.1,30,24,0.8,10,11,2,0,0,2.8,2.1,5.3,3.6,3.8,0.463,0
SAH-00626,23,Male,Head Constable,BSF,1,Married,1,J&K (High Risk),0.85,18,2,5,22,456,58.0,8,16.1,1.3,30,13,0.433,9,11,0,0,1,2.4,3.7,6.3,5.8,4.5,0.475,0
SAH-00627,32,Male,Constable,AR,10,Married,4,J&K (High Risk),0.85,6,2,4,8,326,54.5,19,26.4,5.8,45,20,0.444,10,4,6,1,5,6.7,4.7,4.6,8.5,6.0,0.321,0
SAH-00628,21,Male,ASI,CRPF,1,Single,0,J&K (High Risk),0.85,28,4,4,26,2712,47.5,3,24.4,5.8,45,33,0.733,7,6,0,2,11,3.7,3.5,4.8,5.9,6.0,0.466,0
SAH-00629,25,Male,Dy. Commandant,NSG,1,Married,4,Training Center (Low),0.2,34,4,2,31,2411,47.8,12,16.7,6.0,60,54,0.9,11,4,3,1,12,5.1,3.2,7.8,2.2,2.6,0.545,1
SAH-00630,50,Male,Head Constable,RPF,26,Married,1,Border Area (Moderate),0.55,29,4,7,28,2646,46.3,14,17.8,7.3,45,16,0.356,4,11,2,0,19,7.3,3.9,6.6,9.1,2.7,0.533,1
SAH-00631,50,Male,Constable,RPF,30,Divorced,4,Naxal Belt (High Risk),0.82,4,7,2,9,1322,48.0,19,13.1,1.0,30,24,0.8,3,9,1,0,19,5.8,3.8,6.6,6.4,7.1,0.508,1
SAH-00632,37,Male,Head Constable,NSG,18,Single,0,J&K (High Risk),0.85,14,1,7,17,2018,46.0,1,23.4,4.0,45,33,0.733,4,7,7,0,8,5.2,3.1,8.8,5.3,3.9,0.338,0
SAH-00633,43,Male,Constable,RPF,24,Married,1,Border Area (Moderate),0.55,5,13,4,3,510,47.6,19,17.9,5.8,45,27,0.6,4,4,7,0,16,3.0,2.1,5.6,5.2,4.9,0.395,0
SAH-00634,35,Male,Inspector,RPF,15,Divorced,1,Border Area (Moderate),0.55,25,8,6,22,2496,55.5,17,22.3,8.9,45,31,0.689,13,4,3,0,17,9.0,2.3,7.9,1.0,5.2,0.503,1
SAH-00635,57,Male,Inspector,AR,38,Divorced,1,Urban Posting (Low),0.25,8,12,3,6,2548,55.3,8,9.8,4.3,45,5,0.111,12,4,1,0,7,7.6,2.6,4.8,3.8,7.9,0.3,0
SAH-00636,41,Female,ASI,ITBP,21,Married,5,HQ / Admin (Low),0.15,15,13,6,14,2568,36.2,19,4.1,5.1,60,6,0.1,9,3,2,0,7,4.7,1.7,5.7,3.8,7.6,0.313,0
SAH-00637,34,Male,Head Constable,CRPF,10,Married,3,Naxal Belt (High Risk),0.82,19,10,1,21,1717,73.5,0,19.0,7.0,30,19,0.633,2,10,7,1,10,4.2,4.4,5.1,6.7,5.7,0.375,0
SAH-00638,22,Male,Inspector,RPF,4,Single,0,Naxal Belt (High Risk),0.82,11,9,6,16,1632,45.5,2,20.6,3.1,30,18,0.6,3,11,6,1,7,4.9,2.1,4.9,5.1,3.7,0.494,0
SAH-00639,31,Male,ASI,BSF,10,Married,5,Naxal Belt (High Risk),0.82,20,10,4,24,1005,57.6,16,15.6,5.5,45,7,0.156,3,10,3,0,17,4.0,2.9,10.0,7.7,9.6,0.468,0
SAH-00640,54,Male,Inspector,AR,30,Married,5,Training Center (Low),0.2,18,13,2,23,756,39.1,10,19.6,5.3,45,26,0.578,7,11,3,0,17,5.4,2.1,4.0,1.2,6.4,0.391,0
SAH-00641,54,Male,ASI,RPF,33,Single,0,J&K (High Risk),0.85,14,14,0,18,152,69.6,7,8.2,4.3,45,38,0.844,4,6,7,0,12,8.2,3.6,5.1,10.0,7.7,0.349,0
SAH-00642,38,Male,SI,BSF,15,Married,5,Naxal Belt (High Risk),0.82,25,6,0,28,2425,58.5,11,22.5,6.5,30,19,0.633,5,1,1,0,0,8.0,4.0,2.4,8.0,4.5,0.447,0
SAH-00643,50,Female,ASI,SSB,26,Single,0,Urban Posting (Low),0.25,16,4,2,18,2698,56.6,10,24.4,9.8,30,18,0.6,9,9,3,1,14,8.0,1.7,5.5,6.4,2.7,0.421,0
SAH-00644,35,Male,Head Constable,ITBP,13,Married,1,J&K (High Risk),0.85,18,6,6,22,2343,49.9,12,23.2,5.8,30,24,0.8,1,3,2,0,5,3.4,3.7,6.1,4.8,6.0,0.425,0
SAH-00645,47,Male,Commandant,CISF,28,Divorced,1,Northeast (High Risk),0.8,1,10,2,3,3179,35.0,14,16.0,1.0,45,12,0.267,8,10,3,1,5,3.9,1.8,8.2,7.1,5.0,0.45,0
SAH-00646,54,Male,ASI,RPF,32,Single,1,Border Area (Moderate),0.55,1,7,1,0,2202,72.0,19,24.5,3.8,30,16,0.533,7,2,6,0,12,7.9,2.6,5.5,5.7,8.3,0.449,0
SAH-00647,53,Male,ASI,BSF,35,Divorced,4,Northeast (High Risk),0.8,1,6,5,6,2789,62.2,16,5.9,8.5,45,11,0.244,7,9,6,2,1,6.9,5.0,4.2,5.1,4.8,0.429,0
SAH-00648,44,Female,Constable,AR,23,Divorced,3,Naxal Belt (High Risk),0.82,21,11,7,26,1021,48.1,11,19.6,5.0,60,37,0.617,9,7,4,0,18,5.1,3.3,5.5,7.0,4.1,0.408,0
SAH-00649,35,Male,ASI,ITBP,11,Married,1,Border Area (Moderate),0.55,25,1,2,24,3190,57.7,18,20.7,3.2,30,20,0.667,4,6,2,1,16,7.4,3.9,7.0,7.2,7.6,0.405,0
SAH-00650,50,Male,ASI,CRPF,32,Single,0,Naxal Belt (High Risk),0.82,27,5,7,32,3090,36.3,19,19.0,7.0,30,6,0.2,4,2,0,0,0,7.0,3.3,8.0,6.2,4.2,0.506,1
SAH-00651,37,Male,Constable,AR,19,Married,2,J&K (High Risk),0.85,10,8,7,8,1375,35.0,10,7.5,4.2,30,5,0.167,14,3,1,0,13,2.9,2.8,5.2,4.5,4.4,0.389,0
SAH-00652,25,Male,Constable,SSB,6,Married,2,HQ / Admin (Low),0.15,12,8,0,11,202,52.2,9,16.8,5.6,30,8,0.267,2,3,7,0,15,1.5,2.4,4.6,5.3,1.9,0.345,0
SAH-00653,49,Male,ASI,NSG,31,Married,1,J&K (High Risk),0.85,28,12,3,30,3156,42.4,16,13.0,3.2,30,20,0.667,12,11,5,0,14,6.0,4.5,5.7,2.8,7.3,0.563,1
SAH-00654,24,Male,SI,RPF,1,Married,4,Urban Posting (Low),0.25,32,10,2,32,1006,46.2,12,0.0,4.7,30,8,0.267,10,9,5,0,8,1.7,4.9,7.2,2.7,4.6,0.383,0
SAH-00655,30,Male,ASI,CRPF,6,Divorced,2,J&K (High Risk),0.85,33,9,1,37,3136,51.4,15,5.6,5.4,45,16,0.356,1,6,2,2,18,8.2,3.1,8.1,4.3,2.6,0.545,1
SAH-00656,37,Male,Constable,BSF,16,Single,1,Border Area (Moderate),0.55,8,4,7,5,1179,37.8,19,24.3,5.3,30,24,0.8,8,7,7,0,7,7.0,4.2,4.5,7.4,7.3,0.391,0
SAH-00657,30,Male,ASI,RPF,6,Married,4,J&K (High Risk),0.85,26,10,3,28,779,51.0,19,11.8,6.2,45,15,0.333,14,3,7,0,14,5.3,3.9,5.1,5.7,4.5,0.528,1
SAH-00658,37,Male,Constable,BSF,15,Single,0,J&K (High Risk),0.85,2,6,1,0,123,38.8,16,23.4,5.9,60,29,0.483,5,7,5,2,9,3.5,2.8,2.3,7.4,8.6,0.432,0
SAH-00659,40,Male,Head Constable,CRPF,19,Married,1,J&K (High Risk),0.85,35,7,3,37,905,64.1,4,24.1,3.5,30,30,1.0,7,0,0,0,1,4.1,3.1,2.4,8.1,7.6,0.449,0
SAH-00660,44,Male,Constable,BSF,25,Widowed,4,Border Area (Moderate),0.55,34,5,2,31,2382,50.8,8,19.4,8.9,45,41,0.911,3,8,0,0,17,1.0,2.6,4.3,6.2,2.6,0.531,1
SAH-00661,25,Male,Constable,AR,4,Married,4,Border Area (Moderate),0.55,6,11,7,4,1623,58.3,3,10.1,5.2,30,10,0.333,4,6,2,3,19,8.8,5.0,4.5,3.4,6.4,0.5,1
SAH-00662,54,Male,Constable,ITBP,34,Single,0,J&K (High Risk),0.85,31,8,0,36,3318,35.0,8,22.6,2.8,30,20,0.667,9,3,0,0,1,6.4,3.8,5.5,7.1,7.1,0.48,0
SAH-00663,26,Male,Head Constable,BSF,4,Married,1,HQ / Admin (Low),0.15,23,3,3,25,329,59.1,15,16.7,1.1,45,34,0.756,4,7,0,0,11,5.6,3.0,7.1,3.2,1.6,0.255,0
SAH-00664,22,Male,Constable,SSB,2,Married,2,Northeast (High Risk),0.8,12,8,4,16,836,70.0,6,15.4,5.7,30,30,1.0,10,11,5,1,9,9.7,2.5,6.3,4.4,4.5,0.443,0
SAH-00665,33,Male,Head Constable,ITBP,13,Married,3,Border Area (Moderate),0.55,28,14,5,31,735,53.4,13,7.7,3.6,30,19,0.633,9,9,4,0,11,4.1,3.5,7.1,8.2,3.9,0.566,1
SAH-00666,31,Male,Head Constable,AR,8,Married,3,Northeast (High Risk),0.8,15,5,1,20,1629,58.3,13,11.0,6.6,30,19,0.633,3,1,3,1,6,5.6,1.7,8.3,5.5,7.2,0.435,0
SAH-00667,43,Male,Head Constable,RPF,19,Married,1,Border Area (Moderate),0.55,19,1,3,24,1018,49.1,6,7.8,5.6,60,59,0.983,10,7,5,0,1,4.6,2.2,7.0,6.4,3.2,0.278,0
SAH-00668,36,Male,Head Constable,CISF,17,Divorced,1,Urban Posting (Low),0.25,12,13,7,12,3274,56.5,15,22.7,10.0,30,4,0.133,1,9,5,0,0,10.0,2.8,6.1,1.4,5.5,0.335,0
SAH-00669,51,Male,Inspector,RPF,33,Divorced,2,Border Area (Moderate),0.55,2,6,1,5,2388,71.2,17,27.3,3.0,45,32,0.711,13,5,4,0,1,5.4,2.6,7.4,4.9,8.9,0.36,0
SAH-00670,31,Male,Constable,BSF,11,Married,4,Northeast (High Risk),0.8,11,2,0,12,2083,79.0,5,22.4,7.6,45,23,0.511,5,6,3,3,16,6.4,2.8,2.7,6.1,1.0,0.461,0
SAH-00671,36,Male,Head Constable,BSF,15,Married,1,Northeast (High Risk),0.8,25,7,1,28,3029,55.8,6,16.6,3.3,30,30,1.0,3,6,7,2,19,9.2,3.7,6.0,5.7,5.2,0.529,1
SAH-00672,28,Male,Constable,SSB,10,Married,5,Urban Posting (Low),0.25,21,9,1,21,1215,39.8,18,12.5,7.2,30,30,1.0,13,1,0,0,7,8.2,4.9,7.8,7.1,5.3,0.269,0
SAH-00673,24,Male,Constable,AR,3,Married,4,J&K (High Risk),0.85,9,3,4,6,817,59.5,7,18.8,8.3,30,8,0.267,10,10,3,0,11,2.7,3.7,6.2,4.2,1.0,0.499,0
SAH-00674,24,Female,ASI,SSB,3,Single,1,Naxal Belt (High Risk),0.82,12,14,1,12,2409,37.1,0,11.7,4.8,30,11,0.367,3,1,6,0,1,5.4,2.8,7.0,7.8,1.7,0.341,0
SAH-00675,45,Male,ASI,NSG,27,Married,5,J&K (High Risk),0.85,10,10,3,9,695,44.5,16,14.7,4.0,30,11,0.367,9,3,6,0,8,5.9,4.0,6.1,4.6,6.7,0.501,1
SAH-00676,23,Male,Inspector,AR,5,Married,2,Northeast (High Risk),0.8,5,14,7,10,3153,45.9,18,8.4,5.2,30,6,0.2,2,5,4,1,16,6.3,3.0,7.7,5.5,4.9,0.466,0
SAH-00677,52,Male,ASI,CRPF,28,Single,1,J&K (High Risk),0.85,33,4,1,34,75,76.5,6,20.2,4.0,30,17,0.567,7,3,1,3,16,6.6,1.1,8.3,3.5,5.4,0.623,1
SAH-00678,23,Male,Commandant,CRPF,2,Married,1,Training Center (Low),0.2,5,4,7,5,1984,69.1,17,20.6,8.7,30,18,0.6,5,5,1,1,9,4.2,4.2,2.3,6.6,4.7,0.388,0
SAH-00679,47,Male,Constable,CRPF,28,Married,3,Urban Posting (Low),0.25,16,4,2,20,2352,66.7,5,22.3,5.1,45,30,0.667,8,4,3,0,12,9.1,1.8,5.2,4.0,7.5,0.348,0
SAH-00680,49,Male,Constable,SSB,25,Married,1,Border Area (Moderate),0.55,29,3,1,30,1808,61.8,5,19.5,6.4,30,22,0.733,4,5,6,0,4,6.9,3.1,2.5,6.0,9.8,0.369,0
SAH-00681,52,Male,Constable,CRPF,30,Married,3,Northeast (High Risk),0.8,18,5,2,17,1129,41.1,0,18.9,6.4,60,9,0.15,5,8,1,0,13,7.3,2.2,1.0,7.1,7.2,0.346,0
SAH-00682,39,Male,Constable,AR,16,Widowed,2,Border Area (Moderate),0.55,29,9,5,27,2390,54.8,9,6.6,7.3,30,21,0.7,8,5,7,0,13,8.7,1.9,7.7,7.3,1.0,0.51,1
SAH-00683,41,Male,ASI,CRPF,19,Single,1,Border Area (Moderate),0.55,6,11,1,10,686,74.1,7,6.3,4.6,45,45,1.0,3,5,2,0,14,6.6,2.6,8.1,10.0,4.9,0.357,0
SAH-00684,25,Male,ASI,CISF,6,Married,4,Border Area (Moderate),0.55,18,8,6,16,279,57.4,6,17.6,7.0,60,33,0.55,9,10,1,1,4,5.6,1.0,5.5,5.5,7.8,0.456,0
SAH-00685,38,Male,Constable,CRPF,14,Married,4,J&K (High Risk),0.85,32,10,5,36,2150,64.4,8,23.8,8.1,30,6,0.2,6,10,3,0,5,5.3,2.3,5.1,4.9,4.1,0.552,1
SAH-00686,48,Female,Commandant,BSF,25,Married,3,HQ / Admin (Low),0.15,31,2,7,32,3051,35.0,0,12.9,5.2,45,8,0.178,12,7,0,0,8,5.5,3.4,6.1,4.2,7.8,0.352,0
SAH-00687,42,Male,Inspector,NSG,18,Married,3,Border Area (Moderate),0.55,11,12,6,15,150,60.7,10,15.0,2.8,30,11,0.367,9,4,4,0,8,5.7,3.4,10.0,6.7,4.3,0.336,0
SAH-00688,41,Male,Constable,SSB,23,Single,0,HQ / Admin (Low),0.15,26,9,1,27,1540,39.3,2,15.1,8.2,60,51,0.85,11,4,1,3,3,2.2,1.1,4.4,5.2,2.5,0.436,0
SAH-00689,26,Male,Constable,ITBP,3,Widowed,5,J&K (High Risk),0.85,28,12,3,25,853,49.3,17,0.3,5.8,45,16,0.356,9,9,3,1,0,4.8,4.0,3.8,3.8,6.4,0.553,1
SAH-00690,21,Male,Constable,NSG,1,Married,3,Northeast (High Risk),0.8,27,10,6,25,918,69.1,5,16.9,5.5,30,27,0.9,10,10,6,0,14,3.8,5.0,7.7,3.7,5.9,0.507,1
SAH-00691,25,Male,Constable,CISF,3,Married,3,J&K (High Risk),0.85,19,2,2,21,2364,56.2,10,10.6,6.9,45,41,0.911,10,0,4,1,13,1.9,4.7,7.8,8.0,3.8,0.406,0
SAH-00692,32,Male,Constable,SSB,9,Married,5,Urban Posting (Low),0.25,27,7,7,26,1868,61.8,4,19.9,8.4,45,25,0.556,5,5,2,0,0,6.3,2.5,7.3,7.3,7.6,0.326,0
SAH-00693,46,Male,Head Constable,AR,25,Married,4,Naxal Belt (High Risk),0.82,20,5,5,24,51,49.8,19,14.7,5.1,30,12,0.4,5,0,7,0,5,6.9,2.3,6.6,8.1,1.3,0.437,0
SAH-00694,54,Male,Constable,RPF,30,Married,4,Training Center (Low),0.2,3,13,5,4,71,35.0,3,13.6,8.0,45,31,0.689,5,10,0,0,7,4.3,2.1,5.9,2.6,7.1,0.294,0
SAH-00695,34,Male,Head Constable,SSB,15,Married,3,Training Center (Low),0.2,16,7,2,15,2675,40.8,7,13.7,5.6,45,40,0.889,13,7,5,0,2,5.4,4.8,3.5,4.8,3.9,0.368,0
SAH-00696,46,Male,DIG,BSF,23,Married,4,Urban Posting (Low),0.25,29,5,4,32,2309,60.2,9,12.4,6.7,30,4,0.133,3,9,4,0,16,7.1,2.5,10.0,3.7,8.5,0.352,0
SAH-00697,47,Male,SI,AR,26,Married,4,Urban Posting (Low),0.25,15,12,1,19,3357,56.0,2,4.1,4.3,60,60,1.0,9,8,5,0,19,5.4,2.3,10.0,5.8,6.6,0.37,0
SAH-00698,29,Male,Commandant,NSG,5,Married,4,Urban Posting (Low),0.25,30,6,1,30,1953,71.9,12,22.6,5.0,30,22,0.733,5,5,6,0,4,5.7,3.8,5.5,3.9,4.3,0.392,0
SAH-00699,46,Male,Constable,NSG,22,Married,2,Urban Posting (Low),0.25,1,8,3,6,2626,53.5,16,9.9,7.7,45,22,0.489,11,8,4,0,17,5.5,4.1,9.3,8.3,3.1,0.326,0
SAH-00700,42,Female,Head Constable,CRPF,18,Married,1,Naxal Belt (High Risk),0.82,29,1,4,31,2485,41.3,4,11.3,1.6,30,18,0.6,6,1,3,0,6,7.2,4.0,7.2,4.8,1.8,0.441,0
SAH-00701,50,Male,ASI,AR,31,Single,0,Urban Posting (Low),0.25,30,13,4,27,63,51.7,7,15.6,6.9,60,29,0.483,12,8,2,1,16,6.0,1.9,3.0,9.2,4.8,0.497,0
SAH-00702,37,Male,Constable,RPF,19,Widowed,3,Training Center (Low),0.2,32,11,6,33,568,64.0,18,6.1,6.3,45,23,0.511,13,3,6,0,14,5.3,3.5,3.2,7.2,5.1,0.35,0
SAH-00703,46,Male,Constable,BSF,27,Single,0,Naxal Belt (High Risk),0.82,10,13,7,11,3343,35.0,17,11.0,8.8,45,31,0.689,1,2,1,0,19,5.1,4.5,8.0,7.3,7.1,0.555,1
SAH-00704,56,Male,SI,CRPF,37,Married,1,HQ / Admin (Low),0.15,27,12,3,30,1985,56.1,0,30.3,7.5,60,9,0.15,10,0,7,0,15,4.3,3.0,9.1,9.0,3.6,0.367,0
SAH-00705,21,Male,ASI,CRPF,1,Married,1,J&K (High Risk),0.85,8,1,5,11,665,36.9,3,17.7,5.9,30,8,0.267,8,0,2,0,12,7.2,3.3,7.2,5.6,5.7,0.414,0
SAH-00706,28,Male,Head Constable,RPF,4,Married,2,Naxal Belt (High Risk),0.82,35,5,2,37,1011,54.0,17,8.1,3.0,30,9,0.3,6,7,0,0,6,7.1,3.2,7.0,7.2,4.3,0.543,1
SAH-00707,55,Female,Head Constable,SSB,34,Married,5,J&K (High Risk),0.85,25,1,5,29,2500,60.7,13,0.0,4.3,45,22,0.489,2,1,5,0,14,6.0,2.7,4.7,6.1,8.0,0.492,0
SAH-00708,35,Male,Head Constable,NSG,12,Single,0,J&K (High Risk),0.85,20,3,0,18,336,58.6,10,23.0,5.0,30,14,0.467,9,0,7,0,4,7.9,3.5,4.3,3.9,4.7,0.376,0
SAH-00709,42,Male,Constable,CRPF,20,Married,1,Training Center (Low),0.2,17,10,3,20,2481,68.1,8,6.9,8.5,30,24,0.8,9,1,1,1,11,6.0,3.9,8.0,4.2,3.5,0.391,0
SAH-00710,34,Male,Head Constable,CISF,10,Married,5,HQ / Admin (Low),0.15,23,9,2,26,3368,55.0,12,10.7,7.1,45,16,0.356,6,2,5,0,9,6.6,4.3,6.6,5.1,2.6,0.378,0
SAH-00711,46,Male,Constable,CISF,26,Married,5,Urban Posting (Low),0.25,25,14,5,25,1973,58.2,16,11.7,3.9,45,7,0.156,9,3,2,1,18,4.9,2.9,6.3,6.4,4.1,0.492,0
SAH-00712,48,Male,Constable,NSG,29,Single,0,HQ / Admin (Low),0.15,31,13,5,29,1164,58.6,14,7.7,6.3,30,4,0.133,9,10,0,1,9,8.4,3.1,9.0,7.0,4.5,0.546,1
SAH-00713,43,Male,Commandant,CISF,23,Widowed,1,Northeast (High Risk),0.8,6,7,4,6,875,40.4,1,14.4,4.6,60,6,0.1,13,8,4,0,6,6.3,2.5,9.9,6.6,4.6,0.372,0
SAH-00714,34,Male,ASI,RPF,10,Married,5,J&K (High Risk),0.85,35,12,3,35,2409,50.5,5,10.6,4.2,45,6,0.133,4,6,7,0,14,6.8,4.6,7.7,6.7,5.9,0.417,0
SAH-00715,44,Male,SI,SSB,22,Widowed,3,Border Area (Moderate),0.55,4,6,0,6,2823,35.0,6,19.9,6.8,60,57,0.95,8,11,7,0,8,6.1,2.6,4.6,4.9,4.3,0.347,0
SAH-00716,22,Male,Head Constable,BSF,1,Married,1,Training Center (Low),0.2,20,8,1,23,2140,56.5,1,16.1,5.2,60,47,0.783,5,4,4,0,5,6.2,2.9,6.6,1.1,3.3,0.283,0
SAH-00717,46,Female,Head Constable,ITBP,24,Married,2,J&K (High Risk),0.85,1,8,3,0,1147,35.0,12,26.5,3.2,30,30,1.0,10,4,5,0,10,6.5,3.1,5.7,7.0,4.2,0.278,0
SAH-00718,34,Male,Constable,CRPF,13,Widowed,5,HQ / Admin (Low),0.15,26,6,7,23,2851,62.2,9,26.6,7.2,45,5,0.111,12,5,5,0,5,1.9,3.2,6.2,3.9,4.6,0.421,0
SAH-00719,27,Female,Constable,ITBP,6,Widowed,4,Border Area (Moderate),0.55,34,4,0,33,1042,71.8,15,7.4,5.8,30,28,0.933,6,0,4,0,19,6.8,1.5,4.1,9.8,3.9,0.378,0
SAH-00720,23,Male,Constable,BSF,1,Married,1,HQ / Admin (Low),0.15,10,4,7,15,1634,58.0,8,12.4,4.8,45,35,0.778,3,5,6,0,14,4.6,3.5,9.0,6.2,1.8,0.234,0
SAH-00721,43,Female,Inspector,BSF,25,Married,2,Naxal Belt (High Risk),0.82,23,4,0,20,1953,59.8,7,32.2,8.5,45,33,0.733,1,10,5,0,12,5.5,3.4,5.6,8.3,2.0,0.54,1
SAH-00722,38,Male,SI,RPF,14,Married,3,Border Area (Moderate),0.55,24,6,7,28,925,66.5,14,5.7,7.6,30,13,0.433,14,5,4,0,5,4.7,3.2,9.7,3.3,1.1,0.571,1
SAH-00723,55,Male,ASI,SSB,36,Married,2,Urban Posting (Low),0.25,13,1,3,11,3437,46.8,6,21.4,5.7,60,28,0.467,10,10,6,0,19,7.7,3.4,6.2,7.8,5.3,0.358,0
SAH-00724,35,Female,Head Constable,CISF,13,Married,5,Urban Posting (Low),0.25,29,12,2,31,783,36.7,18,19.4,2.1,45,42,0.933,3,4,5,1,14,4.4,2.9,5.5,6.9,5.9,0.31,0
SAH-00725,45,Male,Dy. Commandant,CISF,24,Married,4,Northeast (High Risk),0.8,27,2,3,26,1935,51.0,3,8.2,7.7,60,48,0.8,8,9,7,0,5,5.4,1.6,5.2,6.3,3.3,0.361,0
SAH-00726,57,Female,Constable,RPF,33,Married,5,HQ / Admin (Low),0.15,31,6,5,34,193,42.8,8,8.6,4.5,30,23,0.767,2,8,1,0,15,4.7,4.1,5.2,3.4,6.0,0.367,0
SAH-00727,48,Male,Constable,BSF,24,Single,2,Training Center (Low),0.2,10,14,6,8,3450,52.9,18,29.8,5.2,60,7,0.117,6,9,5,0,0,4.5,1.5,6.9,4.1,4.2,0.451,0
SAH-00728,30,Male,Head Constable,SSB,8,Married,1,J&K (High Risk),0.85,31,14,4,31,2306,55.1,1,29.6,4.9,45,12,0.267,12,9,4,0,5,4.5,2.1,6.4,6.8,4.7,0.52,1
SAH-00729,37,Male,SI,SSB,15,Single,2,J&K (High Risk),0.85,10,11,5,15,1172,46.3,6,18.4,2.9,45,45,1.0,13,4,1,0,15,3.5,4.2,8.1,4.1,2.4,0.486,0
SAH-00730,42,Male,IG,NSG,21,Married,4,Border Area (Moderate),0.55,24,1,0,26,749,43.4,18,3.9,6.4,45,24,0.533,3,8,1,0,0,4.9,1.6,5.0,3.8,7.5,0.422,0
SAH-00731,46,Male,Constable,AR,23,Single,1,Border Area (Moderate),0.55,33,9,0,33,163,35.0,5,25.1,3.8,45,39,0.867,2,9,2,1,6,6.4,2.8,7.0,4.5,8.2,0.367,0
SAH-00732,45,Male,Inspector,CRPF,25,Married,5,Urban Posting (Low),0.25,14,12,1,12,2272,50.0,14,3.9,6.3,45,22,0.489,13,6,4,0,9,4.2,4.8,8.9,6.5,5.6,0.392,0
SAH-00733,37,Male,Inspector,RPF,18,Married,2,J&K (High Risk),0.85,35,6,0,40,320,46.8,6,20.7,3.6,30,25,0.833,13,2,6,0,7,6.3,3.1,9.3,8.3,3.5,0.35,0
SAH-00734,33,Male,Constable,AR,14,Widowed,4,Border Area (Moderate),0.55,34,7,6,34,112,47.6,5,2.0,4.6,45,9,0.2,13,10,3,0,4,7.1,1.6,5.0,6.3,5.2,0.505,1
SAH-00735,40,Male,Head Constable,RPF,17,Married,2,Border Area (Moderate),0.55,17,14,1,22,1057,60.8,0,15.1,6.2,45,6,0.133,4,8,5,0,17,5.7,3.8,5.8,7.9,3.4,0.409,0
SAH-00736,45,Male,Head Constable,CISF,27,Married,4,Northeast (High Risk),0.8,21,12,0,19,2893,75.6,13,22.1,5.7,45,25,0.556,1,9,4,0,3,3.6,3.4,5.3,5.2,2.3,0.47,0
SAH-00737,24,Male,DIG,BSF,1,Married,5,Border Area (Moderate),0.55,32,1,0,35,1477,47.7,0,0.0,6.7,30,20,0.667,10,6,3,0,19,2.5,3.1,4.8,9.6,6.4,0.535,1
SAH-00738,30,Male,Constable,RPF,12,Married,1,Northeast (High Risk),0.8,3,8,3,4,2322,56.6,5,10.8,6.9,30,12,0.4,13,3,4,0,15,7.6,1.0,7.8,8.2,3.0,0.467,0
SAH-00739,23,Male,Inspector,RPF,5,Married,1,J&K (High Risk),0.85,15,12,3,19,2032,55.0,17,16.2,8.2,30,24,0.8,9,11,1,0,9,9.1,4.3,4.3,7.3,3.3,0.39,0
SAH-00740,38,Male,Head Constable,NSG,15,Married,2,Border Area (Moderate),0.55,8,12,4,12,2258,65.6,16,12.2,5.5,45,26,0.578,13,8,4,0,15,8.8,4.8,10.0,6.4,1.0,0.39,0
SAH-00741,56,Male,SI,ITBP,37,Married,4,HQ / Admin (Low),0.15,32,12,5,32,3157,41.1,1,9.6,7.9,30,30,1.0,3,5,4,0,7,6.6,3.0,7.0,6.3,7.1,0.294,0
SAH-00742,42,Male,Head Constable,CISF,22,Married,1,Northeast (High Risk),0.8,26,12,2,26,2478,40.7,7,13.9,4.9,30,5,0.167,6,8,6,1,18,6.6,2.3,6.1,2.5,8.0,0.503,1
SAH-00743,54,Female,ASI,CRPF,35,Single,1,Naxal Belt (High Risk),0.82,30,12,4,34,367,42.1,1,23.3,7.1,45,7,0.156,11,3,4,1,0,5.6,3.5,10.0,2.4,6.5,0.412,0
SAH-00744,28,Male,Inspector,SSB,4,Married,5,Northeast (High Risk),0.8,9,5,0,8,2805,35.0,15,26.0,7.7,30,30,1.0,11,9,4,0,8,5.5,3.5,3.9,6.8,6.6,0.358,0
SAH-00745,39,Male,Inspector,BSF,20,Widowed,2,Northeast (High Risk),0.8,32,5,4,35,2553,51.4,3,20.6,7.7,60,46,0.767,1,1,2,0,5,4.5,3.6,4.9,5.6,2.3,0.458,0
SAH-00746,57,Male,Inspector,CISF,38,Married,4,Naxal Belt (High Risk),0.82,11,14,3,15,1342,39.4,1,27.4,2.6,45,34,0.756,9,8,5,0,12,4.3,3.0,4.0,6.6,4.5,0.403,0
SAH-00747,26,Male,Constable,ITBP,3,Married,2,Urban Posting (Low),0.25,22,6,5,26,2441,55.0,4,10.7,1.0,60,7,0.117,5,9,7,3,12,2.3,3.5,6.5,3.2,6.5,0.39,0
SAH-00748,46,Male,SI,RPF,23,Married,4,J&K (High Risk),0.85,34,7,0,34,1113,35.0,16,19.8,6.6,30,30,1.0,4,11,2,0,17,7.4,3.7,5.2,8.5,3.1,0.438,0
SAH-00749,54,Male,Constable,CRPF,30,Married,4,HQ / Admin (Low),0.15,18,7,7,23,463,51.3,1,6.8,5.5,30,26,0.867,2,3,1,0,13,7.1,5.0,3.9,5.1,4.2,0.201,0
SAH-00750,26,Male,Head Constable,RPF,2,Married,5,J&K (High Risk),0.85,19,5,0,19,1295,48.9,13,38.4,6.1,30,25,0.833,4,10,1,0,1,5.2,3.4,4.1,6.3,1.7,0.473,0
SAH-00751,57,Male,ASI,CRPF,34,Married,2,Training Center (Low),0.2,18,1,4,22,1354,45.5,19,15.8,5.7,45,45,1.0,14,1,3,0,15,8.5,3.2,7.2,4.5,4.4,0.347,0
SAH-00752,53,Female,Head Constable,NSG,34,Married,3,Training Center (Low),0.2,18,11,5,20,274,64.0,6,21.4,4.8,30,20,0.667,9,6,1,0,16,10.0,1.5,7.8,6.2,4.6,0.322,0
SAH-00753,42,Female,Head Constable,RPF,22,Married,4,Border Area (Moderate),0.55,12,9,7,13,1530,42.3,14,0.9,6.6,30,14,0.467,6,6,2,0,15,3.0,1.6,3.7,10.0,6.0,0.505,1
SAH-00754,41,Male,IG,CISF,23,Married,4,J&K (High Risk),0.85,4,6,6,4,1227,55.6,17,21.3,6.2,60,34,0.567,2,4,1,0,13,7.1,3.1,6.1,7.8,1.7,0.276,0
SAH-00755,26,Male,Constable,ITBP,4,Single,2,Border Area (Moderate),0.55,27,13,1,28,2377,44.4,12,15.9,5.3,30,26,0.867,7,4,3,2,12,6.0,2.9,5.7,4.4,1.7,0.502,1
SAH-00756,26,Male,SI,CRPF,8,Married,2,Border Area (Moderate),0.55,5,9,6,2,1426,71.9,11,18.7,5.6,45,39,0.867,14,7,3,3,15,9.2,2.0,5.2,3.5,7.5,0.536,1
SAH-00757,24,Male,Head Constable,BSF,1,Married,3,Training Center (Low),0.2,6,11,7,9,3160,50.4,1,15.1,6.7,45,31,0.689,6,5,2,1,0,5.0,2.0,9.7,6.2,7.1,0.181,0
SAH-00758,50,Male,Constable,CRPF,26,Married,5,Border Area (Moderate),0.55,13,4,7,17,2826,60.1,11,14.0,4.3,30,9,0.3,3,0,6,0,16,8.1,3.6,6.4,4.8,3.7,0.281,0
SAH-00759,31,Male,Constable,ITBP,13,Married,3,Naxal Belt (High Risk),0.82,23,2,2,28,670,59.3,5,12.5,3.3,45,41,0.911,12,10,1,1,0,7.4,2.4,6.8,4.1,8.1,0.364,0
SAH-00760,50,Male,Commandant,SSB,28,Married,5,Training Center (Low),0.2,25,13,7,24,3072,65.7,0,14.3,3.2,45,33,0.733,14,11,7,1,9,8.3,2.2,7.9,9.5,5.3,0.307,0
SAH-00761,51,Male,Inspector,SSB,32,Married,3,HQ / Admin (Low),0.15,4,13,5,9,2670,53.8,0,26.7,4.5,30,9,0.3,12,3,7,2,4,4.6,2.0,6.7,1.5,7.3,0.4,0
SAH-00762,44,Male,Dy. Commandant,NSG,24,Married,3,Border Area (Moderate),0.55,32,3,4,33,2586,36.2,14,12.1,8.5,30,17,0.567,4,0,5,0,6,5.2,2.2,6.5,6.9,4.4,0.437,0
SAH-00763,29,Female,IG,CISF,9,Widowed,2,Training Center (Low),0.2,15,12,6,17,1057,57.3,15,33.1,5.8,45,45,1.0,9,4,3,0,3,7.1,2.6,8.2,9.4,5.6,0.439,0
SAH-00764,23,Female,Constable,ITBP,5,Divorced,1,Border Area (Moderate),0.55,26,4,4,23,2018,55.3,6,15.5,4.1,30,12,0.4,10,4,6,0,0,8.3,3.0,5.3,3.2,4.3,0.388,0
SAH-00765,51,Male,Head Constable,NSG,29,Single,0,Urban Posting (Low),0.25,11,10,2,16,3034,35.0,13,26.2,5.9,45,9,0.2,3,3,6,2,0,6.4,3.2,5.6,4.7,8.3,0.321,0
SAH-00766,57,Male,ASI,AR,33,Married,4,Urban Posting (Low),0.25,9,12,0,14,1271,35.0,18,24.2,3.4,45,5,0.111,1,8,1,0,9,2.2,2.6,4.5,4.8,4.7,0.462,0
SAH-00767,56,Male,Head Constable,CRPF,35,Divorced,4,Urban Posting (Low),0.25,11,8,0,13,1349,60.5,18,2.5,5.1,30,8,0.267,11,7,1,0,2,8.4,1.2,9.3,8.7,4.8,0.211,0
SAH-00768,44,Male,Head Constable,AR,25,Divorced,4,Naxal Belt (High Risk),0.82,2,3,1,6,1245,69.0,12,4.2,4.7,60,17,0.283,14,9,5,0,4,8.6,1.9,7.6,5.4,1.8,0.443,0
SAH-00769,51,Male,Head Constable,CRPF,33,Single,1,Border Area (Moderate),0.55,27,8,4,27,2881,51.0,11,9.6,2.9,30,28,0.933,8,2,6,0,12,4.9,2.5,7.0,9.6,4.8,0.439,0
SAH-00770,26,Male,ASI,SSB,6,Single,0,Border Area (Moderate),0.55,26,6,2,27,557,61.7,0,2.7,7.7,30,7,0.233,0,4,2,2,8,7.7,4.0,9.6,7.2,8.5,0.448,0
SAH-00771,22,Male,ASI,NSG,1,Single,0,Naxal Belt (High Risk),0.82,8,4,4,9,454,53.3,11,11.7,4.7,45,43,0.956,7,5,7,0,7,7.0,2.9,4.1,4.8,7.7,0.423,0
SAH-00772,40,Male,Constable,SSB,17,Divorced,5,Naxal Belt (High Risk),0.82,21,14,3,24,1344,52.4,3,15.2,5.4,30,5,0.167,3,4,2,0,10,4.2,3.4,6.3,3.2,4.6,0.481,0
SAH-00773,48,Male,Head Constable,BSF,25,Single,0,Urban Posting (Low),0.25,21,7,4,24,2008,50.3,14,20.2,6.9,45,45,1.0,8,7,1,3,13,7.8,4.4,3.5,3.5,4.8,0.519,1
SAH-00774,31,Female,ASI,AR,9,Married,1,Border Area (Moderate),0.55,8,14,4,11,2869,53.0,15,16.4,6.2,60,21,0.35,2,4,4,0,7,5.9,2.8,3.7,6.8,2.5,0.492,0
SAH-00775,24,Male,ASI,AR,2,Married,3,J&K (High Risk),0.85,1,11,3,2,713,56.7,14,15.0,5.7,30,21,0.7,6,7,4,1,9,3.3,3.0,8.8,10.0,5.7,0.436,0
SAH-00776,35,Male,Constable,SSB,17,Single,2,Training Center (Low),0.2,13,13,3,13,2228,47.2,7,23.2,5.0,30,7,0.233,14,9,0,0,2,7.8,3.0,9.9,4.6,5.7,0.295,0
SAH-00777,26,Female,SI,BSF,5,Married,1,Training Center (Low),0.2,9,5,6,13,1699,67.0,18,22.1,7.0,30,14,0.467,2,9,0,0,3,10.0,3.1,5.7,4.2,6.1,0.374,0
SAH-00778,50,Male,Constable,CRPF,30,Married,1,Border Area (Moderate),0.55,28,5,7,25,1458,40.0,14,30.3,5.5,45,8,0.178,14,2,0,0,11,1.4,2.0,5.7,6.8,1.8,0.597,1
SAH-00779,22,Male,Head Constable,NSG,4,Married,3,Northeast (High Risk),0.8,6,9,7,3,1807,72.4,17,16.5,5.8,30,20,0.667,9,4,2,0,8,6.6,3.5,5.6,5.1,7.3,0.428,0
SAH-00780,35,Male,SI,BSF,14,Married,2,HQ / Admin (Low),0.15,23,13,2,25,1923,49.4,10,0.0,7.7,30,13,0.433,11,3,1,0,10,6.5,3.1,9.9,4.6,4.5,0.427,0
SAH-00781,31,Male,ASI,NSG,7,Married,2,Training Center (Low),0.2,17,3,6,15,1369,51.4,8,18.4,7.8,45,42,0.933,6,10,5,2,10,3.7,2.2,5.3,8.6,7.5,0.382,0
SAH-00782,28,Male,Constable,AR,6,Married,2,Northeast (High Risk),0.8,9,10,0,8,1456,44.5,0,33.2,6.0,30,8,0.267,1,5,7,0,15,8.1,2.8,9.8,8.6,5.4,0.287,0
SAH-00783,46,Male,SI,NSG,23,Married,4,J&K (High Risk),0.85,12,4,1,12,1468,56.9,8,23.2,5.7,30,11,0.367,2,2,5,0,12,3.8,1.1,6.6,6.1,7.9,0.433,0
SAH-00784,25,Male,ASI,AR,6,Single,0,Naxal Belt (High Risk),0.82,22,5,6,20,1627,47.5,11,25.0,6.8,60,16,0.267,7,11,3,2,13,6.2,1.5,5.5,4.2,6.3,0.483,0
SAH-00785,26,Male,Inspector,BSF,2,Married,3,Urban Posting (Low),0.25,12,1,3,15,1333,46.3,1,15.8,5.0,30,19,0.633,6,9,1,0,6,4.5,3.9,7.0,6.3,3.3,0.332,0
SAH-00786,46,Male,SI,AR,23,Married,2,J&K (High Risk),0.85,6,7,0,3,330,59.4,10,22.3,5.0,30,6,0.2,10,3,7,0,11,3.9,2.8,10.0,7.5,6.6,0.344,0
SAH-00787,24,Male,ASI,RPF,4,Married,3,Border Area (Moderate),0.55,9,8,7,8,3477,65.9,13,25.5,5.4,30,8,0.267,2,10,7,0,18,6.7,4.3,6.8,8.2,7.0,0.443,0
SAH-00788,39,Male,Head Constable,CISF,19,Married,2,Naxal Belt (High Risk),0.82,3,6,2,1,2517,39.5,1,12.3,3.5,60,46,0.767,7,3,1,0,7,4.6,3.1,6.1,7.7,5.4,0.268,0
SAH-00789,40,Male,Constable,AR,17,Married,1,Training Center (Low),0.2,34,9,5,39,1265,61.9,14,11.0,10.0,30,5,0.167,12,4,0,0,3,8.6,3.2,7.6,1.0,4.4,0.609,1
SAH-00790,53,Female,Constable,SSB,29,Married,5,Naxal Belt (High Risk),0.82,8,3,4,12,686,67.0,17,18.6,4.7,30,25,0.833,8,10,1,2,16,6.0,3.0,6.0,6.5,6.8,0.429,0
SAH-00791,40,Male,Head Constable,BSF,17,Married,5,Border Area (Moderate),0.55,10,2,2,9,1501,35.0,13,22.8,6.4,30,6,0.2,1,5,5,0,1,7.7,2.0,4.2,7.0,7.3,0.396,0
SAH-00792,32,Male,ASI,RPF,11,Married,2,HQ / Admin (Low),0.15,9,5,2,10,857,41.8,11,0.0,5.5,60,41,0.683,1,1,0,0,12,7.6,3.4,6.4,7.4,2.4,0.258,0
SAH-00793,21,Male,Head Constable,CRPF,3,Married,3,Northeast (High Risk),0.8,14,13,3,13,2445,66.7,9,13.4,6.9,30,30,1.0,14,9,1,0,6,8.4,2.3,8.2,6.2,5.3,0.482,0
SAH-00794,46,Male,Constable,NSG,24,Married,4,Northeast (High Risk),0.8,27,9,1,29,478,56.5,13,0.0,4.7,30,8,0.267,6,11,3,0,17,5.4,3.3,7.4,5.6,4.6,0.559,1
SAH-00795,34,Female,Constable,RPF,13,Married,2,Urban Posting (Low),0.25,32,11,6,33,1465,72.5,14,14.0,5.9,45,16,0.356,10,7,4,1,9,5.8,2.2,3.9,4.9,8.8,0.488,0
SAH-00796,57,Male,Head Constable,ITBP,38,Married,2,Northeast (High Risk),0.8,4,1,3,2,3462,49.9,4,28.5,3.8,30,29,0.967,7,3,4,0,3,4.2,3.7,8.1,3.9,3.6,0.337,0
SAH-00797,31,Male,Constable,RPF,8,Married,4,Training Center (Low),0.2,2,1,4,6,2644,45.7,1,10.0,7.9,45,32,0.711,14,6,2,1,7,6.3,3.4,7.5,4.2,6.1,0.31,0
SAH-00798,56,Male,SI,BSF,37,Married,2,J&K (High Risk),0.85,33,10,3,35,3037,68.3,5,12.7,6.8,45,26,0.578,4,6,7,0,12,4.4,4.2,6.7,8.3,6.4,0.371,0
SAH-00799,33,Male,Constable,RPF,14,Single,1,J&K (High Risk),0.85,21,3,4,20,2499,42.0,11,20.3,2.7,30,19,0.633,1,11,3,0,13,8.3,3.7,8.7,6.9,5.1,0.473,0
SAH-00800,23,Male,ASI,RPF,2,Married,4,HQ / Admin (Low),0.15,1,10,3,0,3168,49.1,1,23.0,5.5,45,17,0.378,13,9,5,1,16,4.2,2.9,8.3,7.2,7.8,0.326,0
SAH-00801,53,Female,Commandant,SSB,31,Married,1,Border Area (Moderate),0.55,11,3,5,12,714,58.7,3,22.6,2.7,30,28,0.933,9,10,1,0,11,5.1,4.5,8.3,4.4,4.8,0.339,0
SAH-00802,26,Male,Constable,AR,2,Single,2,Urban Posting (Low),0.25,1,5,7,0,799,59.9,6,15.3,3.9,30,25,0.833,4,10,7,0,3,7.1,3.4,3.0,6.6,2.6,0.261,0
SAH-00803,30,Female,Head Constable,NSG,10,Married,4,Northeast (High Risk),0.8,11,4,1,9,3057,42.4,15,19.6,7.3,45,33,0.733,2,1,3,1,8,7.0,1.0,7.8,9.2,7.9,0.371,0
SAH-00804,25,Male,Constable,CISF,7,Married,4,J&K (High Risk),0.85,7,6,5,12,686,55.1,0,19.2,1.0,30,30,1.0,12,6,7,0,14,3.7,2.4,5.9,5.8,4.1,0.265,0
SAH-00805,43,Male,ASI,CRPF,23,Married,3,Training Center (Low),0.2,2,12,0,5,2976,48.5,0,9.4,7.6,30,20,0.667,8,11,1,0,14,4.8,2.9,7.2,7.1,5.2,0.289,0
SAH-00806,30,Male,ASI,CISF,8,Married,3,Naxal Belt (High Risk),0.82,15,8,7,17,3449,35.0,13,1.0,6.3,30,18,0.6,1,0,3,0,17,5.4,4.3,4.6,4.5,4.7,0.451,0
SAH-00807,22,Female,Head Constable,RPF,2,Married,4,Border Area (Moderate),0.55,8,8,7,5,2184,46.5,10,7.8,5.3,60,60,1.0,8,11,3,1,5,5.7,2.6,8.3,4.7,3.1,0.349,0
SAH-00808,33,Male,ASI,ITBP,10,Married,5,J&K (High Risk),0.85,26,11,7,24,564,35.0,11,26.5,7.3,60,18,0.3,1,1,4,0,1,6.4,2.3,8.6,6.1,3.2,0.445,0
SAH-00809,22,Male,Dy. Commandant,BSF,1,Married,2,Naxal Belt (High Risk),0.82,35,4,1,38,1053,44.1,10,32.7,10.0,30,7,0.233,0,4,3,2,8,7.5,1.0,6.3,4.1,1.9,0.607,1
SAH-00810,40,Male,Constable,NSG,19,Single,0,Urban Posting (Low),0.25,21,1,6,20,3286,37.6,5,14.3,2.8,30,7,0.233,9,7,2,0,4,5.7,4.3,3.1,4.0,6.0,0.351,0
SAH-00811,21,Male,Constable,BSF,2,Widowed,5,Training Center (Low),0.2,8,13,3,6,3344,61.3,11,26.2,8.9,60,60,1.0,5,11,1,1,11,6.2,4.4,7.6,5.2,6.4,0.267,0
SAH-00812,57,Male,Inspector,SSB,35,Married,5,Urban Posting (Low),0.25,32,14,7,34,2958,55.6,11,12.6,7.4,45,33,0.733,10,6,0,0,4,4.4,1.9,6.9,5.9,5.5,0.481,0
SAH-00813,29,Male,ASI,BSF,7,Married,3,Urban Posting (Low),0.25,8,14,2,12,1370,70.5,9,17.8,4.1,30,12,0.4,5,2,3,0,11,9.0,1.6,2.7,4.3,6.2,0.365,0
SAH-00814,37,Male,Dy. Commandant,CRPF,17,Single,1,Border Area (Moderate),0.55,10,7,0,14,3013,40.9,7,10.1,6.5,45,15,0.333,3,9,7,0,14,6.8,4.0,6.5,5.8,4.7,0.467,0
SAH-00815,29,Male,ASI,ITBP,8,Married,3,Border Area (Moderate),0.55,23,6,7,21,2548,53.5,19,23.1,3.3,30,4,0.133,12,8,0,0,1,5.4,4.3,8.1,3.3,5.4,0.469,0
SAH-00816,31,Male,Inspector,CISF,11,Married,5,Urban Posting (Low),0.25,4,5,2,6,1416,38.8,18,9.9,4.5,45,10,0.222,1,11,4,0,10,8.5,2.3,2.0,5.8,4.9,0.346,0
SAH-00817,35,Male,Head Constable,RPF,15,Married,1,Northeast (High Risk),0.8,30,4,7,31,390,44.4,6,7.9,1.3,60,60,1.0,12,4,0,0,18,6.7,2.8,6.6,1.7,4.9,0.56,1
SAH-00818,44,Male,SI,RPF,22,Married,3,Northeast (High Risk),0.8,23,6,5,26,1534,47.2,13,15.4,2.8,30,25,0.833,9,2,2,1,16,6.4,3.6,6.9,7.7,2.8,0.415,0
SAH-00819,55,Female,Dy. Commandant,ITBP,35,Single,0,HQ / Admin (Low),0.15,5,8,6,5,1465,75.7,3,21.5,6.3,45,45,1.0,11,6,2,0,17,6.0,2.0,7.0,2.4,7.6,0.374,0
SAH-00820,50,Male,ASI,NSG,31,Married,3,J&K (High Risk),0.85,21,6,1,19,1610,56.4,0,16.3,6.4,45,23,0.511,10,3,4,3,9,8.0,2.1,6.0,8.6,4.4,0.493,0
SAH-00821,51,Female,Constable,BSF,31,Married,5,J&K (High Risk),0.85,6,3,6,5,1624,50.5,7,11.2,6.4,60,42,0.7,2,0,7,0,4,9.2,2.7,6.8,6.4,4.1,0.369,0
SAH-00822,25,Male,Constable,NSG,6,Divorced,2,Border Area (Moderate),0.55,17,9,0,22,2518,64.9,4,7.8,6.8,30,17,0.567,12,4,5,0,16,8.0,2.0,6.1,6.7,3.9,0.388,0
SAH-00823,34,Male,Constable,CISF,12,Single,0,Urban Posting (Low),0.25,25,3,5,29,2478,60.1,7,1.5,5.7,60,58,0.967,5,10,2,1,0,6.1,5.0,6.0,4.6,4.2,0.326,0
SAH-00824,31,Male,Constable,NSG,10,Married,4,Border Area (Moderate),0.55,24,4,3,29,2102,51.3,7,11.3,6.9,30,30,1.0,3,7,1,2,12,8.7,4.2,7.4,6.6,4.3,0.399,0
SAH-00825,29,Male,Head Constable,SSB,6,Married,1,Naxal Belt (High Risk),0.82,22,13,2,23,2745,60.1,6,13.8,7.6,30,30,1.0,4,11,5,0,1,5.5,2.7,10.0,5.9,5.4,0.427,0
SAH-00826,54,Male,ASI,ITBP,35,Single,0,HQ / Admin (Low),0.15,13,5,3,14,2077,48.3,18,19.4,6.0,30,20,0.667,10,3,2,0,16,4.2,3.1,6.4,3.2,1.6,0.324,0
SAH-00827,32,Male,ASI,CISF,11,Married,3,Urban Posting (Low),0.25,17,11,4,20,3125,87.8,3,5.7,4.6,60,9,0.15,8,6,5,0,14,7.6,1.4,5.1,7.0,3.3,0.454,0
SAH-00828,55,Male,Head Constable,CISF,34,Single,1,Training Center (Low),0.2,14,2,6,17,365,66.6,19,20.3,5.2,30,21,0.7,4,7,3,0,7,8.9,3.4,6.2,3.8,8.0,0.396,0
SAH-00829,55,Male,ASI,AR,36,Married,5,J&K (High Risk),0.85,34,11,0,31,1895,47.1,5,10.2,3.8,60,11,0.183,9,8,6,1,1,6.0,3.7,6.3,10.0,7.8,0.382,0
SAH-00830,21,Male,Constable,CISF,1,Married,4,Northeast (High Risk),0.8,26,10,2,27,1151,61.1,11,10.9,7.2,30,7,0.233,14,10,2,0,7,9.3,2.3,5.2,3.9,4.5,0.596,1
SAH-00831,42,Male,Constable,AR,24,Single,0,Naxal Belt (High Risk),0.82,19,11,1,23,580,58.6,17,25.0,2.3,45,13,0.289,10,8,5,0,4,3.1,2.6,5.2,2.3,10.0,0.421,0
SAH-00832,49,Male,Constable,CRPF,28,Single,0,Northeast (High Risk),0.8,26,10,7,29,2452,55.4,11,0.0,5.2,30,13,0.433,7,4,1,0,16,5.8,2.1,4.8,8.9,6.4,0.483,0
SAH-00833,28,Male,Head Constable,RPF,7,Married,4,J&K (High Risk),0.85,3,2,1,1,1909,58.2,17,5.2,6.6,30,20,0.667,1,5,4,0,3,4.3,4.4,5.4,7.1,7.9,0.371,0
SAH-00834,31,Male,Constable,AR,9,Single,0,Northeast (High Risk),0.8,2,6,1,6,3154,42.3,2,15.4,3.5,45,19,0.422,11,6,2,0,11,4.3,4.3,6.6,6.4,5.2,0.389,0
SAH-00835,57,Male,Constable,ITBP,35,Married,1,Border Area (Moderate),0.55,28,14,5,26,711,46.8,9,15.0,2.7,45,24,0.533,13,9,1,1,17,5.9,3.4,6.3,4.4,4.5,0.575,1
SAH-00836,34,Male,Head Constable,NSG,14,Married,4,Urban Posting (Low),0.25,2,2,1,0,3260,71.9,6,1.4,1.0,30,4,0.133,5,1,3,0,5,9.4,3.1,8.8,5.6,6.9,0.287,0
SAH-00837,50,Male,Inspector,AR,28,Married,5,Urban Posting (Low),0.25,22,10,2,21,1345,54.4,2,11.0,4.9,45,32,0.711,10,8,6,0,4,8.6,1.8,2.4,5.2,7.2,0.359,0
SAH-00838,55,Male,Constable,CISF,34,Married,1,J&K (High Risk),0.85,7,1,7,6,1269,43.6,18,22.7,3.2,30,22,0.733,10,0,0,1,18,8.8,2.3,6.2,7.3,4.5,0.404,0
SAH-00839,41,Male,ASI,ITBP,22,Single,0,Naxal Belt (High Risk),0.82,4,8,6,6,176,50.3,12,5.7,7.3,45,8,0.178,5,5,7,0,4,6.9,2.7,5.4,4.3,5.9,0.376,0
SAH-00840,57,Male,ASI,AR,38,Married,2,J&K (High Risk),0.85,20,10,6,19,398,45.6,3,23.6,2.4,30,26,0.867,4,5,0,1,9,5.4,2.3,4.1,4.5,1.0,0.396,0
SAH-00841,25,Male,Inspector,AR,1,Single,0,Naxal Belt (High Risk),0.82,6,14,6,9,1816,62.8,9,9.3,6.6,30,22,0.733,14,6,4,0,18,6.7,3.6,4.9,6.9,3.7,0.432,0
SAH-00842,39,Male,Dy. Commandant,CISF,19,Married,5,Naxal Belt (High Risk),0.82,9,10,5,13,1117,45.3,5,0.0,2.9,60,35,0.583,5,1,7,0,3,3.2,1.4,2.8,8.2,7.9,0.476,0
SAH-00843,34,Male,Constable,SSB,10,Married,4,Border Area (Moderate),0.55,31,13,4,30,2839,52.5,0,21.6,2.5,30,19,0.633,13,5,4,0,12,9.1,1.7,6.2,4.7,3.9,0.435,0
SAH-00844,46,Male,Constable,SSB,27,Married,5,Training Center (Low),0.2,26,1,1,31,777,44.0,5,17.0,3.1,45,27,0.6,4,5,0,2,12,2.4,2.4,6.5,6.8,4.9,0.407,0
SAH-00845,24,Female,Inspector,AR,6,Single,0,Training Center (Low),0.2,26,10,6,23,293,78.5,7,3.3,7.7,30,4,0.133,1,8,0,3,16,5.7,1.4,3.7,7.6,4.8,0.473,0
SAH-00846,45,Male,Head Constable,SSB,27,Married,5,Border Area (Moderate),0.55,28,14,1,27,2106,59.6,14,10.7,3.1,30,25,0.833,4,7,4,0,17,6.0,4.0,6.4,3.7,2.8,0.387,0
SAH-00847,45,Female,ASI,BSF,27,Married,5,Training Center (Low),0.2,5,6,7,4,1835,59.1,7,28.8,7.8,30,18,0.6,0,4,0,0,18,7.7,4.1,6.7,4.9,4.8,0.324,0
SAH-00848,38,Male,ASI,CISF,15,Divorced,4,Urban Posting (Low),0.25,10,12,7,13,761,60.4,5,20.3,5.9,30,8,0.267,2,6,2,0,16,6.9,1.3,4.7,2.1,4.6,0.402,0
SAH-00849,28,Male,SI,BSF,9,Married,4,Training Center (Low),0.2,18,14,5,19,2943,47.3,18,23.9,4.5,30,23,0.767,13,6,5,0,2,7.0,3.3,6.7,9.6,3.2,0.431,0
SAH-00850,34,Male,Dy. Commandant,ITBP,14,Married,5,Border Area (Moderate),0.55,15,1,1,15,3200,70.3,13,5.9,3.4,30,23,0.767,6,4,6,1,12,1.3,2.6,6.6,6.0,4.7,0.409,0
SAH-00851,52,Male,IG,BSF,32,Married,3,Border Area (Moderate),0.55,33,8,4,31,3311,51.2,1,24.8,9.3,30,9,0.3,3,6,6,0,12,5.7,3.0,6.1,7.3,2.6,0.442,0
SAH-00852,53,Male,SI,ITBP,35,Divorced,5,Urban Posting (Low),0.25,5,14,5,8,135,73.3,6,3.6,4.3,30,26,0.867,7,2,1,0,2,4.7,3.5,8.1,4.7,4.9,0.236,0
SAH-00853,43,Male,Constable,AR,24,Married,4,J&K (High Risk),0.85,22,5,5,21,1558,48.1,7,3.9,4.3,60,33,0.55,2,6,5,0,1,6.3,1.0,8.6,4.5,4.9,0.445,0
SAH-00854,35,Male,Inspector,ITBP,12,Married,2,Urban Posting (Low),0.25,22,3,0,25,320,60.6,9,21.7,8.4,30,8,0.267,6,5,7,0,14,5.7,4.1,8.7,5.3,8.9,0.418,0
SAH-00855,53,Male,Constable,ITBP,35,Married,5,HQ / Admin (Low),0.15,22,5,5,25,1847,54.0,12,4.4,8.8,45,34,0.756,13,11,4,1,2,6.4,3.5,4.8,5.1,3.4,0.493,0
SAH-00856,45,Male,Constable,NSG,23,Married,5,Urban Posting (Low),0.25,15,13,1,13,2610,55.2,19,27.1,5.2,30,20,0.667,1,5,1,0,15,3.6,4.1,6.1,10.0,6.6,0.458,0
SAH-00857,37,Male,Dy. Commandant,BSF,13,Married,5,J&K (High Risk),0.85,17,1,5,20,1093,35.0,0,5.0,7.9,45,12,0.267,13,1,3,0,9,6.2,1.1,2.6,6.3,2.1,0.409,0
SAH-00858,53,Male,Constable,NSG,33,Married,5,Naxal Belt (High Risk),0.82,28,1,1,30,2227,40.2,8,7.2,4.3,30,29,0.967,7,1,3,0,19,9.5,3.0,7.9,6.9,9.9,0.421,0
SAH-00859,22,Male,Constable,AR,1,Married,1,Training Center (Low),0.2,22,12,1,22,887,70.1,9,24.2,10.0,30,28,0.933,14,6,2,0,1,10.0,3.5,8.2,5.5,5.8,0.373,0
SAH-00860,34,Male,Constable,CISF,13,Single,1,HQ / Admin (Low),0.15,21,14,6,22,2867,36.5,19,10.0,2.9,30,28,0.933,12,0,3,0,14,8.7,3.4,8.7,5.7,5.5,0.255,0
SAH-00861,26,Female,Inspector,BSF,8,Married,4,Naxal Belt (High Risk),0.82,17,4,5,21,3128,62.7,1,21.4,3.7,30,14,0.467,2,8,4,2,7,2.3,3.9,10.0,6.9,6.2,0.507,1
SAH-00862,26,Male,Head Constable,CISF,4,Married,4,Training Center (Low),0.2,5,9,0,6,2949,83.2,19,6.1,8.1,60,55,0.917,12,2,2,0,12,5.4,3.5,8.6,5.4,5.1,0.227,0
SAH-00863,23,Female,SI,CISF,3,Married,1,Training Center (Low),0.2,18,14,1,17,1826,58.6,10,12.8,4.9,30,28,0.933,5,5,5,0,0,5.0,1.1,7.6,8.3,4.2,0.297,0
SAH-00864,27,Male,Constable,ITBP,3,Married,5,J&K (High Risk),0.85,17,9,6,15,986,77.5,4,20.9,8.2,60,60,1.0,1,2,2,1,1,6.3,4.2,6.7,3.9,3.1,0.316,0
SAH-00865,28,Male,SI,RPF,5,Married,3,Training Center (Low),0.2,4,1,0,6,1383,60.3,17,8.2,4.6,60,60,1.0,6,11,6,0,8,8.7,2.5,10.0,7.9,5.4,0.445,0
SAH-00866,35,Male,SI,BSF,16,Widowed,5,Naxal Belt (High Risk),0.82,7,3,0,9,1882,55.2,6,23.2,6.8,30,14,0.467,12,8,4,0,19,5.9,3.2,7.0,7.8,7.5,0.421,0
SAH-00867,49,Male,Head Constable,CISF,29,Married,4,Border Area (Moderate),0.55,25,13,5,28,1700,56.5,2,12.1,4.1,30,8,0.267,3,9,0,0,19,4.2,4.6,10.0,9.7,1.3,0.495,0
SAH-00868,53,Female,Head Constable,RPF,29,Married,2,Border Area (Moderate),0.55,9,12,3,13,2998,49.9,15,16.0,5.3,60,23,0.383,5,11,6,0,18,8.3,3.0,5.1,2.0,9.4,0.429,0
SAH-00869,50,Male,Constable,SSB,31,Married,2,Urban Posting (Low),0.25,19,4,6,19,2570,49.5,14,7.0,2.9,30,17,0.567,1,6,1,0,11,6.7,2.6,5.9,7.7,3.3,0.333,0
SAH-00870,47,Male,DIG,CISF,23,Widowed,3,Urban Posting (Low),0.25,9,2,3,13,3223,45.7,7,8.8,5.4,45,40,0.889,2,0,4,0,11,7.5,1.8,8.0,4.2,5.6,0.353,0
SAH-00871,56,Male,ASI,SSB,37,Married,5,Naxal Belt (High Risk),0.82,23,7,1,20,2435,57.1,19,8.2,3.7,60,49,0.817,14,3,6,0,9,8.0,1.7,1.0,7.3,3.6,0.494,0
SAH-00872,49,Male,Dy. Commandant,BSF,26,Married,1,Training Center (Low),0.2,31,3,2,33,368,78.4,4,10.1,9.6,45,39,0.867,2,4,0,0,18,5.3,1.8,6.0,7.3,4.9,0.346,0
SAH-00873,53,Female,Head Constable,AR,30,Married,5,Training Center (Low),0.2,32,1,3,34,1586,69.1,2,27.4,4.9,45,21,0.467,3,6,0,0,19,3.6,3.0,8.9,3.8,5.7,0.39,0
SAH-00874,57,Male,SI,NSG,38,Married,3,Urban Posting (Low),0.25,31,1,6,30,1098,54.5,4,24.0,3.1,45,15,0.333,0,6,3,0,9,6.4,5.0,5.7,6.9,4.6,0.293,0
SAH-00875,47,Male,SI,BSF,29,Married,3,Border Area (Moderate),0.55,17,3,5,22,2818,59.4,8,18.6,6.9,45,5,0.111,12,4,5,0,18,5.3,2.7,6.5,4.8,5.4,0.485,0
SAH-00876,53,Male,SI,NSG,33,Married,3,J&K (High Risk),0.85,22,6,6,23,192,51.0,15,9.7,3.1,30,21,0.7,5,11,6,2,8,6.1,3.0,3.3,4.1,5.2,0.489,0
SAH-00877,24,Male,Commandant,NSG,1,Married,2,Border Area (Moderate),0.55,35,4,5,32,1782,69.1,13,8.3,7.3,30,26,0.867,10,0,6,2,4,8.8,3.7,5.7,1.7,6.1,0.466,0
SAH-00878,42,Male,Head Constable,BSF,20,Married,5,Training Center (Low),0.2,30,1,3,33,2754,35.0,17,7.2,4.4,45,44,0.978,5,4,7,0,2,6.4,2.3,4.9,8.3,6.0,0.378,0
SAH-00879,22,Male,Constable,CISF,1,Married,5,Northeast (High Risk),0.8,26,7,2,25,1222,75.2,6,12.6,5.4,60,34,0.567,3,4,2,1,18,9.7,4.4,8.0,5.3,1.0,0.62,1
SAH-00880,30,Male,SI,CRPF,6,Married,1,HQ / Admin (Low),0.15,6,2,4,6,1766,45.5,14,17.2,5.1,45,45,1.0,7,3,2,0,3,6.6,2.5,8.1,3.4,4.3,0.289,0
SAH-00881,25,Male,SI,CISF,1,Married,3,Training Center (Low),0.2,34,12,1,36,3176,47.4,7,19.9,5.0,45,13,0.289,4,5,3,1,13,5.4,4.2,4.9,6.1,7.7,0.368,0
SAH-00882,30,Male,ASI,CISF,10,Single,0,Urban Posting (Low),0.25,32,5,6,36,2568,37.3,2,15.1,5.6,30,18,0.6,9,7,3,0,5,3.5,3.6,4.6,5.7,6.7,0.551,1
SAH-00883,53,Male,Constable,AR,29,Married,4,Urban Posting (Low),0.25,25,8,4,25,412,53.9,10,19.5,4.2,60,18,0.3,13,9,2,0,12,6.4,3.1,9.6,3.7,2.8,0.518,1
SAH-00884,33,Male,Head Constable,ITBP,12,Married,4,Border Area (Moderate),0.55,13,7,4,18,699,43.8,19,22.5,3.3,30,8,0.267,3,4,7,2,6,4.2,2.4,3.9,3.7,4.3,0.475,0
SAH-00885,51,Male,Head Constable,ITBP,32,Married,2,Urban Posting (Low),0.25,2,11,0,6,2306,66.0,17,12.0,5.6,45,45,1.0,6,7,4,2,11,7.1,3.9,8.1,7.7,4.5,0.326,0
SAH-00886,56,Male,Head Constable,CISF,32,Married,5,Naxal Belt (High Risk),0.82,5,12,0,7,3306,60.1,14,23.8,4.7,60,55,0.917,9,11,4,0,19,5.8,2.9,6.6,5.9,4.5,0.474,0
SAH-00887,44,Male,ASI,SSB,25,Divorced,1,Training Center (Low),0.2,11,8,1,14,3186,43.7,9,7.1,2.9,30,3,0.1,14,4,4,1,13,5.7,2.5,8.7,4.2,4.7,0.242,0
SAH-00888,35,Male,SI,AR,17,Married,1,Urban Posting (Low),0.25,11,13,2,15,598,41.5,2,19.7,6.7,60,22,0.367,9,2,4,0,12,6.2,4.6,6.9,4.7,4.0,0.205,0
SAH-00889,49,Male,Constable,NSG,25,Single,0,Urban Posting (Low),0.25,24,10,0,22,1185,44.3,14,15.3,5.5,60,18,0.3,7,7,3,0,10,6.5,1.0,5.4,4.8,3.1,0.476,0
SAH-00890,28,Male,Head Constable,RPF,6,Single,0,Urban Posting (Low),0.25,14,14,6,15,312,40.7,5,16.4,3.3,60,14,0.233,1,11,1,0,5,5.9,4.5,4.2,2.1,9.3,0.413,0
SAH-00891,25,Male,Constable,ITBP,2,Married,3,J&K (High Risk),0.85,30,11,6,33,3197,48.6,10,12.1,5.0,30,23,0.767,12,3,1,0,6,10.0,5.0,4.2,7.4,5.4,0.367,0
SAH-00892,49,Male,Constable,CISF,26,Married,5,J&K (High Risk),0.85,35,6,3,39,3417,41.9,10,25.0,5.2,30,20,0.667,0,2,2,1,9,4.5,2.1,4.0,4.8,4.6,0.481,0
SAH-00893,24,Male,SI,AR,6,Married,1,Training Center (Low),0.2,21,7,6,22,1251,66.0,18,10.2,3.4,45,24,0.533,5,2,1,3,14,8.0,2.3,6.3,5.2,6.5,0.394,0
SAH-00894,32,Male,Dy. Commandant,CRPF,11,Married,3,Northeast (High Risk),0.8,5,9,1,4,815,46.0,2,26.1,10.0,30,8,0.267,1,5,4,0,8,8.5,1.9,8.1,6.6,1.9,0.306,0
SAH-00895,22,Male,Head Constable,SSB,2,Single,0,Border Area (Moderate),0.55,2,6,5,4,2098,58.9,12,26.2,5.5,30,11,0.367,10,7,3,0,2,3.8,3.9,4.7,8.0,6.1,0.406,0
SAH-00896,47,Male,SI,BSF,27,Married,5,Naxal Belt (High Risk),0.82,34,9,4,35,2245,59.0,7,18.6,5.1,60,27,0.45,7,9,4,1,4,6.1,2.4,4.4,5.9,2.1,0.593,1
SAH-00897,51,Male,Dy. Commandant,CISF,29,Married,3,J&K (High Risk),0.85,11,13,6,15,925,35.0,10,12.5,10.0,45,39,0.867,12,4,0,0,9,6.7,2.9,6.9,3.3,5.7,0.398,0
SAH-00898,56,Male,Inspector,AR,38,Single,1,J&K (High Risk),0.85,11,12,1,16,1909,60.6,10,8.3,6.4,30,30,1.0,4,0,3,0,14,6.3,3.6,9.3,5.0,3.3,0.305,0
SAH-00899,56,Male,Constable,CISF,38,Single,1,Training Center (Low),0.2,9,2,5,14,3083,35.0,12,0.0,7.9,30,8,0.267,1,0,0,0,2,6.3,1.4,8.0,5.4,6.4,0.264,0
SAH-00900,46,Male,Commandant,RPF,25,Single,0,Border Area (Moderate),0.55,6,13,5,8,1202,42.0,2,19.3,5.7,45,19,0.422,10,2,0,0,17,7.3,1.5,6.3,1.8,10.0,0.357,0
SAH-00901,47,Male,Head Constable,NSG,23,Single,0,Border Area (Moderate),0.55,34,2,0,34,2610,60.0,5,6.1,5.6,60,22,0.367,11,11,7,1,2,1.8,3.3,4.4,6.5,5.3,0.601,1
SAH-00902,25,Male,Head Constable,SSB,5,Married,5,HQ / Admin (Low),0.15,32,14,5,32,1972,53.5,9,7.2,3.8,30,4,0.133,4,11,7,0,6,5.8,2.6,6.6,6.8,2.0,0.42,0
SAH-00903,40,Male,Constable,ITBP,16,Single,1,J&K (High Risk),0.85,12,2,2,17,678,47.9,18,19.4,6.8,30,9,0.3,1,5,6,0,13,5.2,2.0,8.3,5.7,3.7,0.57,1
SAH-00904,31,Male,Head Constable,ITBP,13,Married,4,Northeast (High Risk),0.8,32,6,5,32,3069,35.0,11,11.6,9.2,45,45,1.0,5,1,2,1,15,4.6,3.0,7.7,3.8,5.7,0.565,1
SAH-00905,30,Male,Constable,ITBP,6,Single,1,Urban Posting (Low),0.25,17,2,5,21,1575,63.6,13,16.7,8.7,30,28,0.933,7,0,0,0,18,7.8,2.9,7.0,5.9,7.5,0.341,0
SAH-00906,26,Male,Constable,RPF,3,Divorced,3,Urban Posting (Low),0.25,4,3,4,9,3270,57.2,10,18.7,3.1,30,8,0.267,1,6,6,0,3,8.1,2.1,8.7,7.5,2.8,0.299,0
SAH-00907,28,Male,Head Constable,BSF,6,Married,3,Naxal Belt (High Risk),0.82,33,13,2,34,3390,41.7,9,27.8,9.2,45,20,0.444,5,11,1,0,2,8.3,3.2,9.5,5.1,8.7,0.464,0
SAH-00908,43,Male,Inspector,AR,23,Married,5,HQ / Admin (Low),0.15,9,8,1,11,1774,40.5,2,16.6,3.8,30,12,0.4,5,1,1,0,2,7.7,2.0,8.2,7.1,6.3,0.17,0
SAH-00909,46,Male,Inspector,SSB,25,Married,3,HQ / Admin (Low),0.15,34,8,2,33,702,64.3,12,10.6,3.6,45,11,0.244,0,7,0,1,8,3.6,3.7,2.5,6.4,5.0,0.42,0
SAH-00910,32,Male,Head Constable,SSB,10,Married,5,J&K (High Risk),0.85,30,11,2,31,2086,55.6,17,14.4,3.7,45,32,0.711,8,1,2,0,3,6.3,2.8,8.4,1.7,6.7,0.535,1
SAH-00911,46,Male,Inspector,ITBP,27,Married,3,J&K (High Risk),0.85,20,12,1,21,1178,35.7,12,10.4,4.7,30,19,0.633,14,10,0,1,18,8.2,4.8,6.2,4.5,2.5,0.465,0
SAH-00912,33,Male,Inspector,ITBP,10,Single,0,Training Center (Low),0.2,23,4,4,21,515,43.2,13,30.0,1.6,60,31,0.517,11,0,6,0,10,1.0,1.7,6.8,6.5,3.2,0.366,0
SAH-00913,38,Female,SI,NSG,17,Married,3,Naxal Belt (High Risk),0.82,35,9,6,37,813,75.5,13,18.0,5.6,45,42,0.933,7,9,3,0,14,9.3,2.4,6.0,5.8,2.3,0.506,1
SAH-00914,45,Male,Constable,RPF,23,Married,2,J&K (High Risk),0.85,23,8,7,28,1069,64.0,6,19.7,5.0,45,32,0.711,11,1,3,0,3,3.5,3.9,5.1,7.4,9.5,0.534,1
SAH-00915,53,Female,SI,CRPF,35,Widowed,5,Urban Posting (Low),0.25,23,1,5,26,978,52.0,11,25.8,5.6,30,10,0.333,13,1,3,1,7,4.2,1.9,1.8,6.0,5.0,0.445,0
SAH-00916,32,Male,Commandant,CRPF,13,Single,1,Border Area (Moderate),0.55,23,8,2,27,3402,52.3,3,8.2,4.5,60,28,0.467,3,6,3,0,1,7.5,3.0,7.1,6.8,5.4,0.358,0
SAH-00917,56,Female,SI,CISF,35,Married,2,Border Area (Moderate),0.55,28,1,2,26,2891,35.0,15,3.6,2.3,60,15,0.25,6,0,0,0,17,9.9,1.0,3.9,4.8,7.3,0.441,0
SAH-00918,24,Male,Head Constable,CISF,6,Married,2,Northeast (High Risk),0.8,19,4,6,24,2997,67.7,18,14.8,5.0,30,20,0.667,3,2,4,0,2,4.1,1.9,7.5,6.2,2.2,0.509,1
SAH-00919,25,Male,Head Constable,SSB,2,Single,0,Urban Posting (Low),0.25,30,10,1,29,1431,46.6,9,3.6,7.9,45,30,0.667,7,4,4,0,2,4.4,2.1,5.7,3.5,3.4,0.412,0
SAH-00920,57,Male,ASI,SSB,38,Married,1,Border Area (Moderate),0.55,21,6,3,22,724,42.3,15,11.7,3.5,30,29,0.967,9,11,5,0,18,8.5,2.8,8.7,7.2,5.7,0.453,0
SAH-00921,28,Male,Head Constable,BSF,8,Single,0,Northeast (High Risk),0.8,24,7,6,27,1058,61.0,4,0.0,3.7,30,28,0.933,1,6,3,0,11,6.3,4.0,10.0,6.0,8.4,0.364,0
SAH-00922,48,Male,Constable,BSF,30,Married,1,Naxal Belt (High Risk),0.82,21,10,2,21,1276,44.4,15,4.2,6.4,30,28,0.933,1,5,7,1,13,5.5,2.7,6.2,3.1,6.8,0.551,1
SAH-00923,51,Male,Head Constable,CRPF,29,Married,3,Border Area (Moderate),0.55,26,13,0,29,1685,35.0,0,24.8,3.0,30,19,0.633,2,7,7,3,12,6.4,2.7,5.5,5.0,5.7,0.351,0
SAH-00924,29,Male,Inspector,RPF,5,Married,3,HQ / Admin (Low),0.15,26,4,5,30,330,56.9,4,18.2,6.0,30,22,0.733,13,0,6,0,15,10.0,2.2,5.0,10.0,5.5,0.339,0
SAH-00925,49,Male,Inspector,CISF,28,Married,4,HQ / Admin (Low),0.15,33,8,5,33,3013,35.0,12,29.4,6.4,30,26,0.867,3,6,6,0,16,7.5,1.9,7.4,5.1,7.3,0.415,0
SAH-00926,34,Male,Constable,CRPF,15,Divorced,4,Northeast (High Risk),0.8,4,8,6,5,1330,51.3,12,14.8,4.4,60,11,0.183,10,8,5,0,17,6.7,4.0,5.3,4.9,3.1,0.452,0
SAH-00927,42,Male,Commandant,RPF,24,Single,0,Urban Posting (Low),0.25,9,14,4,8,3215,55.8,2,14.4,4.0,45,18,0.4,12,6,5,0,12,7.2,3.2,6.4,4.0,5.6,0.342,0
SAH-00928,31,Female,Head Constable,CRPF,11,Divorced,2,Urban Posting (Low),0.25,8,14,6,9,373,48.7,16,16.7,2.7,60,16,0.267,5,5,2,0,12,6.8,2.7,4.6,3.3,5.9,0.308,0
SAH-00929,43,Male,ASI,CISF,19,Married,1,Training Center (Low),0.2,2,14,2,6,2888,48.7,18,43.7,3.9,30,18,0.6,14,8,2,0,7,7.8,4.6,6.6,3.5,4.5,0.379,0
SAH-00930,21,Female,SI,AR,1,Married,3,Border Area (Moderate),0.55,29,9,1,28,3483,70.6,4,23.4,6.6,45,42,0.933,4,3,0,1,6,4.7,1.0,9.8,9.5,4.7,0.448,0
SAH-00931,57,Male,Inspector,BSF,36,Married,1,J&K (High Risk),0.85,23,14,0,24,1735,70.8,4,8.3,7.2,45,14,0.311,9,11,4,0,7,5.9,4.0,5.0,6.2,1.8,0.503,1
SAH-00932,41,Male,Commandant,NSG,23,Single,2,Urban Posting (Low),0.25,6,6,6,3,3472,41.0,14,18.3,5.6,45,37,0.822,12,9,6,0,16,6.0,1.4,6.5,2.7,3.9,0.285,0
SAH-00933,46,Male,Head Constable,NSG,26,Married,1,J&K (High Risk),0.85,21,4,1,19,1135,44.9,9,16.2,4.3,30,15,0.5,9,5,7,2,0,4.1,3.1,7.5,5.5,1.0,0.49,0
SAH-00934,56,Male,Inspector,NSG,33,Married,4,J&K (High Risk),0.85,22,2,6,21,2284,45.5,11,20.8,5.6,30,30,1.0,6,5,6,3,2,3.8,4.0,9.2,7.6,6.3,0.488,0
SAH-00935,43,Male,Constable,CISF,19,Married,4,Border Area (Moderate),0.55,9,7,2,6,3012,51.6,10,30.0,3.9,60,43,0.717,5,9,0,0,3,8.8,1.2,8.8,6.3,5.2,0.193,0
SAH-00936,21,Male,SI,ITBP,1,Married,3,HQ / Admin (Low),0.15,34,10,0,39,591,51.0,0,19.7,5.9,30,30,1.0,13,2,1,0,18,7.4,4.2,8.0,2.7,4.7,0.398,0
SAH-00937,35,Male,SI,ITBP,16,Married,3,Northeast (High Risk),0.8,26,3,4,31,2994,72.6,2,12.0,7.0,30,10,0.333,14,6,6,0,1,9.5,2.9,7.3,6.8,5.5,0.461,0
SAH-00938,41,Female,SI,ITBP,23,Married,3,Border Area (Moderate),0.55,1,11,4,2,1377,49.8,3,29.9,4.6,30,30,1.0,14,0,6,0,10,7.0,2.2,10.0,5.6,5.6,0.186,0
SAH-00939,29,Male,Constable,SSB,5,Married,1,Naxal Belt (High Risk),0.82,5,13,6,5,1860,39.6,18,4.6,3.9,60,27,0.45,3,10,3,2,10,6.6,3.2,7.9,5.9,4.3,0.392,0
SAH-00940,29,Male,Inspector,BSF,10,Single,1,Training Center (Low),0.2,22,12,7,23,688,44.9,19,12.8,4.5,30,21,0.7,10,7,1,1,18,5.6,3.5,7.1,9.2,2.2,0.357,0
SAH-00941,30,Male,Constable,BSF,7,Married,2,Border Area (Moderate),0.55,4,3,4,4,485,56.5,2,22.2,7.7,45,12,0.267,9,7,7,1,1,8.0,5.0,8.9,5.5,6.0,0.258,0
SAH-00942,46,Male,Constable,AR,22,Widowed,1,Northeast (High Risk),0.8,2,3,7,3,2310,48.9,17,8.7,10.0,30,25,0.833,8,7,1,0,4,3.5,2.8,7.7,4.1,3.0,0.503,1
SAH-00943,55,Male,SI,AR,34,Single,0,Northeast (High Risk),0.8,16,4,7,19,1479,55.8,2,14.6,6.8,45,45,1.0,6,8,7,0,18,6.6,3.8,10.0,2.0,5.7,0.451,0
SAH-00944,45,Male,Head Constable,SSB,26,Single,1,Naxal Belt (High Risk),0.82,16,2,3,20,2915,49.1,6,9.4,5.4,45,39,0.867,0,3,5,0,8,7.8,3.1,5.4,4.1,7.6,0.413,0
SAH-00945,46,Male,Inspector,CRPF,26,Married,4,J&K (High Risk),0.85,22,13,1,20,1011,60.7,0,14.7,3.6,30,21,0.7,7,5,6,0,6,5.8,3.4,6.4,4.0,8.5,0.372,0
SAH-00946,31,Male,Head Constable,RPF,9,Married,5,J&K (High Risk),0.85,1,13,2,1,1207,50.9,18,9.4,3.4,60,32,0.533,3,10,2,0,11,6.9,2.7,3.8,1.7,5.8,0.59,1
SAH-00947,22,Male,Constable,AR,1,Married,1,Urban Posting (Low),0.25,15,5,0,19,3057,37.4,17,15.6,6.4,45,20,0.444,6,11,6,0,18,9.2,2.2,6.3,6.8,4.4,0.241,0
SAH-00948,27,Male,Inspector,NSG,4,Single,0,Naxal Belt (High Risk),0.82,24,3,6,27,966,47.8,1,12.4,3.9,30,15,0.5,10,6,4,0,17,5.5,3.4,4.1,6.5,4.1,0.416,0
SAH-00949,38,Male,ASI,ITBP,18,Married,4,Urban Posting (Low),0.25,4,10,6,9,3090,78.5,11,25.6,7.5,30,12,0.4,1,1,5,0,17,6.8,2.0,6.7,5.5,5.7,0.379,0
SAH-00950,47,Male,Constable,NSG,23,Single,1,J&K (High Risk),0.85,18,5,5,19,3012,66.8,16,18.1,4.3,30,27,0.9,11,5,5,0,8,8.0,1.0,5.1,3.5,1.1,0.477,0
SAH-00951,54,Male,SI,ITBP,30,Married,1,Border Area (Moderate),0.55,17,12,5,19,3340,38.1,2,20.9,8.3,60,59,0.983,2,7,3,0,1,5.4,3.1,8.1,6.0,3.4,0.344,0
SAH-00952,47,Male,Head Constable,NSG,23,Married,4,Naxal Belt (High Risk),0.82,7,13,1,11,2518,73.3,11,16.2,4.7,30,30,1.0,0,3,0,0,1,3.8,2.2,5.5,6.8,3.5,0.401,0
SAH-00953,37,Female,ASI,CRPF,18,Married,3,J&K (High Risk),0.85,10,7,2,11,2416,53.6,11,11.5,7.8,30,15,0.5,1,4,3,0,14,7.5,2.7,7.9,9.0,5.8,0.389,0
SAH-00954,44,Male,Head Constable,RPF,26,Married,4,Border Area (Moderate),0.55,1,9,3,6,3278,46.1,5,17.7,6.8,30,19,0.633,10,7,0,0,15,6.2,1.3,6.1,6.2,4.9,0.325,0
SAH-00955,45,Male,Inspector,NSG,24,Divorced,2,J&K (High Risk),0.85,2,2,2,2,2285,48.6,9,16.6,7.2,30,20,0.667,4,2,7,2,13,5.9,4.0,8.9,6.4,5.3,0.423,0
SAH-00956,27,Male,Inspector,NSG,5,Married,4,Training Center (Low),0.2,22,9,1,26,1549,52.7,5,0.0,5.4,30,22,0.733,1,5,0,0,18,6.3,1.0,6.3,5.8,4.8,0.42,0
SAH-00957,26,Male,SI,CISF,8,Married,1,Border Area (Moderate),0.55,32,10,2,31,2259,65.0,13,15.3,4.2,45,4,0.089,12,0,7,1,14,3.6,3.4,5.6,5.1,4.6,0.613,1
SAH-00958,44,Male,Constable,RPF,26,Married,1,Border Area (Moderate),0.55,29,6,5,30,178,54.3,1,20.4,7.5,30,28,0.933,5,3,7,2,2,5.5,3.5,2.9,7.1,5.6,0.284,0
SAH-00959,53,Male,Inspector,NSG,33,Married,5,J&K (High Risk),0.85,35,12,5,39,353,56.0,10,9.3,9.1,60,22,0.367,5,5,4,0,5,7.4,3.2,3.8,5.4,6.4,0.569,1
SAH-00960,49,Male,SI,CISF,30,Single,1,Northeast (High Risk),0.8,17,6,0,20,3210,66.5,14,21.9,3.5,60,34,0.567,5,2,1,0,5,6.0,4.0,8.0,5.2,7.1,0.371,0
SAH-00961,42,Male,SI,BSF,19,Single,0,Border Area (Moderate),0.55,12,11,3,9,966,47.2,7,17.8,6.5,30,28,0.933,11,0,7,0,19,5.0,1.8,3.9,4.8,4.9,0.377,0
SAH-00962,46,Male,Head Constable,RPF,23,Married,3,Border Area (Moderate),0.55,24,3,5,24,1235,55.6,12,11.8,6.4,45,45,1.0,10,5,0,0,8,4.5,5.0,8.4,4.9,7.1,0.382,0
SAH-00963,48,Male,Inspector,SSB,28,Married,2,Northeast (High Risk),0.8,30,14,0,28,971,57.3,18,19.3,5.8,45,40,0.889,13,2,4,0,10,6.5,2.1,5.6,6.2,8.2,0.429,0
SAH-00964,41,Male,SI,RPF,22,Married,3,J&K (High Risk),0.85,30,10,3,28,1109,53.6,9,12.1,8.4,45,5,0.111,14,7,1,1,3,7.7,3.7,6.5,6.7,3.8,0.581,1
SAH-00965,27,Male,Constable,RPF,7,Married,5,Naxal Belt (High Risk),0.82,20,13,5,23,1300,58.0,8,17.2,3.9,30,14,0.467,2,6,5,0,13,8.1,4.8,7.6,4.1,6.6,0.513,1
SAH-00966,37,Female,Head Constable,NSG,14,Married,4,Border Area (Moderate),0.55,7,9,3,6,2248,43.7,17,12.9,7.7,30,10,0.333,10,10,5,3,12,4.9,2.8,8.7,5.9,3.9,0.596,1
SAH-00967,40,Male,Inspector,BSF,22,Married,4,Northeast (High Risk),0.8,7,4,7,6,642,63.8,6,19.4,4.9,60,60,1.0,2,6,1,1,14,9.2,2.3,3.6,3.7,7.5,0.463,0
SAH-00968,40,Male,Constable,RPF,19,Married,3,Border Area (Moderate),0.55,30,5,2,32,2144,45.4,2,25.8,1.0,30,10,0.333,9,11,3,0,16,6.2,3.8,3.7,6.8,5.4,0.382,0
SAH-00969,42,Male,Commandant,AR,18,Married,4,Naxal Belt (High Risk),0.82,12,3,0,14,989,57.5,11,11.5,2.6,45,45,1.0,6,7,3,0,7,2.7,2.4,6.0,8.4,4.2,0.394,0
SAH-00970,48,Male,SI,AR,29,Married,5,Border Area (Moderate),0.55,31,5,3,28,2757,54.5,14,22.2,5.6,45,45,1.0,12,6,6,0,10,6.2,2.1,8.9,6.6,3.2,0.458,0
SAH-00971,27,Male,ASI,CISF,5,Married,2,Naxal Belt (High Risk),0.82,18,8,6,15,2328,43.8,12,12.6,7.9,30,28,0.933,12,4,3,0,10,4.0,3.7,6.5,4.9,3.9,0.513,1
SAH-00972,21,Male,Constable,NSG,1,Single,0,Border Area (Moderate),0.55,2,8,3,4,1612,71.5,5,12.7,7.7,45,8,0.178,3,9,6,0,15,6.8,3.8,8.8,7.6,4.7,0.4,0
SAH-00973,52,Male,Constable,NSG,34,Divorced,5,J&K (High Risk),0.85,33,14,2,36,1051,72.6,7,11.8,5.7,60,6,0.1,5,7,6,1,2,6.6,3.0,3.2,3.0,7.2,0.504,1
SAH-00974,33,Male,Commandant,RPF,13,Single,2,J&K (High Risk),0.85,11,8,5,16,2262,40.9,13,1.5,3.2,30,26,0.867,11,7,7,0,14,3.0,3.1,5.4,6.1,4.4,0.532,1
SAH-00975,50,Male,Constable,CRPF,30,Single,0,Naxal Belt (High Risk),0.82,34,6,5,34,2821,61.6,2,19.0,3.1,60,56,0.933,7,10,2,0,12,8.9,3.2,6.6,10.0,4.1,0.607,1
SAH-00976,43,Male,SI,BSF,20,Married,1,Naxal Belt (High Risk),0.82,16,1,6,18,2917,50.5,15,17.3,6.3,30,30,1.0,2,7,1,1,6,4.7,2.8,4.4,3.7,8.5,0.503,1
SAH-00977,39,Male,Head Constable,ITBP,21,Married,2,Naxal Belt (High Risk),0.82,35,11,1,34,1660,43.9,17,16.3,5.4,45,14,0.311,8,11,2,0,4,2.4,2.7,4.2,4.9,4.2,0.547,1
SAH-00978,52,Male,Constable,ITBP,29,Married,2,Training Center (Low),0.2,33,10,1,33,1677,56.4,16,27.4,7.4,45,37,0.822,8,9,3,0,11,8.6,1.6,4.9,5.1,2.7,0.517,1
SAH-00979,50,Male,Constable,CRPF,27,Married,2,Training Center (Low),0.2,21,12,5,26,1647,62.0,17,28.3,4.8,45,27,0.6,14,5,4,0,2,7.2,2.3,5.7,3.3,2.3,0.495,0
SAH-00980,49,Male,ASI,CISF,27,Married,4,Northeast (High Risk),0.8,20,6,7,17,3187,53.9,9,25.5,4.0,30,12,0.4,2,1,3,0,11,5.5,3.0,4.2,4.0,3.5,0.514,1
SAH-00981,49,Male,DIG,ITBP,26,Married,5,Training Center (Low),0.2,8,12,6,9,1153,47.6,16,13.1,4.9,30,21,0.7,5,7,0,1,4,6.1,5.0,8.9,5.6,5.0,0.317,0
SAH-00982,50,Male,Head Constable,RPF,26,Married,1,Border Area (Moderate),0.55,26,11,4,29,2237,68.0,15,12.7,5.5,60,38,0.633,4,9,4,2,18,5.8,1.9,6.9,8.7,5.1,0.598,1
SAH-00983,36,Male,Head Constable,ITBP,13,Married,5,Northeast (High Risk),0.8,33,10,4,32,2497,68.4,1,6.9,1.4,30,11,0.367,3,0,6,0,18,2.8,2.5,7.1,6.5,3.8,0.423,0
SAH-00984,39,Male,Head Constable,AR,17,Married,5,HQ / Admin (Low),0.15,26,7,6,24,2005,43.8,19,15.5,6.4,45,16,0.356,7,8,6,0,0,3.2,1.7,7.1,7.7,1.9,0.428,0
SAH-00985,38,Male,ASI,AR,14,Married,2,Training Center (Low),0.2,30,14,3,28,179,53.1,3,15.1,5.8,60,35,0.583,9,8,4,0,19,7.9,1.0,9.7,7.2,3.2,0.504,1
SAH-00986,21,Female,Head Constable,SSB,1,Divorced,2,HQ / Admin (Low),0.15,31,9,5,28,3082,35.0,10,19.3,7.4,30,17,0.567,8,5,6,1,11,6.8,4.4,10.0,6.2,2.4,0.386,0
SAH-00987,34,Male,Inspector,BSF,15,Single,2,J&K (High Risk),0.85,33,12,1,34,2863,62.0,6,6.4,7.1,30,12,0.4,14,9,1,0,5,7.8,3.5,5.9,1.9,1.0,0.572,1
SAH-00988,22,Male,Head Constable,CISF,1,Married,2,J&K (High Risk),0.85,11,8,3,10,2543,67.9,16,12.0,7.7,60,21,0.35,11,5,7,0,17,8.4,4.4,7.6,8.7,1.0,0.481,0
SAH-00989,48,Male,Head Constable,NSG,25,Married,4,Border Area (Moderate),0.55,5,11,0,8,78,56.7,18,1.4,8.9,60,60,1.0,8,5,2,0,15,1.0,1.1,5.9,7.6,5.6,0.37,0
SAH-00990,50,Male,Constable,BSF,26,Divorced,1,Border Area (Moderate),0.55,2,12,6,0,1275,39.6,5,9.3,5.8,30,28,0.933,4,10,0,2,10,5.2,3.6,8.3,6.1,4.4,0.285,0
SAH-00991,24,Male,DIG,CISF,5,Single,0,J&K (High Risk),0.85,13,8,6,18,1310,71.4,9,22.1,1.1,45,41,0.911,4,3,4,0,9,3.7,5.0,9.3,2.9,6.2,0.36,0
SAH-00992,21,Male,Constable,ITBP,1,Married,1,Training Center (Low),0.2,18,7,7,16,1681,76.4,3,6.2,7.2,60,18,0.3,10,0,7,0,2,5.7,4.0,6.5,2.6,3.7,0.348,0
SAH-00993,28,Female,Constable,SSB,9,Married,4,Border Area (Moderate),0.55,26,2,1,30,848,46.8,0,29.0,7.9,30,8,0.267,2,0,2,1,17,2.3,3.6,8.4,3.1,3.8,0.511,1
SAH-00994,49,Male,ASI,BSF,28,Married,2,Naxal Belt (High Risk),0.82,25,1,1,25,1412,57.3,6,23.1,5.0,30,27,0.9,8,0,2,0,11,7.2,2.2,5.8,4.1,3.3,0.46,0
SAH-00995,23,Male,ASI,ITBP,4,Married,3,Border Area (Moderate),0.55,14,2,1,16,1472,61.8,15,19.0,1.5,45,12,0.267,0,4,0,0,13,7.3,4.5,8.8,6.2,3.2,0.459,0
SAH-00996,52,Male,Head Constable,CISF,28,Single,0,Border Area (Moderate),0.55,5,6,6,10,2386,61.4,16,25.7,7.6,30,18,0.6,11,6,7,0,3,10.0,2.4,4.7,5.0,3.5,0.438,0
SAH-00997,30,Male,Head Constable,BSF,11,Married,3,J&K (High Risk),0.85,2,13,4,5,3373,52.6,4,14.0,5.5,45,14,0.311,2,0,0,3,9,5.8,3.5,4.4,5.7,8.5,0.478,0
SAH-00998,30,Male,SI,NSG,11,Divorced,1,HQ / Admin (Low),0.15,4,2,2,8,3074,73.6,9,9.1,2.8,45,21,0.467,6,0,3,0,6,7.4,2.0,7.7,6.6,4.8,0.323,0
SAH-00999,39,Male,Constable,BSF,20,Married,5,Naxal Belt (High Risk),0.82,12,10,7,15,149,35.0,6,14.2,5.0,30,28,0.933,6,11,6,0,15,7.9,2.9,8.8,8.1,3.4,0.475,0
SAH-01000,54,Male,Inspector,ITBP,36,Married,2,J&K (High Risk),0.85,11,4,2,9,1989,35.0,12,1.2,5.5,60,59,0.983,4,10,6,0,8,9.4,4.0,7.8,4.2,6.9,0.358,0
SAH-01001,53,Male,ASI,RPF,30,Single,0,Training Center (Low),0.2,4,10,7,9,471,51.8,6,24.5,5.0,30,30,1.0,5,11,3,1,2,3.7,3.9,8.6,2.2,4.9,0.31,0
SAH-01002,43,Male,Head Constable,RPF,21,Divorced,2,HQ / Admin (Low),0.15,9,3,6,6,2740,72.9,14,12.2,4.5,30,30,1.0,3,5,4,0,1,7.8,3.0,4.8,3.9,7.2,0.234,0
SAH-01003,48,Male,Head Constable,BSF,27,Married,3,Training Center (Low),0.2,10,6,4,8,743,65.9,16,9.0,7.4,30,23,0.767,7,10,4,0,5,6.8,5.0,6.4,6.7,6.0,0.376,0
SAH-01004,52,Male,Constable,NSG,30,Single,1,Training Center (Low),0.2,27,12,7,26,755,35.0,2,9.9,8.2,45,23,0.511,3,1,4,0,9,2.8,2.8,3.3,7.2,5.3,0.338,0
SAH-01005,27,Male,SI,SSB,9,Married,5,Border Area (Moderate),0.55,6,12,5,5,67,86.1,4,15.1,9.4,30,4,0.133,9,1,3,0,3,6.9,4.1,4.1,7.2,5.6,0.418,0
SAH-01006,49,Male,Head Constable,SSB,31,Married,3,HQ / Admin (Low),0.15,15,13,5,15,2568,58.7,9,16.0,3.5,30,21,0.7,14,11,7,1,3,7.5,2.4,9.4,4.1,5.8,0.368,0
SAH-01007,28,Male,Head Constable,RPF,4,Single,0,J&K (High Risk),0.85,31,14,6,32,2820,38.2,4,13.8,8.1,60,18,0.3,5,6,4,0,9,2.6,1.8,5.8,6.2,2.5,0.482,0
SAH-01008,21,Male,ASI,ITBP,3,Married,4,Urban Posting (Low),0.25,22,8,6,24,1080,50.9,6,13.8,5.9,60,57,0.95,4,8,4,1,9,5.8,2.8,10.0,8.5,5.2,0.347,0
SAH-01009,23,Female,IG,CISF,1,Single,0,Urban Posting (Low),0.25,6,11,4,3,2516,63.6,6,19.4,6.3,30,19,0.633,11,7,3,1,12,6.2,1.3,6.8,7.0,5.6,0.347,0
SAH-01010,44,Male,Head Constable,ITBP,26,Married,3,J&K (High Risk),0.85,33,6,4,37,429,67.0,13,6.2,7.9,30,25,0.833,13,1,3,2,5,6.1,3.3,6.1,2.0,5.8,0.472,0
SAH-01011,43,Male,Dy. Commandant,SSB,24,Married,1,Border Area (Moderate),0.55,29,2,5,31,2605,51.2,14,16.8,5.4,45,34,0.756,9,6,4,0,6,7.2,3.1,6.0,5.4,4.0,0.483,0
SAH-01012,28,Female,Head Constable,CRPF,6,Married,5,Border Area (Moderate),0.55,21,5,2,26,163,58.3,4,12.5,5.1,45,20,0.444,5,4,4,0,4,4.8,3.6,8.5,4.8,7.4,0.467,0
SAH-01013,57,Male,Constable,CRPF,37,Married,2,Urban Posting (Low),0.25,30,11,3,31,2949,50.5,4,0.0,4.1,60,51,0.85,2,10,2,0,14,3.8,3.0,6.3,2.5,5.5,0.356,0
SAH-01014,23,Male,Constable,BSF,2,Married,1,J&K (High Risk),0.85,21,13,4,24,2608,51.2,3,6.3,3.2,30,28,0.933,12,9,1,3,7,7.0,2.7,6.6,8.4,4.2,0.328,0
SAH-01015,53,Male,Head Constable,NSG,35,Married,5,Training Center (Low),0.2,22,6,3,22,1669,60.7,19,8.7,4.2,30,25,0.833,2,11,3,2,9,9.1,3.1,7.1,2.7,5.8,0.522,1
SAH-01016,48,Male,Constable,RPF,26,Single,0,J&K (High Risk),0.85,20,9,3,22,900,69.3,8,28.4,5.8,45,39,0.867,9,3,1,0,11,9.0,4.1,3.8,5.3,7.1,0.341,0
SAH-01017,28,Male,Constable,AR,4,Married,1,Naxal Belt (High Risk),0.82,22,6,0,24,1946,38.4,11,18.6,5.4,45,20,0.444,6,11,7,2,16,10.0,4.0,6.7,8.1,3.5,0.562,1
SAH-01018,54,Male,Dy. Commandant,AR,36,Married,5,Training Center (Low),0.2,11,10,2,11,1025,49.2,15,17.2,4.7,45,45,1.0,12,9,6,1,15,5.3,4.3,6.4,3.7,3.3,0.436,0
SAH-01019,55,Male,Inspector,AR,32,Married,4,Border Area (Moderate),0.55,31,5,7,33,2711,44.8,7,11.1,4.8,60,31,0.517,0,3,3,2,0,5.7,1.0,7.4,5.4,6.6,0.461,0
SAH-01020,52,Male,SI,BSF,34,Married,2,Naxal Belt (High Risk),0.82,13,1,6,17,2566,39.9,8,10.9,7.6,45,44,0.978,0,3,7,0,3,1.7,4.1,8.5,6.5,6.9,0.331,0
SAH-01021,44,Male,Constable,CRPF,26,Married,4,J&K (High Risk),0.85,18,10,3,19,142,39.3,11,5.5,5.9,30,28,0.933,0,8,5,1,7,4.8,3.7,6.0,3.9,4.8,0.484,0
SAH-01022,34,Male,Constable,SSB,16,Widowed,3,Urban Posting (Low),0.25,22,5,6,20,1565,52.3,19,12.4,3.5,45,10,0.222,5,6,6,2,5,2.8,5.0,7.5,4.3,4.6,0.434,0
SAH-01023,52,Male,Constable,BSF,28,Single,1,HQ / Admin (Low),0.15,17,5,6,22,1175,39.1,6,26.0,5.6,30,30,1.0,3,6,6,0,9,5.3,2.5,3.8,6.1,6.8,0.416,0
SAH-01024,36,Male,SI,AR,18,Married,5,HQ / Admin (Low),0.15,25,6,2,25,542,38.7,3,4.5,6.7,30,30,1.0,13,3,2,3,17,8.7,2.7,10.0,6.8,3.4,0.39,0
SAH-01025,24,Female,Dy. Commandant,AR,3,Single,0,Urban Posting (Low),0.25,32,7,2,32,2860,49.8,2,10.3,7.4,60,42,0.7,5,8,6,0,12,8.1,3.3,9.6,7.1,1.0,0.477,0
SAH-01026,57,Female,Head Constable,RPF,35,Divorced,5,J&K (High Risk),0.85,15,13,0,18,1558,40.2,0,22.4,6.6,45,39,0.867,13,7,7,0,4,5.3,1.0,5.8,3.6,5.2,0.469,0
SAH-01027,41,Male,Constable,ITBP,18,Single,0,Northeast (High Risk),0.8,13,13,7,15,3086,58.1,6,22.4,7.2,30,30,1.0,13,9,1,1,11,4.9,1.0,6.7,2.3,5.2,0.613,1
SAH-01028,34,Female,Head Constable,AR,16,Single,0,Northeast (High Risk),0.8,26,4,6,26,2576,46.3,8,9.2,6.5,30,3,0.1,14,3,2,0,17,4.4,3.3,2.1,7.2,6.9,0.58,1
SAH-01029,51,Male,Head Constable,NSG,33,Married,1,Naxal Belt (High Risk),0.82,11,7,5,13,2974,37.7,1,24.3,1.5,30,30,1.0,0,5,0,2,7,7.7,1.8,7.8,8.0,6.6,0.355,0
SAH-01030,38,Female,Head Constable,AR,20,Married,4,Northeast (High Risk),0.8,13,5,7,12,2085,79.9,6,11.5,5.2,30,21,0.7,3,3,6,0,13,5.4,1.7,5.0,10.0,8.3,0.393,0
SAH-01031,27,Male,ASI,ITBP,9,Married,3,Northeast (High Risk),0.8,33,6,7,36,216,35.0,9,5.8,5.3,45,41,0.911,3,0,1,0,14,6.5,3.5,3.2,10.0,5.5,0.388,0
SAH-01032,30,Male,SI,AR,11,Married,3,Border Area (Moderate),0.55,1,4,2,3,189,62.3,1,27.0,9.6,45,28,0.622,1,4,1,0,4,7.3,1.4,7.2,9.0,9.4,0.279,0
SAH-01033,27,Male,Constable,NSG,8,Married,4,Naxal Belt (High Risk),0.82,27,12,3,26,143,56.2,12,15.7,7.0,30,18,0.6,0,9,5,0,4,7.5,3.7,4.7,3.4,7.3,0.386,0
SAH-01034,53,Male,Constable,SSB,33,Single,0,Urban Posting (Low),0.25,32,8,5,29,3302,46.2,2,13.7,4.9,30,29,0.967,12,10,1,1,16,1.0,2.1,4.4,5.1,5.2,0.47,0
SAH-01035,43,Male,IG,BSF,25,Married,3,HQ / Admin (Low),0.15,15,9,5,16,625,41.1,12,16.4,4.0,30,18,0.6,7,2,0,0,12,7.1,2.1,8.1,6.8,7.1,0.331,0
SAH-01036,41,Male,Constable,NSG,21,Married,4,Border Area (Moderate),0.55,31,2,1,29,3125,72.7,9,7.2,4.8,30,17,0.567,5,0,6,0,16,6.2,3.4,9.8,6.4,3.2,0.46,0
SAH-01037,39,Male,Constable,ITBP,18,Married,2,Urban Posting (Low),0.25,6,12,3,9,655,77.5,11,10.5,3.9,30,21,0.7,3,1,7,0,10,2.4,1.8,7.1,5.2,4.4,0.401,0
SAH-01038,39,Male,Constable,BSF,19,Married,4,Urban Posting (Low),0.25,25,11,3,28,3393,48.5,2,26.5,9.9,45,27,0.6,1,1,7,1,0,8.8,4.7,9.0,8.1,4.7,0.308,0
SAH-01039,56,Male,Constable,BSF,34,Married,1,Naxal Belt (High Risk),0.82,18,4,2,18,1868,46.7,19,29.9,5.5,45,24,0.533,11,7,0,0,12,6.4,2.9,5.8,4.5,4.6,0.544,1
SAH-01040,49,Male,Head Constable,ITBP,30,Married,1,J&K (High Risk),0.85,22,11,3,24,1205,65.5,5,6.1,7.1,60,16,0.267,12,3,6,1,17,2.9,3.0,7.7,5.9,6.7,0.506,1
SAH-01041,38,Male,Inspector,RPF,19,Single,0,J&K (High Risk),0.85,31,8,7,28,633,49.0,2,11.9,6.5,45,22,0.489,4,2,2,0,5,4.8,3.6,7.0,5.7,7.2,0.451,0
SAH-01042,22,Male,Head Constable,CRPF,4,Married,4,Northeast (High Risk),0.8,9,8,6,7,865,59.0,1,15.0,6.8,45,17,0.378,8,3,7,0,12,5.6,4.1,7.4,6.5,6.6,0.382,0
SAH-01043,21,Male,Head Constable,AR,3,Married,1,Urban Posting (Low),0.25,3,9,1,5,1977,58.7,13,16.6,3.7,30,15,0.5,6,9,0,1,19,10.0,2.5,4.6,6.6,3.7,0.486,0
SAH-01044,25,Male,SI,NSG,4,Divorced,5,HQ / Admin (Low),0.15,33,3,2,31,2690,52.4,14,7.4,8.2,30,20,0.667,3,0,3,0,10,4.3,3.7,1.6,3.8,6.4,0.446,0
SAH-01045,40,Male,Head Constable,ITBP,17,Married,4,HQ / Admin (Low),0.15,27,1,4,27,1585,54.0,17,20.2,5.3,45,31,0.689,14,0,4,0,18,4.6,3.8,9.3,1.0,7.4,0.347,0
SAH-01046,31,Female,Inspector,SSB,10,Single,1,J&K (High Risk),0.85,1,9,3,1,2783,56.4,18,20.8,8.5,30,10,0.333,4,4,1,1,19,6.4,4.5,6.0,4.6,6.5,0.483,0
SAH-01047,22,Male,Inspector,CISF,1,Single,0,HQ / Admin (Low),0.15,9,1,3,14,1012,38.9,9,21.8,6.4,45,8,0.178,7,6,6,0,8,10.0,2.5,2.8,6.0,2.2,0.269,0
SAH-01048,23,Male,Constable,ITBP,5,Married,3,Naxal Belt (High Risk),0.82,5,3,0,8,3084,43.8,19,21.0,9.0,30,25,0.833,10,8,2,1,12,5.5,3.8,6.5,6.5,3.1,0.433,0
SAH-01049,43,Female,SI,AR,25,Married,3,Training Center (Low),0.2,15,3,4,18,1125,54.7,16,15.6,6.7,60,37,0.617,12,6,2,1,14,5.1,3.6,7.2,4.3,6.1,0.42,0
SAH-01050,32,Male,Head Constable,AR,11,Single,0,Northeast (High Risk),0.8,9,9,4,6,2097,46.5,16,22.9,5.1,30,16,0.533,4,10,6,0,10,6.4,3.4,6.6,6.1,7.3,0.439,0
SAH-01051,40,Male,DIG,BSF,19,Divorced,3,J&K (High Risk),0.85,28,1,6,29,1363,85.3,18,19.4,8.3,30,6,0.2,11,4,2,0,15,5.3,1.0,7.0,6.0,3.0,0.655,1
SAH-01052,25,Male,Head Constable,BSF,4,Married,2,Naxal Belt (High Risk),0.82,13,7,1,12,495,53.6,3,3.1,5.8,60,30,0.5,5,2,2,0,16,5.3,4.3,6.7,4.2,5.0,0.354,0
SAH-01053,57,Male,DIG,ITBP,38,Widowed,1,Training Center (Low),0.2,24,2,6,23,2334,35.0,10,3.2,6.6,30,27,0.9,12,7,1,2,4,7.9,4.0,5.9,5.2,5.1,0.305,0
SAH-01054,50,Male,SI,CISF,30,Married,2,Northeast (High Risk),0.8,10,7,4,12,1564,35.0,16,17.5,5.7,60,40,0.667,9,11,2,3,13,5.0,3.7,6.9,3.1,3.0,0.507,1
SAH-01055,29,Male,Constable,RPF,9,Married,2,J&K (High Risk),0.85,22,1,6,22,3401,61.9,9,25.3,4.4,30,5,0.167,5,6,1,0,14,5.3,2.4,6.2,1.6,5.6,0.548,1
SAH-01056,54,Male,ASI,ITBP,36,Married,3,HQ / Admin (Low),0.15,22,13,7,26,1117,53.7,16,18.6,5.2,45,19,0.422,7,3,2,0,8,8.0,4.6,6.9,7.9,5.8,0.35,0
SAH-01057,55,Female,IG,CISF,36,Married,3,HQ / Admin (Low),0.15,20,10,6,20,931,69.3,11,19.7,6.9,30,30,1.0,12,0,2,0,13,3.1,2.9,7.3,5.9,5.3,0.399,0
SAH-01058,42,Male,Inspector,RPF,21,Married,2,J&K (High Risk),0.85,10,10,0,14,2863,44.3,9,6.5,7.4,30,19,0.633,10,2,4,0,9,5.3,3.5,7.7,4.8,7.0,0.388,0
SAH-01059,44,Male,Constable,CISF,26,Married,3,Urban Posting (Low),0.25,10,8,7,10,986,50.6,9,15.5,1.5,45,17,0.378,4,10,6,0,12,2.7,1.9,5.5,6.3,4.9,0.418,0
SAH-01060,37,Male,SI,AR,18,Married,3,Naxal Belt (High Risk),0.82,26,10,1,25,1998,55.4,5,24.1,6.1,30,30,1.0,0,7,3,1,16,5.0,2.7,7.9,6.4,6.4,0.486,0
SAH-01061,30,Male,Head Constable,AR,8,Divorced,3,Naxal Belt (High Risk),0.82,25,13,6,26,2456,50.1,16,18.6,5.3,30,13,0.433,3,1,0,2,0,5.3,3.1,7.4,9.5,5.9,0.538,1
SAH-01062,50,Male,Constable,AR,27,Married,4,Border Area (Moderate),0.55,28,10,6,29,2743,49.1,18,15.8,2.8,45,37,0.822,2,8,0,3,13,5.3,2.1,9.0,8.2,6.3,0.589,1
SAH-01063,43,Male,Head Constable,SSB,24,Married,2,Naxal Belt (High Risk),0.82,13,2,4,10,1599,60.7,1,19.8,7.2,60,14,0.233,1,3,0,0,11,5.2,2.3,6.9,6.2,4.1,0.463,0
SAH-01064,52,Male,Constable,AR,28,Married,5,Border Area (Moderate),0.55,15,3,1,19,2787,42.0,3,16.8,9.1,30,7,0.233,6,6,3,2,6,6.6,3.5,8.5,9.8,6.1,0.397,0
SAH-01065,37,Male,Inspector,NSG,19,Married,2,Border Area (Moderate),0.55,6,14,7,10,511,58.4,17,24.4,8.5,30,19,0.633,12,9,1,1,2,3.8,4.0,2.1,5.3,7.3,0.46,0
SAH-01066,37,Male,Head Constable,BSF,17,Single,1,Border Area (Moderate),0.55,12,8,4,16,150,73.9,3,16.8,1.0,45,15,0.333,12,11,0,0,0,6.8,1.5,4.4,7.9,6.9,0.443,0
SAH-01067,34,Male,Inspector,BSF,10,Married,3,Urban Posting (Low),0.25,19,3,4,19,2789,71.9,5,14.8,6.1,45,6,0.133,6,6,0,0,12,5.0,5.0,8.7,4.4,7.5,0.401,0
SAH-01068,29,Male,Constable,CISF,8,Married,3,Urban Posting (Low),0.25,32,1,6,37,3081,35.0,13,6.6,4.2,60,60,1.0,14,11,0,1,1,7.5,2.1,7.2,5.6,5.4,0.346,0
SAH-01069,22,Male,Head Constable,BSF,1,Married,5,Naxal Belt (High Risk),0.82,11,9,5,10,2866,46.1,6,24.7,4.6,30,4,0.133,7,7,6,2,8,5.9,2.0,4.4,6.8,8.2,0.43,0
SAH-01070,45,Male,Constable,CRPF,23,Married,1,J&K (High Risk),0.85,33,8,4,36,2365,55.5,11,7.5,5.0,45,36,0.8,14,6,1,0,17,4.8,4.5,6.9,5.9,4.4,0.64,1
SAH-01071,29,Male,Constable,RPF,6,Married,4,Border Area (Moderate),0.55,2,4,6,4,2980,67.3,1,16.9,1.1,30,12,0.4,9,10,3,0,3,3.4,3.7,8.6,6.1,4.5,0.248,0
SAH-01072,42,Male,Constable,CISF,19,Married,2,Urban Posting (Low),0.25,15,8,3,20,3483,54.5,17,21.4,1.4,30,30,1.0,14,3,3,0,15,6.6,4.0,4.0,6.0,8.5,0.388,0
SAH-01073,24,Male,Constable,BSF,5,Single,0,Border Area (Moderate),0.55,5,14,4,5,457,67.4,12,29.3,5.7,30,30,1.0,4,11,5,3,5,5.6,2.2,7.1,8.1,5.9,0.416,0
SAH-01074,46,Female,ASI,CRPF,28,Married,1,Border Area (Moderate),0.55,15,5,3,15,3158,44.0,12,16.8,6.0,30,13,0.433,14,6,5,3,19,8.9,3.5,10.0,5.7,6.8,0.451,0
SAH-01075,49,Male,Constable,RPF,31,Married,5,Northeast (High Risk),0.8,10,3,7,12,2565,56.0,4,26.1,5.1,45,31,0.689,0,4,1,0,2,9.1,5.0,4.9,4.3,1.6,0.329,0
SAH-01076,54,Male,Head Constable,SSB,31,Single,1,Border Area (Moderate),0.55,17,1,2,21,1789,56.3,6,15.2,3.0,30,26,0.867,5,11,6,0,10,5.0,2.1,4.7,5.4,5.7,0.332,0
SAH-01077,43,Male,Head Constable,BSF,22,Married,5,Naxal Belt (High Risk),0.82,34,13,5,33,308,67.8,11,10.5,4.7,60,13,0.217,5,9,4,2,4,1.3,3.7,1.6,8.1,5.6,0.587,1
SAH-01078,57,Female,Inspector,CRPF,38,Married,4,HQ / Admin (Low),0.15,24,10,7,28,558,62.9,13,37.1,8.4,45,36,0.8,10,6,2,1,0,7.8,2.2,5.8,7.2,6.2,0.383,0
SAH-01079,31,Male,Dy. Commandant,ITBP,8,Single,0,Urban Posting (Low),0.25,10,5,0,14,1740,60.3,0,5.3,4.8,30,30,1.0,7,2,1,3,7,4.9,2.0,8.4,5.3,6.1,0.413,0
SAH-01080,26,Female,Head Constable,NSG,8,Single,0,Northeast (High Risk),0.8,30,11,1,33,358,62.2,9,38.4,4.5,60,16,0.267,12,9,2,2,18,5.3,2.8,5.5,3.9,4.3,0.613,1
SAH-01081,38,Female,Head Constable,ITBP,17,Divorced,1,Border Area (Moderate),0.55,3,6,1,6,3394,37.5,8,28.0,8.0,60,56,0.933,9,10,3,0,3,8.4,3.0,10.0,4.4,9.9,0.293,0
SAH-01082,41,Male,Constable,CRPF,19,Married,3,Training Center (Low),0.2,3,4,2,4,674,49.9,9,10.4,5.1,45,9,0.2,14,6,2,1,8,6.7,2.8,10.0,5.5,3.4,0.352,0
SAH-01083,56,Female,Commandant,CISF,32,Married,5,Naxal Belt (High Risk),0.82,5,7,4,3,2207,39.9,6,20.2,6.9,30,20,0.667,1,6,5,0,2,7.7,2.9,10.0,5.3,4.5,0.29,0
SAH-01084,54,Male,Constable,AR,31,Single,0,Border Area (Moderate),0.55,28,3,0,26,728,44.2,15,3.8,6.4,30,13,0.433,10,1,0,1,4,8.1,5.0,5.1,4.0,6.9,0.414,0
SAH-01085,37,Male,Constable,AR,17,Married,2,Urban Posting (Low),0.25,14,7,2,18,1333,49.9,11,19.7,3.7,30,17,0.567,8,7,2,0,15,5.7,4.7,7.1,7.4,3.0,0.239,0
SAH-01086,57,Male,Constable,AR,37,Married,2,Urban Posting (Low),0.25,11,14,2,13,1730,35.0,11,17.6,3.5,30,12,0.4,10,6,5,2,7,7.4,3.2,5.3,4.4,4.9,0.332,0
SAH-01087,45,Male,Head Constable,RPF,22,Married,1,J&K (High Risk),0.85,8,1,1,12,791,50.3,18,21.9,2.8,30,10,0.333,12,8,2,3,5,6.2,3.1,5.2,3.7,6.6,0.53,1
SAH-01088,32,Male,Constable,CISF,13,Single,2,Border Area (Moderate),0.55,8,7,3,7,956,42.6,12,11.8,3.5,45,37,0.822,5,11,3,0,2,7.1,4.5,7.2,5.1,4.1,0.311,0
SAH-01089,43,Male,SI,RPF,21,Widowed,2,HQ / Admin (Low),0.15,12,1,7,9,317,39.3,17,16.3,7.2,30,9,0.3,0,3,6,0,15,6.3,3.7,4.4,6.4,3.7,0.384,0
SAH-01090,42,Female,Constable,BSF,23,Married,2,HQ / Admin (Low),0.15,15,13,7,17,2080,53.2,2,18.8,3.9,30,15,0.5,8,8,6,0,7,8.7,3.3,2.7,3.7,5.9,0.405,0
SAH-01091,41,Male,ASI,AR,17,Married,3,Urban Posting (Low),0.25,19,11,3,17,3153,47.3,6,11.1,5.2,30,11,0.367,7,0,4,1,12,3.4,5.0,3.7,5.6,5.4,0.417,0
SAH-01092,47,Male,Constable,ITBP,27,Married,3,HQ / Admin (Low),0.15,28,1,4,33,989,56.1,0,26.2,4.9,30,10,0.333,9,4,2,1,4,5.1,2.1,7.0,4.6,3.8,0.518,1
SAH-01093,51,Female,Constable,CISF,30,Married,2,Border Area (Moderate),0.55,7,2,4,8,860,44.2,2,16.0,6.3,30,21,0.7,0,9,6,3,5,5.8,3.0,10.0,4.8,5.3,0.397,0
SAH-01094,26,Female,Dy. Commandant,CISF,3,Married,1,Naxal Belt (High Risk),0.82,7,2,6,8,1250,49.9,13,17.8,2.8,30,4,0.133,7,6,3,0,2,6.2,2.9,8.4,5.5,5.0,0.418,0
SAH-01095,47,Female,Constable,AR,23,Divorced,3,Border Area (Moderate),0.55,30,4,6,34,2201,81.5,3,8.3,7.7,45,40,0.889,12,3,7,0,7,3.4,3.5,6.3,6.7,7.0,0.447,0
SAH-01096,54,Male,Inspector,ITBP,36,Married,2,J&K (High Risk),0.85,18,13,7,20,1309,59.5,18,1.8,8.4,45,29,0.644,6,6,7,0,3,4.5,1.9,8.0,5.5,3.1,0.476,0
SAH-01097,32,Female,ASI,SSB,12,Married,4,Naxal Belt (High Risk),0.82,24,1,2,23,1166,41.8,5,4.2,5.4,30,27,0.9,4,11,0,0,16,6.1,3.5,6.4,10.0,3.4,0.394,0
SAH-01098,27,Male,Constable,CISF,5,Married,3,Border Area (Moderate),0.55,6,4,4,11,2298,66.9,19,19.8,1.0,60,18,0.3,14,8,7,0,7,4.9,2.7,8.6,6.9,4.5,0.442,0
SAH-01099,30,Male,Commandant,AR,10,Divorced,2,Training Center (Low),0.2,4,2,3,4,1884,70.6,8,8.7,3.8,45,36,0.8,12,4,7,2,18,2.6,4.0,8.0,6.3,4.5,0.321,0
SAH-01100,37,Male,Constable,NSG,15,Married,5,Urban Posting (Low),0.25,3,4,7,3,948,59.2,10,20.8,6.1,30,15,0.5,5,4,2,0,13,5.3,2.7,1.7,4.9,6.9,0.276,0
SAH-01101,46,Male,Inspector,CRPF,24,Married,3,Border Area (Moderate),0.55,6,4,0,4,2840,42.6,14,28.2,6.2,30,5,0.167,3,1,2,1,8,3.6,2.4,5.2,4.5,5.3,0.456,0
SAH-01102,41,Male,Constable,RPF,18,Married,5,Naxal Belt (High Risk),0.82,26,9,1,25,974,64.4,8,21.2,5.0,30,25,0.833,8,4,0,0,11,7.2,3.7,7.9,7.5,6.3,0.398,0
SAH-01103,48,Male,Inspector,BSF,26,Married,3,Northeast (High Risk),0.8,11,9,3,11,1840,45.1,10,18.4,7.7,30,25,0.833,8,7,7,0,12,6.6,3.1,8.1,2.3,7.9,0.319,0
SAH-01104,22,Male,Constable,CISF,3,Single,0,Naxal Belt (High Risk),0.82,29,1,6,32,2694,68.2,9,20.2,4.3,30,11,0.367,12,3,5,0,7,7.8,2.7,5.6,7.7,3.4,0.581,1
SAH-01105,21,Male,Head Constable,NSG,1,Married,5,Urban Posting (Low),0.25,20,5,5,19,1108,49.1,1,23.8,7.5,45,45,1.0,14,1,6,0,2,6.4,2.8,2.2,7.8,7.9,0.383,0
SAH-01106,56,Male,SI,NSG,35,Married,1,Northeast (High Risk),0.8,10,7,4,14,3238,48.6,13,17.5,5.5,60,51,0.85,9,7,5,2,14,3.9,2.5,6.9,5.3,5.1,0.422,0
SAH-01107,46,Male,Dy. Commandant,CISF,26,Married,2,Naxal Belt (High Risk),0.82,26,4,1,30,737,58.3,3,20.3,4.4,30,12,0.4,13,3,5,0,19,1.0,5.0,3.4,7.8,1.0,0.471,0
SAH-01108,49,Male,Dy. Commandant,SSB,28,Married,1,Naxal Belt (High Risk),0.82,27,12,5,25,1531,68.9,1,10.5,7.0,30,10,0.333,0,4,7,0,18,8.3,3.5,4.8,4.9,5.5,0.406,0
SAH-01109,41,Male,Inspector,CRPF,17,Married,1,Urban Posting (Low),0.25,14,5,7,14,1544,80.4,4,7.2,5.4,30,16,0.533,11,11,1,1,3,5.1,3.8,9.3,5.3,2.2,0.367,0
SAH-01110,31,Male,Inspector,BSF,13,Married,2,Training Center (Low),0.2,12,2,1,16,2008,52.3,13,11.0,7.3,60,23,0.383,8,6,4,3,1,1.5,3.5,5.6,6.5,2.4,0.294,0
SAH-01111,31,Male,Constable,CISF,7,Married,4,Urban Posting (Low),0.25,23,3,2,20,3017,47.1,14,12.4,10.0,30,9,0.3,2,10,0,0,4,9.1,3.3,5.1,4.8,3.0,0.397,0
SAH-01112,56,Female,Constable,RPF,36,Married,1,Naxal Belt (High Risk),0.82,21,7,7,18,837,42.2,18,12.1,3.6,30,14,0.467,11,4,6,0,1,7.2,2.6,6.2,6.9,4.9,0.428,0
SAH-01113,55,Male,Constable,BSF,34,Married,1,Naxal Belt (High Risk),0.82,8,10,4,8,448,35.0,5,24.2,7.3,30,3,0.1,1,9,5,0,6,9.1,2.3,8.3,4.6,2.5,0.478,0
SAH-01114,54,Male,Head Constable,ITBP,33,Married,1,J&K (High Risk),0.85,9,13,2,7,2694,39.9,14,0.0,6.8,45,22,0.489,3,3,0,0,10,6.9,2.6,6.0,6.1,7.5,0.43,0
SAH-01115,44,Male,Head Constable,NSG,21,Single,0,J&K (High Risk),0.85,24,7,7,21,2214,54.8,13,13.3,9.1,30,9,0.3,3,6,0,0,11,7.3,3.7,9.4,10.0,7.2,0.454,0
SAH-01116,42,Male,ASI,NSG,19,Married,3,J&K (High Risk),0.85,31,4,1,35,411,64.7,7,20.9,7.3,45,16,0.356,8,3,1,2,3,5.0,2.6,4.7,6.5,10.0,0.535,1
SAH-01117,25,Male,Constable,CISF,1,Married,5,J&K (High Risk),0.85,25,12,2,23,253,41.2,19,20.7,8.6,30,5,0.167,3,9,0,0,2,7.4,4.3,4.4,7.7,4.8,0.408,0
SAH-01118,53,Male,SI,CISF,29,Married,5,J&K (High Risk),0.85,17,1,7,17,3267,61.4,11,8.4,3.5,30,20,0.667,4,11,1,0,7,9.9,4.7,7.4,7.3,4.0,0.443,0
SAH-01119,56,Male,Constable,RPF,38,Married,4,Northeast (High Risk),0.8,29,1,7,28,2541,41.7,3,28.9,2.9,30,17,0.567,5,3,4,0,17,7.7,1.3,5.1,1.5,5.4,0.449,0
SAH-01120,40,Male,Head Constable,ITBP,18,Married,1,J&K (High Risk),0.85,3,4,4,1,776,43.1,5,3.9,3.6,60,51,0.85,3,1,1,1,4,5.3,4.6,7.5,5.3,6.7,0.321,0
SAH-01121,39,Male,Head Constable,SSB,19,Single,0,Border Area (Moderate),0.55,21,4,3,25,2088,39.2,10,12.2,5.2,30,30,1.0,0,4,4,0,15,3.4,1.9,10.0,8.2,7.6,0.397,0
SAH-01122,55,Male,Inspector,CISF,32,Single,0,HQ / Admin (Low),0.15,8,6,0,7,1690,68.0,6,12.5,8.3,45,9,0.2,12,7,4,0,11,8.3,2.7,4.0,3.1,3.8,0.337,0
SAH-01123,37,Male,SI,NSG,17,Married,2,Training Center (Low),0.2,14,7,5,19,2958,71.3,3,12.4,8.7,30,11,0.367,1,3,4,0,8,6.1,3.1,7.2,5.2,7.0,0.361,0
SAH-01124,54,Male,ASI,BSF,36,Married,5,J&K (High Risk),0.85,16,9,3,17,3418,43.3,14,25.9,4.8,30,23,0.767,2,10,3,0,7,6.2,1.0,8.3,9.8,7.0,0.397,0
SAH-01125,29,Male,Constable,CRPF,6,Single,1,Naxal Belt (High Risk),0.82,18,9,7,23,2965,42.3,0,15.1,5.3,45,15,0.333,3,1,7,0,4,2.0,2.3,5.2,3.2,10.0,0.369,0
SAH-01126,46,Male,ASI,AR,23,Married,1,Training Center (Low),0.2,31,10,1,30,1654,59.5,8,17.6,3.2,30,3,0.1,4,8,4,0,19,1.9,3.2,6.5,7.8,7.8,0.48,0
SAH-01127,22,Female,Constable,BSF,1,Married,5,J&K (High Risk),0.85,11,12,7,12,816,72.7,19,22.0,5.6,30,6,0.2,12,5,7,0,18,6.2,1.8,1.9,3.8,8.8,0.605,1
SAH-01128,29,Female,Head Constable,SSB,9,Married,4,Training Center (Low),0.2,20,12,3,22,1304,71.4,7,9.9,5.1,30,16,0.533,9,2,1,0,14,4.2,1.7,6.5,6.6,9.0,0.401,0
SAH-01129,29,Male,Head Constable,CRPF,9,Married,3,Border Area (Moderate),0.55,4,5,2,9,1276,47.4,11,13.8,5.1,30,15,0.5,9,9,3,0,19,6.4,4.9,4.5,7.0,3.7,0.431,0
SAH-01130,37,Male,Constable,BSF,17,Married,5,HQ / Admin (Low),0.15,20,10,4,24,2459,49.8,6,28.4,7.9,30,30,1.0,2,10,6,3,10,7.9,3.1,4.5,7.1,3.5,0.279,0
SAH-01131,21,Male,Constable,BSF,1,Married,5,Training Center (Low),0.2,31,11,3,29,444,37.2,17,18.0,6.3,30,16,0.533,10,4,6,0,19,4.9,4.0,6.1,3.6,7.0,0.467,0
SAH-01132,45,Male,Commandant,ITBP,22,Married,5,Urban Posting (Low),0.25,20,3,3,18,297,47.2,0,6.2,2.9,30,23,0.767,0,5,0,1,12,6.5,4.9,5.6,7.8,4.3,0.366,0
SAH-01133,45,Male,Commandant,AR,27,Married,5,Urban Posting (Low),0.25,11,3,4,12,963,53.2,8,8.1,1.0,30,17,0.567,10,8,7,0,12,5.8,3.8,4.0,4.1,6.6,0.361,0
SAH-01134,55,Female,Head Constable,RPF,35,Married,4,Northeast (High Risk),0.8,1,6,2,2,1469,35.8,6,22.1,6.6,45,16,0.356,10,4,6,1,16,10.0,2.5,9.6,2.4,4.9,0.37,0
SAH-01135,23,Female,Constable,SSB,2,Married,4,J&K (High Risk),0.85,18,1,0,19,2858,45.5,13,6.0,6.0,30,6,0.2,14,8,0,0,15,4.9,2.4,6.8,3.5,5.8,0.471,0
SAH-01136,57,Male,Constable,NSG,35,Single,0,Naxal Belt (High Risk),0.82,33,7,3,33,2753,54.7,0,11.2,6.3,45,43,0.956,7,0,2,0,16,4.6,3.5,7.3,3.8,5.7,0.505,1
SAH-01137,50,Male,Head Constable,ITBP,31,Married,4,Northeast (High Risk),0.8,18,3,5,22,1868,35.0,12,16.6,6.0,30,7,0.233,7,11,4,1,18,5.1,3.7,5.4,7.0,6.5,0.545,1
SAH-01138,54,Male,Commandant,CRPF,36,Married,4,J&K (High Risk),0.85,31,5,1,32,405,57.6,19,15.1,3.2,45,8,0.178,12,9,6,1,13,8.3,3.3,6.4,7.5,2.6,0.609,1
SAH-01139,32,Male,Constable,AR,11,Divorced,1,Naxal Belt (High Risk),0.82,35,7,6,32,290,64.2,14,26.9,5.1,45,14,0.311,3,3,2,3,6,5.0,3.8,2.3,5.8,2.4,0.555,1
SAH-01140,39,Male,SI,NSG,19,Married,1,Training Center (Low),0.2,15,7,2,16,3462,58.8,4,0.0,4.9,45,4,0.089,14,0,7,1,8,7.5,2.9,4.3,3.6,4.8,0.344,0
SAH-01141,57,Male,Constable,ITBP,38,Married,2,J&K (High Risk),0.85,6,9,7,3,1960,46.0,4,18.9,5.3,45,7,0.156,6,1,4,0,1,6.1,3.0,9.5,4.4,5.2,0.331,0
SAH-01142,37,Male,DIG,AR,19,Married,3,Northeast (High Risk),0.8,8,1,2,8,2326,66.1,13,12.7,7.3,30,22,0.733,14,1,6,0,18,6.1,2.6,7.7,5.3,8.4,0.384,0
SAH-01143,30,Male,Head Constable,RPF,8,Married,1,Naxal Belt (High Risk),0.82,22,3,3,19,670,68.6,13,25.5,4.3,30,10,0.333,3,9,4,0,5,9.2,2.1,5.5,3.0,5.9,0.496,0
SAH-01144,32,Male,SI,SSB,13,Married,3,Border Area (Moderate),0.55,1,9,5,3,3028,55.8,13,13.1,3.2,45,19,0.422,13,10,7,0,0,2.4,2.1,7.3,3.3,5.5,0.414,0
SAH-01145,36,Female,Head Constable,CISF,13,Married,3,Northeast (High Risk),0.8,13,8,6,15,1612,53.8,4,13.3,8.2,30,28,0.933,2,4,6,1,6,6.3,2.6,3.0,5.5,4.5,0.442,0
SAH-01146,44,Male,ASI,RPF,20,Married,5,HQ / Admin (Low),0.15,24,2,7,21,904,44.6,10,15.0,4.0,30,26,0.867,6,0,5,0,15,7.4,3.7,5.7,5.1,6.0,0.325,0
SAH-01147,39,Male,Constable,CISF,20,Married,3,Border Area (Moderate),0.55,21,8,4,25,2626,47.1,18,9.7,7.8,30,17,0.567,13,9,1,2,1,6.8,3.0,6.5,3.3,4.5,0.499,0
SAH-01148,28,Male,Constable,CRPF,4,Single,2,Border Area (Moderate),0.55,4,8,6,4,2364,64.9,4,10.3,9.8,30,21,0.7,5,2,1,0,3,3.1,2.6,8.1,8.1,2.6,0.322,0
SAH-01149,51,Male,Dy. Commandant,CISF,30,Divorced,2,J&K (High Risk),0.85,7,2,3,5,3250,74.2,3,13.8,8.5,45,8,0.178,0,10,0,0,19,3.7,2.7,4.9,4.1,7.1,0.583,1
SAH-01150,41,Male,Dy. Commandant,ITBP,23,Single,0,Border Area (Moderate),0.55,12,8,3,9,2317,47.0,14,28.2,6.8,30,25,0.833,8,5,3,0,13,6.6,1.2,6.6,3.1,4.0,0.442,0
SAH-01151,37,Male,Inspector,CRPF,16,Divorced,2,Training Center (Low),0.2,13,3,4,12,1155,49.9,6,11.1,5.1,30,18,0.6,11,0,0,0,10,1.3,2.5,6.0,8.1,4.2,0.427,0
SAH-01152,43,Male,ASI,NSG,22,Widowed,5,Northeast (High Risk),0.8,16,7,1,19,2658,44.2,4,9.5,7.3,60,40,0.667,1,11,4,1,8,4.9,3.8,7.3,6.1,2.2,0.461,0
SAH-01153,57,Male,Inspector,RPF,37,Married,5,Naxal Belt (High Risk),0.82,6,13,4,10,3141,46.8,14,11.8,5.5,30,22,0.733,12,10,5,3,4,3.5,1.8,7.0,4.9,5.8,0.487,0
SAH-01154,36,Female,Constable,RPF,14,Married,2,J&K (High Risk),0.85,14,9,3,15,1400,36.9,13,15.0,8.3,30,18,0.6,2,0,3,0,2,6.4,1.4,6.4,4.1,8.4,0.385,0
SAH-01155,26,Male,Head Constable,SSB,7,Married,5,HQ / Admin (Low),0.15,31,4,0,34,1110,57.1,2,29.3,6.8,45,27,0.6,4,2,2,1,19,5.7,1.8,7.2,4.8,1.6,0.359,0
SAH-01156,28,Male,Head Constable,CRPF,10,Married,4,J&K (High Risk),0.85,35,11,4,33,431,36.8,4,8.9,6.3,30,17,0.567,14,8,4,0,1,6.8,2.5,5.3,4.0,1.8,0.587,1
SAH-01157,45,Male,ASI,NSG,22,Married,4,Training Center (Low),0.2,10,6,7,10,1985,45.4,11,35.0,5.6,60,35,0.583,2,1,1,2,9,4.3,2.9,5.5,4.5,5.8,0.448,0
SAH-01158,38,Male,Head Constable,RPF,16,Married,5,Naxal Belt (High Risk),0.82,17,9,1,19,2136,51.3,19,18.6,4.5,30,25,0.833,2,11,0,0,9,6.5,3.2,3.4,5.8,5.5,0.453,0
SAH-01159,45,Male,Constable,CRPF,23,Married,5,Border Area (Moderate),0.55,30,11,4,31,1182,36.2,13,7.0,5.5,30,15,0.5,7,5,0,0,6,6.0,3.7,7.9,3.7,4.1,0.493,0
SAH-01160,32,Male,ASI,BSF,14,Married,1,Urban Posting (Low),0.25,7,11,4,9,2526,42.7,4,10.6,6.1,30,3,0.1,13,2,7,0,14,4.3,2.8,6.2,1.0,3.9,0.358,0
SAH-01161,35,Male,Inspector,BSF,13,Married,1,J&K (High Risk),0.85,18,5,2,16,3185,38.5,3,0.0,5.0,45,32,0.711,3,5,2,0,4,8.2,3.7,4.3,8.9,5.6,0.283,0
SAH-01162,46,Female,Head Constable,CRPF,26,Married,3,Naxal Belt (High Risk),0.82,19,12,2,22,3296,65.2,15,15.9,6.1,60,60,1.0,12,10,0,0,7,7.4,1.8,4.9,3.1,1.2,0.51,1
SAH-01163,46,Female,Constable,RPF,24,Married,3,Naxal Belt (High Risk),0.82,15,1,3,19,2888,69.1,6,23.4,7.5,45,16,0.356,12,10,0,0,17,4.7,4.2,9.8,2.3,2.4,0.583,1
SAH-01164,52,Female,Constable,AR,32,Single,2,J&K (High Risk),0.85,22,3,7,27,2129,42.5,2,15.2,6.1,45,41,0.911,9,6,6,0,19,4.4,3.4,6.0,7.9,3.0,0.53,1
SAH-01165,30,Male,Constable,CISF,11,Single,0,Training Center (Low),0.2,30,11,3,32,994,85.2,3,21.4,4.4,30,16,0.533,1,6,3,0,5,7.9,1.0,7.3,4.6,4.2,0.381,0
SAH-01166,36,Male,Constable,BSF,17,Married,4,J&K (High Risk),0.85,20,9,6,23,1794,40.8,19,18.4,1.0,60,44,0.733,4,1,4,1,10,2.8,3.1,5.5,6.2,4.3,0.432,0
SAH-01167,27,Male,ASI,AR,6,Single,2,Urban Posting (Low),0.25,32,3,7,29,2628,46.9,5,24.7,7.9,45,44,0.978,1,2,3,1,7,3.4,5.0,4.2,7.2,1.0,0.325,0
SAH-01168,37,Male,ASI,AR,17,Single,1,Naxal Belt (High Risk),0.82,25,11,4,30,155,57.9,2,7.2,5.3,30,26,0.867,9,3,3,2,3,7.0,5.0,6.6,7.4,2.4,0.404,0
SAH-01169,43,Male,SI,SSB,20,Married,1,Northeast (High Risk),0.8,23,11,0,25,2579,59.0,0,22.1,5.9,45,44,0.978,10,7,0,0,6,9.6,3.0,8.7,6.5,6.2,0.388,0
SAH-01170,46,Male,Head Constable,NSG,27,Single,0,Urban Posting (Low),0.25,5,10,5,5,255,48.2,2,30.1,6.6,60,6,0.1,11,4,6,0,1,4.8,3.6,9.5,4.2,6.0,0.274,0
SAH-01171,41,Male,Inspector,ITBP,19,Married,5,Border Area (Moderate),0.55,30,2,3,35,3368,65.1,7,35.5,6.6,45,12,0.267,7,0,4,0,14,5.0,1.9,9.2,2.9,6.7,0.423,0
SAH-01172,42,Male,Constable,BSF,24,Married,1,Naxal Belt (High Risk),0.82,27,4,4,24,884,66.4,15,26.4,7.0,30,15,0.5,14,8,0,0,8,5.6,1.7,7.8,9.1,6.0,0.567,1
SAH-01173,27,Male,Head Constable,CRPF,9,Married,5,Border Area (Moderate),0.55,7,5,4,5,138,51.9,6,16.4,7.5,60,56,0.933,2,0,5,0,18,5.1,2.8,7.6,5.8,4.8,0.323,0
SAH-01174,34,Male,Inspector,CISF,10,Married,3,Northeast (High Risk),0.8,5,7,5,4,3437,50.2,17,7.3,7.0,30,28,0.933,13,1,6,0,18,5.1,2.5,4.7,6.4,3.1,0.447,0
SAH-01175,35,Male,Constable,ITBP,15,Married,1,Training Center (Low),0.2,15,7,4,12,3132,44.7,8,8.5,1.0,45,12,0.267,1,6,5,0,4,4.8,3.1,6.7,4.5,3.0,0.32,0
SAH-01176,27,Male,Constable,NSG,4,Married,5,Naxal Belt (High Risk),0.82,8,9,5,6,1122,39.5,2,13.6,6.3,30,7,0.233,2,10,6,0,18,6.4,3.6,8.5,6.2,3.3,0.426,0
SAH-01177,29,Female,Inspector,AR,8,Married,3,Northeast (High Risk),0.8,9,13,5,7,945,42.4,17,29.9,6.0,60,56,0.933,2,2,0,0,2,7.4,3.6,9.4,4.7,6.6,0.387,0
SAH-01178,28,Male,Head Constable,NSG,6,Married,3,Urban Posting (Low),0.25,11,8,6,14,1646,58.5,15,10.8,5.0,30,19,0.633,0,5,3,3,11,6.3,4.0,6.4,4.9,6.1,0.452,0
SAH-01179,43,Male,SI,RPF,23,Single,0,J&K (High Risk),0.85,22,13,4,24,1244,52.0,0,16.4,6.5,45,32,0.711,2,7,5,3,6,5.7,3.5,5.7,2.8,3.1,0.547,1
SAH-01180,49,Male,Constable,BSF,25,Divorced,3,Northeast (High Risk),0.8,34,2,6,39,192,49.1,19,22.5,5.5,30,27,0.9,2,4,1,0,4,4.8,4.1,4.7,6.4,5.8,0.52,1
SAH-01181,38,Male,SI,NSG,20,Married,2,Naxal Belt (High Risk),0.82,35,12,4,36,256,45.1,15,0.0,4.4,45,14,0.311,3,0,5,0,11,3.6,4.0,6.5,1.0,6.3,0.493,0
SAH-01182,51,Male,Head Constable,NSG,31,Married,1,Training Center (Low),0.2,13,8,2,18,2606,45.4,11,6.5,8.0,60,14,0.233,12,9,1,2,3,3.4,2.8,8.9,7.8,6.0,0.385,0
SAH-01183,50,Male,Constable,CISF,28,Married,1,HQ / Admin (Low),0.15,11,8,5,16,3322,51.5,5,30.6,6.2,60,57,0.95,7,11,6,2,19,3.0,1.0,5.5,9.3,6.8,0.449,0
SAH-01184,55,Male,ASI,RPF,32,Married,1,Urban Posting (Low),0.25,32,5,1,30,2102,50.5,8,23.3,5.8,30,6,0.2,8,2,3,1,18,7.3,1.8,7.8,4.6,5.1,0.374,0
SAH-01185,38,Male,Constable,RPF,15,Married,5,Border Area (Moderate),0.55,15,13,5,20,260,52.0,12,23.4,1.3,30,5,0.167,0,10,3,0,12,4.8,3.6,8.8,7.3,4.5,0.395,0
SAH-01186,37,Male,Head Constable,AR,18,Married,5,Border Area (Moderate),0.55,1,3,1,0,78,46.7,11,7.5,9.8,30,11,0.367,0,1,0,0,14,6.8,3.2,5.7,4.7,5.1,0.285,0
SAH-01187,34,Male,Constable,CISF,12,Married,2,Naxal Belt (High Risk),0.82,24,9,4,23,1263,44.0,12,26.6,1.8,30,12,0.4,5,5,4,0,9,4.6,5.0,6.2,5.5,7.0,0.49,0
SAH-01188,51,Male,Constable,CISF,27,Single,1,Northeast (High Risk),0.8,22,12,3,27,237,52.1,17,8.5,6.5,45,15,0.333,0,4,5,2,0,5.9,1.4,9.0,4.4,6.5,0.521,1
SAH-01189,44,Male,Constable,CRPF,25,Married,5,HQ / Admin (Low),0.15,3,7,0,6,1910,59.8,18,15.7,6.9,45,37,0.822,11,6,0,1,2,5.3,3.9,7.2,4.7,5.2,0.339,0
SAH-01190,55,Male,Constable,NSG,36,Married,3,J&K (High Risk),0.85,14,1,6,18,1223,45.9,18,20.6,8.8,30,30,1.0,4,1,0,0,17,9.1,3.0,9.8,4.7,7.3,0.608,1
SAH-01191,54,Male,Dy. Commandant,NSG,35,Married,3,Naxal Belt (High Risk),0.82,2,8,4,5,2622,35.0,18,21.7,3.6,30,8,0.267,13,5,2,0,15,5.0,2.2,6.6,1.7,8.7,0.434,0
SAH-01192,23,Male,Constable,RPF,3,Single,0,Training Center (Low),0.2,32,10,0,37,3043,35.6,5,18.9,3.9,45,39,0.867,11,10,0,0,11,7.7,4.8,8.9,6.2,10.0,0.377,0
SAH-01193,57,Male,Head Constable,NSG,33,Married,5,Urban Posting (Low),0.25,33,13,2,37,2082,64.9,15,13.4,7.1,30,4,0.133,0,4,4,1,15,3.2,1.9,4.2,1.7,10.0,0.54,1
SAH-01194,46,Male,Constable,SSB,28,Divorced,2,J&K (High Risk),0.85,6,5,1,6,1439,63.9,6,0.2,6.8,30,6,0.2,12,5,0,1,10,8.7,3.3,8.1,4.7,10.0,0.444,0
SAH-01195,43,Male,Head Constable,CISF,20,Married,4,J&K (High Risk),0.85,25,6,6,23,206,59.8,6,15.7,8.9,30,18,0.6,7,4,7,0,10,7.7,4.2,5.7,1.9,7.7,0.437,0
SAH-01196,35,Male,Dy. Commandant,ITBP,15,Married,1,Border Area (Moderate),0.55,34,9,2,35,2177,58.2,18,0.0,7.7,30,30,1.0,11,6,3,0,13,4.8,2.2,4.0,4.8,1.0,0.555,1
SAH-01197,24,Male,Constable,RPF,6,Single,1,Border Area (Moderate),0.55,11,10,3,9,1941,64.2,15,19.5,4.8,30,30,1.0,4,4,4,0,16,4.8,1.2,5.6,6.0,5.4,0.512,1
SAH-01198,49,Female,Commandant,BSF,26,Married,5,Naxal Belt (High Risk),0.82,7,14,3,7,1346,47.9,16,7.2,5.3,60,12,0.2,5,6,5,1,18,8.4,3.6,6.2,8.2,2.1,0.442,0
SAH-01199,42,Male,Constable,RPF,18,Married,3,Naxal Belt (High Risk),0.82,22,8,5,20,2757,53.7,18,13.7,6.5,30,10,0.333,3,0,3,1,10,7.9,4.1,7.7,5.4,8.4,0.506,1
SAH-01200,45,Male,SI,AR,21,Divorced,4,HQ / Admin (Low),0.15,10,14,6,11,1791,42.7,15,10.9,2.4,45,45,1.0,14,8,6,0,3,5.5,2.5,6.3,4.9,4.4,0.231,0
SAH-01201,33,Male,ASI,ITBP,11,Married,5,Northeast (High Risk),0.8,21,11,6,23,2723,49.9,15,19.5,6.6,45,11,0.244,12,5,2,0,9,4.3,1.4,2.7,3.3,5.9,0.573,1
SAH-01202,38,Male,Inspector,AR,15,Married,4,Border Area (Moderate),0.55,6,14,6,3,1863,74.8,18,8.7,6.8,45,37,0.822,7,8,2,0,18,8.2,3.2,5.9,3.8,4.7,0.575,1
SAH-01203,53,Male,ASI,CRPF,30,Married,1,Naxal Belt (High Risk),0.82,1,14,4,5,281,42.1,14,17.0,3.9,30,3,0.1,11,0,4,0,3,5.1,2.7,6.5,7.8,8.6,0.345,0
SAH-01204,36,Male,ASI,CRPF,12,Single,1,J&K (High Risk),0.85,34,3,7,32,209,38.0,2,16.5,5.1,30,21,0.7,8,1,5,0,10,6.7,1.1,7.8,6.4,2.6,0.429,0
SAH-01205,22,Female,Constable,AR,1,Married,2,Northeast (High Risk),0.8,14,13,7,15,393,49.7,14,15.5,1.5,30,17,0.567,8,6,6,0,6,4.9,3.6,8.4,3.7,6.4,0.517,1
SAH-01206,55,Male,Constable,NSG,34,Married,1,HQ / Admin (Low),0.15,27,5,5,31,3410,47.2,15,18.1,7.4,45,25,0.556,0,3,1,1,19,5.6,2.3,5.1,1.4,2.9,0.44,0
SAH-01207,54,Male,Dy. Commandant,ITBP,32,Divorced,4,Training Center (Low),0.2,9,4,3,10,254,55.2,19,5.4,6.3,45,41,0.911,13,9,6,1,8,9.8,3.6,5.0,8.8,1.0,0.295,0
SAH-01208,50,Male,Head Constable,NSG,30,Married,4,Northeast (High Risk),0.8,6,14,3,5,3092,61.5,4,5.7,2.9,60,10,0.167,6,0,1,0,1,5.8,5.0,4.9,3.0,5.4,0.421,0
SAH-01209,33,Male,Head Constable,RPF,13,Married,1,Training Center (Low),0.2,31,1,5,33,2935,47.5,18,26.5,3.4,30,14,0.467,3,4,4,0,0,8.9,3.0,4.6,5.5,2.6,0.538,1
SAH-01210,33,Male,SI,SSB,15,Married,4,Northeast (High Risk),0.8,17,5,2,14,354,77.3,9,2.7,4.6,30,16,0.533,12,3,4,0,7,3.0,3.1,3.3,3.7,2.0,0.54,1
SAH-01211,38,Male,Head Constable,CRPF,18,Married,2,Border Area (Moderate),0.55,21,10,0,18,1433,66.8,12,32.3,7.2,30,6,0.2,12,5,6,1,18,2.5,3.1,7.5,3.3,1.9,0.521,1
SAH-01212,52,Male,Commandant,CRPF,33,Divorced,2,J&K (High Risk),0.85,27,7,1,31,2767,42.8,14,13.9,6.5,30,5,0.167,9,6,6,1,15,7.2,2.9,10.0,5.9,4.2,0.606,1
SAH-01213,52,Male,SI,ITBP,29,Married,4,Training Center (Low),0.2,28,1,3,31,449,51.1,11,8.2,3.9,30,8,0.267,10,10,3,0,13,4.5,1.8,8.2,7.2,6.9,0.418,0
SAH-01214,55,Male,ASI,CRPF,35,Married,4,J&K (High Risk),0.85,16,4,5,15,2203,58.3,16,21.9,4.3,45,15,0.333,7,2,2,0,3,6.0,3.3,8.5,6.8,2.1,0.43,0
SAH-01215,49,Male,Inspector,SSB,31,Married,2,Border Area (Moderate),0.55,35,6,3,39,3203,42.1,14,10.5,5.6,30,30,1.0,14,5,7,0,18,1.8,2.4,7.4,6.7,7.2,0.601,1
SAH-01216,49,Male,Constable,SSB,31,Married,4,Urban Posting (Low),0.25,35,11,2,39,2439,35.0,3,17.7,3.9,60,34,0.567,6,1,7,0,5,1.9,2.6,3.8,3.5,3.9,0.478,0
SAH-01217,36,Female,Constable,SSB,17,Married,5,J&K (High Risk),0.85,19,12,6,16,1035,75.2,14,24.9,4.5,30,18,0.6,0,11,4,0,14,6.0,2.3,5.9,5.8,2.9,0.478,0
SAH-01218,30,Male,Head Constable,BSF,12,Married,3,Naxal Belt (High Risk),0.82,21,9,6,24,1855,38.7,16,20.7,6.9,30,24,0.8,0,9,0,0,12,5.0,3.5,7.9,6.2,7.4,0.533,1
SAH-01219,50,Female,Constable,SSB,26,Married,5,J&K (High Risk),0.85,33,11,7,31,1001,62.2,10,18.4,3.0,45,35,0.778,0,3,3,0,18,5.3,2.2,3.9,2.7,6.9,0.591,1
SAH-01220,45,Male,SI,SSB,24,Single,0,Urban Posting (Low),0.25,23,8,1,21,1494,60.4,14,20.2,5.2,30,18,0.6,1,9,2,0,3,9.3,3.4,5.5,1.3,6.6,0.352,0
SAH-01221,40,Male,Dy. Commandant,BSF,16,Single,0,Naxal Belt (High Risk),0.82,6,2,7,4,2146,42.2,19,15.3,5.1,60,26,0.433,9,8,3,1,1,7.0,3.5,3.9,5.6,5.5,0.469,0
SAH-01222,25,Male,Head Constable,NSG,2,Widowed,3,Border Area (Moderate),0.55,32,11,6,33,255,75.5,6,21.5,5.4,45,19,0.422,1,6,2,0,2,10.0,3.1,5.5,3.8,2.9,0.364,0
SAH-01223,21,Male,Head Constable,RPF,1,Married,4,HQ / Admin (Low),0.15,22,3,6,25,1291,52.8,12,6.4,6.0,45,7,0.156,8,1,0,2,13,6.2,1.6,10.0,2.9,7.5,0.44,0
SAH-01224,50,Male,Commandant,CISF,27,Married,3,Naxal Belt (High Risk),0.82,3,10,2,3,1891,53.7,12,26.7,6.7,60,59,0.983,4,5,2,0,3,9.0,2.4,9.7,1.5,5.1,0.324,0
SAH-01225,23,Male,Head Constable,CRPF,1,Married,2,J&K (High Risk),0.85,35,13,7,35,1509,35.0,19,13.8,7.1,30,26,0.867,0,3,3,0,15,8.0,2.9,6.8,4.1,5.3,0.495,0
SAH-01226,34,Male,Head Constable,SSB,14,Married,3,Urban Posting (Low),0.25,16,5,0,21,2888,35.0,19,16.4,4.8,30,21,0.7,6,7,6,0,10,5.0,1.7,9.6,8.7,5.8,0.272,0
SAH-01227,50,Male,Head Constable,CRPF,29,Married,3,Urban Posting (Low),0.25,25,11,2,30,1395,49.1,1,12.5,5.2,60,29,0.483,9,11,7,0,12,5.7,3.3,7.8,7.2,7.0,0.438,0
SAH-01228,24,Male,Dy. Commandant,ITBP,4,Married,5,HQ / Admin (Low),0.15,17,7,1,20,280,67.6,9,19.8,6.2,30,20,0.667,1,7,2,0,0,5.3,4.4,6.0,8.4,1.7,0.364,0
SAH-01229,38,Male,ASI,CRPF,17,Married,4,J&K (High Risk),0.85,13,3,6,13,1560,35.0,17,23.4,5.9,30,17,0.567,2,0,3,0,12,8.1,3.5,4.0,4.0,4.9,0.506,1
SAH-01230,57,Female,SI,AR,37,Married,2,Naxal Belt (High Risk),0.82,28,12,7,32,932,53.7,19,7.1,6.6,30,11,0.367,3,7,4,0,14,6.6,1.8,5.8,7.6,4.1,0.548,1
SAH-01231,45,Male,Inspector,NSG,26,Married,1,Training Center (Low),0.2,11,7,1,10,2823,53.0,4,14.4,6.4,30,11,0.367,2,9,7,2,6,4.2,5.0,5.9,8.0,8.0,0.287,0
SAH-01232,21,Male,Head Constable,RPF,1,Married,3,Training Center (Low),0.2,10,5,3,9,2381,66.9,19,16.4,3.9,45,43,0.956,2,6,0,0,4,3.4,2.5,5.7,8.5,8.5,0.351,0
SAH-01233,35,Male,Head Constable,BSF,17,Married,1,Border Area (Moderate),0.55,24,10,0,27,1559,64.2,18,18.5,9.2,30,22,0.733,8,0,3,0,5,3.5,3.3,6.3,5.0,5.6,0.478,0
SAH-01234,29,Male,Inspector,CRPF,11,Married,4,Northeast (High Risk),0.8,24,6,4,29,2373,53.7,1,12.7,5.5,30,3,0.1,11,2,7,2,8,4.2,2.3,4.4,4.5,2.4,0.621,1
SAH-01235,35,Male,Head Constable,CRPF,11,Married,3,Northeast (High Risk),0.8,33,6,3,33,482,50.9,3,11.5,6.9,30,12,0.4,14,4,1,1,5,4.1,3.2,3.9,5.3,3.8,0.549,1
SAH-01236,44,Male,Inspector,CRPF,25,Married,1,J&K (High Risk),0.85,17,11,6,17,1258,43.4,15,22.1,6.7,30,13,0.433,3,2,1,0,5,3.6,4.4,3.8,5.7,1.0,0.484,0
SAH-01237,24,Male,Commandant,CISF,3,Single,0,HQ / Admin (Low),0.15,35,11,5,32,2730,38.3,15,19.1,6.0,60,48,0.8,7,2,5,0,1,8.2,1.9,7.4,2.9,7.0,0.428,0
SAH-01238,32,Male,ASI,CISF,8,Married,1,J&K (High Risk),0.85,6,14,2,3,2313,44.5,16,16.7,6.0,45,36,0.8,0,0,5,0,5,2.9,2.5,4.6,4.4,3.9,0.284,0
SAH-01239,57,Male,SI,ITBP,35,Divorced,5,Border Area (Moderate),0.55,16,12,7,15,2194,38.7,14,25.0,7.4,30,16,0.533,12,7,2,0,9,6.8,3.2,6.9,7.7,7.4,0.524,1
SAH-01240,57,Male,Inspector,BSF,36,Married,2,Border Area (Moderate),0.55,28,4,7,31,3052,50.7,12,4.3,5.1,30,30,1.0,5,8,4,0,4,10.0,1.3,6.6,4.4,3.9,0.49,0
SAH-01241,26,Female,Inspector,CRPF,8,Married,4,Naxal Belt (High Risk),0.82,32,12,2,37,1192,51.6,0,21.4,7.1,30,29,0.967,14,4,4,0,19,6.2,3.8,7.2,5.6,4.6,0.506,1
SAH-01242,44,Male,Head Constable,CRPF,22,Married,1,Naxal Belt (High Risk),0.82,26,8,1,26,2462,48.7,4,18.0,6.5,30,28,0.933,0,0,1,1,11,6.2,2.3,5.8,6.5,4.2,0.472,0
SAH-01243,31,Male,Constable,CRPF,11,Single,1,Urban Posting (Low),0.25,11,9,5,9,1867,53.3,19,3.4,7.9,45,20,0.444,4,0,2,0,5,6.5,3.0,4.3,8.0,1.8,0.422,0
SAH-01244,33,Male,Head Constable,CRPF,11,Married,4,Naxal Belt (High Risk),0.82,25,2,1,27,1057,46.5,0,24.3,4.5,30,15,0.5,6,8,7,0,5,3.0,1.9,10.0,6.7,1.7,0.59,1
SAH-01245,54,Male,SI,CISF,33,Married,1,Northeast (High Risk),0.8,31,9,5,33,667,62.1,11,19.7,5.7,30,15,0.5,12,0,7,0,7,6.9,1.9,5.1,7.4,8.9,0.459,0
SAH-01246,45,Female,Head Constable,NSG,26,Married,3,Naxal Belt (High Risk),0.82,21,11,1,26,446,54.7,14,20.8,3.8,45,24,0.533,11,8,4,0,16,6.7,3.0,10.0,6.4,3.5,0.54,1
SAH-01247,27,Male,SI,NSG,7,Married,3,Training Center (Low),0.2,3,12,4,3,2555,46.2,3,12.6,7.7,45,44,0.978,0,2,4,0,17,5.9,4.6,3.8,6.1,6.5,0.273,0
SAH-01248,24,Male,Head Constable,ITBP,3,Married,3,HQ / Admin (Low),0.15,12,4,4,16,367,38.0,18,21.1,4.0,45,15,0.333,8,2,6,0,10,2.6,2.0,4.5,7.2,10.0,0.297,0
SAH-01249,28,Male,ASI,AR,8,Single,1,Border Area (Moderate),0.55,25,6,3,24,2479,51.0,15,9.2,6.2,45,40,0.889,11,3,7,0,0,9.8,3.9,2.9,1.0,4.2,0.486,0
SAH-01250,40,Male,Constable,SSB,18,Divorced,1,Urban Posting (Low),0.25,17,14,4,15,2239,65.7,17,4.2,4.6,30,18,0.6,10,4,2,2,6,6.5,4.3,6.7,6.9,5.9,0.42,0
SAH-01251,49,Male,SI,BSF,31,Married,2,Border Area (Moderate),0.55,19,7,5,24,506,59.1,16,14.9,7.8,30,10,0.333,8,5,3,0,7,3.6,4.0,7.8,1.3,5.6,0.5,1
SAH-01252,30,Male,ASI,NSG,9,Married,5,Border Area (Moderate),0.55,2,4,1,4,550,61.1,10,20.4,5.4,45,28,0.622,5,5,1,0,2,4.0,2.8,3.6,4.5,5.7,0.372,0
SAH-01253,54,Male,Constable,AR,35,Married,5,HQ / Admin (Low),0.15,17,8,5,21,372,60.7,19,23.1,6.8,30,8,0.267,14,9,5,2,18,4.4,3.2,6.6,7.3,6.0,0.501,1
SAH-01254,46,Male,Constable,RPF,22,Married,5,Naxal Belt (High Risk),0.82,30,13,3,35,1049,66.6,12,16.2,3.3,30,6,0.2,13,8,6,3,15,9.2,4.5,5.7,5.2,2.6,0.617,1
SAH-01255,23,Female,SI,RPF,1,Married,2,J&K (High Risk),0.85,10,14,3,7,2365,62.3,8,15.6,4.2,45,42,0.933,1,0,4,0,7,5.8,3.9,2.3,5.4,2.1,0.355,0
SAH-01256,26,Male,Head Constable,CRPF,5,Single,1,HQ / Admin (Low),0.15,35,10,6,32,2584,53.8,16,23.1,6.7,45,35,0.778,1,8,6,2,5,5.8,3.0,6.3,6.0,4.9,0.433,0
SAH-01257,25,Male,Constable,RPF,6,Married,3,Urban Posting (Low),0.25,33,8,0,34,927,47.1,16,12.3,8.1,30,9,0.3,8,3,6,0,1,4.9,1.8,8.3,9.2,7.8,0.463,0
SAH-01258,25,Male,Commandant,NSG,4,Single,1,Naxal Belt (High Risk),0.82,1,1,4,6,728,62.5,4,10.5,6.6,30,30,1.0,12,6,3,0,11,8.1,4.8,9.4,1.2,6.8,0.303,0
SAH-01259,43,Male,SI,ITBP,21,Married,5,HQ / Admin (Low),0.15,18,8,2,21,3281,35.0,7,27.9,10.0,45,5,0.111,13,5,3,0,5,8.2,3.1,3.2,4.1,2.2,0.476,0
SAH-01260,29,Female,Commandant,SSB,8,Married,5,Naxal Belt (High Risk),0.82,4,10,2,7,2111,67.2,2,12.8,7.1,30,12,0.4,13,8,3,0,13,3.0,2.5,8.5,8.3,6.2,0.449,0
SAH-01261,55,Male,Head Constable,NSG,35,Married,3,Naxal Belt (High Risk),0.82,27,14,0,25,1053,60.3,5,22.3,5.5,30,3,0.1,3,1,3,0,6,5.8,3.5,8.1,5.0,5.5,0.499,0
SAH-01262,40,Male,Head Constable,ITBP,18,Divorced,5,Border Area (Moderate),0.55,25,12,1,24,2802,71.7,2,25.9,4.9,45,10,0.222,14,10,0,0,8,5.6,1.0,5.8,5.1,5.3,0.549,1
SAH-01263,55,Male,Dy. Commandant,RPF,34,Married,3,Northeast (High Risk),0.8,28,3,0,28,204,38.6,7,16.7,9.1,30,8,0.267,5,1,0,2,6,4.1,3.7,3.1,6.9,5.2,0.47,0
SAH-01264,38,Male,ASI,CISF,14,Married,3,Urban Posting (Low),0.25,22,5,1,20,150,65.9,11,17.1,7.1,30,27,0.9,12,6,5,0,14,4.8,3.6,7.2,3.0,5.6,0.365,0
SAH-01265,37,Male,SI,SSB,19,Married,3,J&K (High Risk),0.85,25,14,7,30,2669,60.0,3,29.4,4.5,30,30,1.0,9,11,2,0,11,5.4,3.4,3.1,7.3,4.9,0.468,0
SAH-01266,44,Male,Constable,ITBP,23,Married,1,J&K (High Risk),0.85,17,10,4,18,1116,44.7,1,4.5,4.2,45,43,0.956,1,8,1,0,16,4.0,3.9,7.1,4.8,3.8,0.343,0
SAH-01267,23,Male,Head Constable,AR,3,Married,1,Border Area (Moderate),0.55,12,8,4,15,3314,50.4,9,4.4,4.2,45,33,0.733,14,4,7,3,14,6.6,3.3,5.3,5.2,4.6,0.455,0
SAH-01268,52,Male,Constable,NSG,33,Married,1,Border Area (Moderate),0.55,16,11,3,21,1384,49.5,14,21.5,6.5,45,37,0.822,3,6,2,1,14,6.5,3.6,4.8,3.9,1.3,0.454,0
SAH-01269,55,Male,Constable,CISF,31,Divorced,1,J&K (High Risk),0.85,16,6,3,17,670,47.6,12,11.7,2.5,30,18,0.6,1,10,7,0,13,7.0,3.7,7.1,6.5,6.0,0.433,0
SAH-01270,33,Male,Constable,AR,14,Divorced,2,HQ / Admin (Low),0.15,17,4,3,19,1678,35.8,14,21.9,4.5,45,23,0.511,14,7,6,1,10,5.1,4.0,10.0,4.9,6.0,0.346,0
SAH-01271,45,Female,Constable,ITBP,21,Married,4,Border Area (Moderate),0.55,31,4,7,31,1064,66.1,18,14.5,6.1,60,47,0.783,2,7,0,1,10,1.7,2.7,9.4,6.1,8.3,0.551,1
SAH-01272,29,Male,DIG,ITBP,10,Widowed,4,J&K (High Risk),0.85,15,12,3,19,2562,40.6,17,21.7,5.6,30,30,1.0,1,3,7,2,19,4.6,3.4,6.5,4.8,6.2,0.525,1
SAH-01273,24,Male,Constable,RPF,6,Married,3,Naxal Belt (High Risk),0.82,13,4,2,10,3284,39.4,12,7.9,4.6,30,3,0.1,13,9,2,0,12,3.9,2.5,7.1,5.4,4.6,0.629,1
SAH-01274,34,Male,ASI,AR,14,Married,5,Training Center (Low),0.2,27,6,6,24,2448,66.4,19,19.9,6.9,45,18,0.4,7,6,2,0,12,5.7,3.3,6.3,4.4,6.0,0.42,0
SAH-01275,57,Male,Inspector,NSG,35,Widowed,1,Border Area (Moderate),0.55,21,7,3,22,2331,35.2,19,11.0,6.9,60,25,0.417,4,0,3,0,7,7.1,3.0,5.9,4.8,4.4,0.506,1
SAH-01276,54,Male,ASI,SSB,35,Married,4,Northeast (High Risk),0.8,2,13,7,7,2001,48.4,0,20.8,5.1,60,30,0.5,4,3,4,3,6,9.8,2.1,9.7,3.8,3.7,0.407,0
SAH-01277,31,Female,Constable,CISF,7,Divorced,4,J&K (High Risk),0.85,8,5,3,6,452,40.1,15,33.9,4.4,30,21,0.7,7,11,0,3,19,4.2,3.6,7.1,3.5,1.0,0.535,1
SAH-01278,23,Male,SI,RPF,3,Married,1,Naxal Belt (High Risk),0.82,7,10,3,6,2448,71.6,7,8.6,7.2,60,36,0.6,10,4,0,1,12,6.3,1.2,7.6,9.0,5.8,0.445,0
SAH-01279,48,Male,ASI,CRPF,27,Married,2,Naxal Belt (High Risk),0.82,10,14,1,14,3288,65.7,5,12.2,5.2,30,3,0.1,14,9,2,0,10,6.3,1.9,7.3,5.9,6.0,0.57,1
SAH-01280,49,Male,SI,BSF,31,Married,2,Urban Posting (Low),0.25,4,8,5,5,1221,42.1,2,14.0,5.5,30,15,0.5,7,11,4,0,18,8.9,3.7,6.4,1.3,7.6,0.333,0
SAH-01281,29,Male,SI,SSB,9,Divorced,4,HQ / Admin (Low),0.15,35,7,3,34,2125,40.0,19,17.6,7.1,60,43,0.717,12,6,2,0,5,6.4,2.3,4.4,5.3,7.9,0.38,0
SAH-01282,23,Male,DIG,RPF,3,Married,2,Northeast (High Risk),0.8,3,8,7,5,308,61.2,15,0.0,3.3,60,36,0.6,6,11,1,0,7,5.3,3.5,4.8,7.5,5.7,0.328,0
SAH-01283,45,Male,ASI,CISF,23,Married,1,Training Center (Low),0.2,18,4,0,20,669,57.2,1,15.3,4.5,45,43,0.956,4,5,0,0,18,5.9,5.0,7.1,2.2,2.5,0.319,0
SAH-01284,54,Male,Head Constable,AR,34,Married,4,HQ / Admin (Low),0.15,24,8,3,25,1515,47.8,1,13.3,5.0,60,29,0.483,6,3,7,0,4,6.7,1.0,7.7,6.6,2.6,0.355,0
SAH-01285,32,Male,ASI,ITBP,10,Married,1,HQ / Admin (Low),0.15,32,13,3,33,2023,46.6,14,13.3,9.3,45,5,0.111,12,2,3,3,9,7.5,3.3,4.1,5.4,5.4,0.46,0
SAH-01286,29,Male,Constable,AR,11,Married,2,HQ / Admin (Low),0.15,34,6,2,36,2011,49.2,9,17.4,3.0,30,11,0.367,0,10,3,0,0,9.4,4.8,5.1,1.9,6.8,0.334,0
SAH-01287,35,Male,Dy. Commandant,RPF,17,Married,1,Training Center (Low),0.2,2,3,5,0,1702,62.8,0,17.8,5.6,60,14,0.233,2,5,3,2,11,9.2,3.2,5.4,4.2,6.9,0.366,0
SAH-01288,45,Male,Constable,CISF,24,Married,2,Border Area (Moderate),0.55,2,13,3,4,925,70.8,19,17.7,3.7,60,21,0.35,14,9,5,1,6,4.5,3.0,4.6,5.1,4.1,0.436,0
SAH-01289,25,Male,Head Constable,AR,3,Married,2,Naxal Belt (High Risk),0.82,10,8,5,8,1600,73.9,14,6.4,10.0,30,13,0.433,2,11,5,0,7,3.0,2.6,2.4,2.9,1.0,0.572,1
SAH-01290,31,Male,Inspector,AR,9,Married,1,Border Area (Moderate),0.55,23,13,1,22,1284,43.2,0,13.0,6.0,30,23,0.767,1,4,0,0,17,3.5,2.2,3.9,4.0,2.6,0.395,0
SAH-01291,54,Male,ASI,BSF,35,Married,2,Training Center (Low),0.2,15,7,4,13,592,52.7,15,12.7,3.6,30,12,0.4,5,11,0,3,6,6.5,1.0,6.4,6.0,1.1,0.512,1
SAH-01292,44,Male,Head Constable,NSG,25,Married,3,Naxal Belt (High Risk),0.82,12,10,5,9,502,68.1,17,19.2,2.2,45,44,0.978,2,2,3,1,13,8.3,2.5,7.6,6.0,5.7,0.421,0
SAH-01293,35,Male,Head Constable,RPF,14,Single,2,J&K (High Risk),0.85,17,5,5,14,2794,41.6,4,7.3,6.7,45,17,0.378,14,3,7,0,19,5.5,3.1,5.1,6.4,4.5,0.493,0
SAH-01294,28,Male,Inspector,BSF,10,Divorced,3,J&K (High Risk),0.85,18,11,3,23,453,43.8,4,16.5,5.9,60,14,0.233,3,1,7,0,17,4.1,3.2,7.4,4.2,4.4,0.52,1
SAH-01295,25,Male,Head Constable,RPF,2,Married,1,Training Center (Low),0.2,14,4,6,14,1068,61.6,9,27.9,6.8,30,8,0.267,2,8,6,0,3,3.1,3.9,6.7,7.7,6.0,0.26,0
SAH-01296,46,Male,Inspector,CRPF,27,Married,2,Urban Posting (Low),0.25,17,1,3,18,3187,46.4,11,0.0,3.5,45,45,1.0,6,6,0,0,9,9.2,3.9,7.9,5.2,4.3,0.367,0
SAH-01297,38,Male,Constable,CRPF,18,Married,2,Border Area (Moderate),0.55,15,10,3,18,1478,35.0,9,13.6,9.2,60,33,0.55,3,11,7,0,10,5.0,3.2,9.8,4.6,8.8,0.294,0
SAH-01298,26,Female,SI,BSF,8,Married,4,Northeast (High Risk),0.8,12,3,2,10,932,42.1,1,0.0,5.7,30,15,0.5,4,9,7,1,10,2.9,3.3,4.7,5.0,4.6,0.426,0
SAH-01299,57,Male,Inspector,SSB,34,Married,4,Urban Posting (Low),0.25,16,2,6,21,1901,63.9,0,15.0,6.3,45,7,0.156,13,2,3,0,19,5.9,2.9,5.5,6.2,1.5,0.435,0
SAH-01300,33,Male,Constable,SSB,13,Married,3,J&K (High Risk),0.85,32,8,4,32,624,55.0,15,21.7,6.7,45,37,0.822,6,7,1,0,18,6.0,2.2,4.0,6.1,1.0,0.594,1
SAH-01301,48,Male,Head Constable,AR,24,Married,2,Border Area (Moderate),0.55,23,14,2,20,1508,35.0,17,10.9,5.7,45,35,0.778,3,7,1,2,0,7.8,3.9,9.5,4.6,6.1,0.299,0
SAH-01302,25,Male,Constable,AR,3,Married,4,Naxal Belt (High Risk),0.82,34,8,7,38,3349,44.7,6,22.4,8.1,45,21,0.467,13,10,1,0,1,3.6,2.8,5.6,7.4,6.3,0.599,1
SAH-01303,33,Male,SI,ITBP,15,Married,2,HQ / Admin (Low),0.15,34,12,2,34,1549,73.9,3,25.9,4.4,45,35,0.778,5,0,2,2,8,8.3,3.3,7.0,5.1,6.2,0.446,0
SAH-01304,37,Male,ASI,CRPF,13,Single,0,Border Area (Moderate),0.55,16,5,2,19,1541,51.2,9,18.2,7.5,30,14,0.467,8,4,2,0,16,8.6,5.0,7.8,6.9,2.4,0.363,0
SAH-01305,52,Male,ASI,RPF,31,Married,4,Border Area (Moderate),0.55,34,14,6,33,3222,49.1,9,10.9,8.2,30,5,0.167,14,4,4,0,4,6.2,3.9,9.4,8.2,3.2,0.463,0
SAH-01306,49,Male,Constable,ITBP,27,Single,1,Urban Posting (Low),0.25,7,5,1,12,2520,52.1,10,19.3,7.6,45,37,0.822,5,11,7,0,1,7.2,2.8,3.5,4.5,8.4,0.29,0
SAH-01307,23,Male,Constable,CRPF,1,Single,0,Border Area (Moderate),0.55,33,11,4,34,3477,54.5,2,28.4,8.4,30,30,1.0,4,2,4,0,3,7.6,1.5,8.4,4.7,4.6,0.477,0
SAH-01308,54,Male,Constable,BSF,34,Divorced,2,Northeast (High Risk),0.8,4,4,1,5,1212,47.3,13,4.4,4.0,30,22,0.733,14,1,4,3,6,4.8,4.1,2.6,3.3,3.8,0.402,0
SAH-01309,47,Male,Head Constable,SSB,23,Married,5,Border Area (Moderate),0.55,7,1,1,6,3252,68.1,12,23.9,6.5,30,11,0.367,14,0,1,3,16,3.2,1.0,4.2,3.6,7.8,0.509,1
SAH-01310,33,Male,ASI,AR,11,Married,5,HQ / Admin (Low),0.15,18,1,4,23,2646,46.3,18,4.7,6.3,30,11,0.367,11,3,7,1,2,4.8,2.6,6.1,6.8,2.9,0.462,0
SAH-01311,53,Male,Inspector,SSB,34,Married,2,Naxal Belt (High Risk),0.82,4,13,1,3,2565,63.9,9,2.9,5.6,45,45,1.0,13,11,1,0,8,2.5,1.1,6.5,6.8,4.2,0.427,0
SAH-01312,26,Male,ASI,BSF,8,Widowed,1,Urban Posting (Low),0.25,11,6,6,9,160,73.9,14,5.1,6.8,45,18,0.4,12,10,1,1,0,6.9,2.5,9.5,1.8,7.5,0.476,0
SAH-01313,44,Male,Head Constable,ITBP,25,Married,4,HQ / Admin (Low),0.15,20,4,4,25,2250,56.5,7,14.7,7.9,45,39,0.867,0,9,7,0,19,9.2,2.5,6.6,3.4,7.7,0.318,0
SAH-01314,39,Male,Commandant,ITBP,19,Married,5,Training Center (Low),0.2,11,4,5,16,3014,39.4,16,25.1,4.1,45,33,0.733,7,1,0,0,15,4.3,3.1,6.4,8.3,7.7,0.35,0
SAH-01315,36,Male,SI,CISF,13,Married,1,Urban Posting (Low),0.25,15,3,7,15,2859,54.3,5,0.0,3.1,30,20,0.667,4,4,0,0,2,5.1,2.8,6.9,3.8,6.5,0.4,0
SAH-01316,48,Male,Dy. Commandant,AR,28,Divorced,2,Urban Posting (Low),0.25,17,14,5,17,3363,45.2,6,22.9,5.1,30,8,0.267,4,11,1,0,18,5.5,3.9,8.8,5.0,9.0,0.446,0
SAH-01317,53,Male,ASI,AR,35,Married,1,HQ / Admin (Low),0.15,34,9,3,36,2817,62.8,13,13.8,1.0,60,8,0.133,2,10,3,0,15,10.0,3.6,5.1,5.6,6.9,0.398,0
SAH-01318,33,Female,Constable,RPF,11,Married,2,HQ / Admin (Low),0.15,12,3,2,17,2977,54.5,7,6.2,5.4,30,17,0.567,9,9,4,0,0,5.1,3.8,3.2,5.8,5.7,0.293,0
SAH-01319,45,Male,Constable,AR,21,Single,0,HQ / Admin (Low),0.15,28,8,7,32,731,50.6,11,19.7,8.4,30,30,1.0,11,11,2,0,11,8.2,1.6,6.7,2.6,5.0,0.535,1
SAH-01320,56,Male,SI,CRPF,32,Married,1,Border Area (Moderate),0.55,35,2,5,34,818,39.9,17,11.2,2.7,45,13,0.289,1,1,4,0,19,6.1,2.9,6.7,5.8,4.4,0.455,0
SAH-01321,47,Male,Constable,ITBP,26,Married,4,Naxal Belt (High Risk),0.82,8,4,5,10,328,35.0,13,33.1,4.7,30,19,0.633,0,0,3,0,5,1.0,3.6,6.1,1.0,2.5,0.437,0
SAH-01322,27,Male,Head Constable,BSF,7,Married,1,J&K (High Risk),0.85,27,1,1,30,412,42.3,0,19.0,3.2,30,23,0.767,8,9,7,1,2,5.0,3.1,9.8,4.2,1.0,0.47,0
SAH-01323,25,Male,ASI,ITBP,7,Married,2,Naxal Belt (High Risk),0.82,22,11,4,24,1698,59.8,3,15.4,6.3,30,17,0.567,4,9,7,0,6,7.8,2.4,8.2,4.8,6.9,0.389,0
SAH-01324,51,Male,ASI,SSB,30,Single,2,HQ / Admin (Low),0.15,24,5,0,23,1481,66.2,16,20.2,6.8,60,36,0.6,9,11,5,0,2,5.0,2.2,2.7,2.2,4.8,0.365,0
SAH-01325,43,Male,ASI,CRPF,21,Single,1,Training Center (Low),0.2,2,2,1,7,1248,48.3,17,25.7,5.5,30,22,0.733,11,9,0,1,12,7.0,4.9,5.5,6.8,3.3,0.384,0
SAH-01326,30,Male,Constable,AR,7,Married,2,Border Area (Moderate),0.55,31,11,1,31,650,40.7,18,26.5,4.1,30,27,0.9,14,9,6,0,15,9.5,3.5,7.5,3.7,9.1,0.352,0
SAH-01327,52,Male,Head Constable,RPF,32,Single,0,Border Area (Moderate),0.55,22,13,6,20,1208,54.3,3,22.4,5.9,45,19,0.422,3,8,1,0,13,7.0,1.0,7.3,8.8,7.4,0.366,0
SAH-01328,50,Male,ASI,RPF,27,Married,3,Naxal Belt (High Risk),0.82,1,1,4,6,2391,60.3,5,26.0,8.0,60,59,0.983,6,1,0,1,8,4.7,1.7,8.7,6.3,4.7,0.45,0
SAH-01329,51,Female,Commandant,RPF,33,Married,4,Border Area (Moderate),0.55,14,1,0,13,1568,61.3,7,24.6,7.3,45,26,0.578,12,9,7,0,7,7.4,1.0,9.5,5.0,6.1,0.426,0
SAH-01330,38,Male,SI,NSG,15,Married,3,Urban Posting (Low),0.25,25,2,0,27,1888,54.3,14,22.3,4.7,30,22,0.733,3,3,0,1,14,7.0,1.6,7.3,7.0,4.9,0.422,0
SAH-01331,56,Male,Dy. Commandant,CISF,33,Single,0,Naxal Belt (High Risk),0.82,3,5,3,4,920,76.8,19,11.8,4.9,30,6,0.2,10,2,7,0,18,7.9,1.8,7.7,2.1,4.3,0.443,0
SAH-01332,22,Male,SI,CRPF,4,Married,5,Northeast (High Risk),0.8,5,12,1,3,1492,67.2,0,25.1,4.8,30,17,0.567,14,0,3,0,12,5.8,4.2,3.7,5.8,7.5,0.45,0
SAH-01333,34,Female,ASI,SSB,16,Married,5,Border Area (Moderate),0.55,1,9,6,0,3327,37.3,4,11.6,6.5,45,5,0.111,1,7,0,0,13,4.4,3.5,5.1,3.0,5.5,0.346,0
SAH-01334,33,Male,Constable,AR,13,Single,1,Northeast (High Risk),0.8,19,6,2,24,1391,35.0,15,17.1,2.7,45,22,0.489,8,1,0,0,10,7.1,2.1,5.4,7.1,2.5,0.336,0
SAH-01335,49,Male,ASI,SSB,26,Married,5,HQ / Admin (Low),0.15,33,12,5,32,2170,38.4,5,12.0,6.6,30,4,0.133,7,10,6,0,17,7.1,2.2,3.7,4.6,5.7,0.349,0
SAH-01336,32,Male,ASI,SSB,11,Married,2,Naxal Belt (High Risk),0.82,30,4,1,33,2356,66.0,9,20.4,4.4,45,44,0.978,11,7,4,0,2,4.9,2.4,8.0,1.3,6.3,0.507,1
SAH-01337,22,Male,ASI,AR,4,Married,4,HQ / Admin (Low),0.15,12,3,2,17,1431,35.0,9,25.2,5.0,45,34,0.756,14,11,4,0,3,2.9,2.1,6.7,2.7,8.4,0.355,0
SAH-01338,52,Male,Head Constable,SSB,30,Married,4,Northeast (High Risk),0.8,10,8,7,15,1221,57.5,4,11.7,4.0,60,53,0.883,3,0,5,1,2,5.1,2.7,10.0,5.5,5.6,0.398,0
SAH-01339,33,Male,ASI,RPF,10,Single,1,Northeast (High Risk),0.8,34,3,2,36,1298,50.0,7,3.7,7.0,45,25,0.556,7,5,7,1,12,3.6,2.2,7.8,6.2,5.1,0.552,1
SAH-01340,47,Male,Head Constable,BSF,29,Divorced,4,Border Area (Moderate),0.55,16,1,7,20,1178,37.1,0,23.1,4.3,45,42,0.933,11,3,3,1,15,5.5,2.8,7.2,2.4,6.0,0.393,0
SAH-01341,37,Male,Head Constable,CISF,16,Married,3,Urban Posting (Low),0.25,29,4,7,34,2453,55.0,4,23.3,3.6,45,43,0.956,12,2,6,0,12,7.6,1.7,9.6,1.7,2.9,0.318,0
SAH-01342,51,Male,Constable,NSG,27,Widowed,4,Border Area (Moderate),0.55,15,11,4,14,1611,49.9,0,27.5,4.3,30,13,0.433,8,0,1,0,9,2.0,2.9,5.1,4.6,10.0,0.35,0
SAH-01343,54,Male,Inspector,SSB,34,Single,0,Northeast (High Risk),0.8,11,13,1,13,1334,61.7,6,22.2,3.3,30,14,0.467,14,9,6,0,17,6.6,3.2,2.9,8.7,8.9,0.401,0
SAH-01344,44,Male,Constable,SSB,21,Divorced,1,J&K (High Risk),0.85,34,5,4,35,620,35.0,14,22.3,7.2,45,27,0.6,1,10,4,0,7,6.8,2.0,8.4,4.4,6.9,0.592,1
SAH-01345,55,Male,Constable,ITBP,31,Married,4,Border Area (Moderate),0.55,30,5,3,33,2670,41.3,13,9.3,3.3,30,4,0.133,3,11,6,2,6,4.2,2.3,7.3,5.9,5.6,0.495,0
SAH-01346,26,Male,Head Constable,CISF,8,Married,2,J&K (High Risk),0.85,35,5,2,38,2914,41.5,8,20.9,5.4,30,30,1.0,10,0,7,0,16,6.7,2.8,6.2,1.0,2.2,0.566,1
SAH-01347,39,Female,ASI,CRPF,21,Single,0,Naxal Belt (High Risk),0.82,9,8,0,14,1999,59.9,7,32.2,4.2,60,27,0.45,5,10,5,3,5,8.3,3.9,5.5,10.0,5.1,0.421,0
SAH-01348,50,Male,Head Constable,CISF,28,Married,4,Urban Posting (Low),0.25,18,8,2,15,3191,49.1,7,10.6,8.6,45,25,0.556,6,6,0,1,14,6.9,4.1,5.0,3.3,6.0,0.399,0
SAH-01349,27,Male,Constable,CISF,5,Divorced,3,J&K (High Risk),0.85,19,12,3,21,2027,66.2,2,5.3,6.3,45,38,0.844,4,5,5,1,8,10.0,2.9,6.5,5.7,2.9,0.388,0
SAH-01350,30,Male,ASI,AR,7,Married,5,J&K (High Risk),0.85,4,13,2,5,2030,47.2,19,16.1,4.2,45,17,0.378,9,2,5,0,9,6.2,3.3,6.9,1.8,3.9,0.464,0
SAH-01351,52,Female,Head Constable,AR,28,Married,4,J&K (High Risk),0.85,6,4,4,6,496,54.6,3,22.5,5.8,30,9,0.3,11,11,2,1,7,8.0,2.9,7.9,6.3,4.0,0.37,0
SAH-01352,54,Male,Dy. Commandant,AR,30,Divorced,2,HQ / Admin (Low),0.15,33,9,7,30,832,69.8,16,16.7,3.7,45,10,0.222,9,11,4,3,6,10.0,4.2,3.6,4.3,3.7,0.484,0
SAH-01353,48,Male,Dy. Commandant,NSG,30,Married,5,Naxal Belt (High Risk),0.82,32,1,1,32,1330,35.0,5,29.3,6.8,60,37,0.617,12,1,5,1,4,7.0,4.7,8.7,5.9,8.4,0.425,0
SAH-01354,35,Male,Head Constable,RPF,12,Married,4,HQ / Admin (Low),0.15,16,5,0,19,3006,52.3,1,8.1,5.8,30,3,0.1,6,9,5,0,17,9.5,3.8,6.1,4.9,4.7,0.349,0
SAH-01355,50,Male,Head Constable,CISF,32,Married,1,Northeast (High Risk),0.8,11,5,4,11,993,51.6,8,2.9,6.3,45,36,0.8,13,2,2,0,15,6.9,3.4,6.6,6.4,7.7,0.359,0
SAH-01356,57,Male,SI,NSG,35,Divorced,4,Urban Posting (Low),0.25,22,5,5,19,2993,42.5,13,26.4,3.6,45,25,0.556,10,11,1,0,14,8.9,3.4,5.0,7.6,4.0,0.388,0
SAH-01357,49,Male,Constable,SSB,28,Single,2,Northeast (High Risk),0.8,23,8,7,20,3027,50.0,0,3.7,2.7,30,18,0.6,14,7,7,3,9,3.8,3.1,7.4,2.7,4.3,0.534,1
SAH-01358,42,Male,Head Constable,AR,23,Married,1,Border Area (Moderate),0.55,26,9,1,23,686,55.7,16,17.5,2.2,30,10,0.333,3,10,7,2,0,6.1,2.2,10.0,8.8,5.1,0.423,0
SAH-01359,24,Female,Head Constable,SSB,5,Married,4,Training Center (Low),0.2,31,3,0,32,3023,43.0,10,26.2,2.3,30,8,0.267,7,6,0,0,5,10.0,2.5,8.1,4.0,5.4,0.456,0
SAH-01360,40,Male,Dy. Commandant,AR,22,Married,4,Training Center (Low),0.2,29,9,3,32,580,52.7,5,16.7,5.5,30,23,0.767,2,11,4,1,14,2.4,3.3,5.6,6.4,2.9,0.399,0
SAH-01361,52,Male,Constable,BSF,28,Married,1,Urban Posting (Low),0.25,5,13,2,10,168,39.8,0,9.4,9.3,45,13,0.289,12,6,6,2,1,4.5,2.5,3.0,3.7,5.7,0.283,0
SAH-01362,56,Male,ASI,NSG,34,Widowed,3,Training Center (Low),0.2,25,11,0,29,115,49.5,18,25.2,4.7,60,52,0.867,2,4,1,0,11,10.0,1.6,5.3,5.7,2.8,0.327,0
SAH-01363,24,Male,SI,NSG,4,Divorced,5,Northeast (High Risk),0.8,34,8,6,32,2342,63.1,15,16.4,4.3,30,9,0.3,4,11,6,0,0,5.8,2.8,5.4,4.7,8.7,0.464,0
SAH-01364,47,Male,Head Constable,RPF,27,Single,1,Border Area (Moderate),0.55,12,3,5,17,2154,63.7,17,13.2,5.4,30,21,0.7,5,9,6,0,14,5.8,1.4,7.3,9.4,3.9,0.53,1
SAH-01365,37,Male,Constable,CRPF,18,Married,4,Border Area (Moderate),0.55,22,2,3,22,1117,66.1,10,28.1,3.9,45,33,0.733,2,2,3,1,12,7.8,4.9,5.2,3.9,6.7,0.429,0
SAH-01366,32,Male,DIG,ITBP,11,Single,1,Training Center (Low),0.2,9,4,1,10,2621,50.8,8,12.0,2.9,60,36,0.6,9,0,1,0,0,8.5,2.4,4.9,8.7,3.9,0.293,0
SAH-01367,42,Male,Head Constable,CISF,23,Married,5,Northeast (High Risk),0.8,20,13,6,21,1963,48.1,5,10.2,4.2,45,45,1.0,14,0,3,1,0,5.3,3.0,5.8,3.5,7.5,0.455,0
SAH-01368,37,Female,ASI,CRPF,19,Married,3,HQ / Admin (Low),0.15,29,12,0,29,473,60.9,1,7.8,5.0,45,21,0.467,1,5,3,0,3,2.7,4.2,6.4,8.7,4.1,0.309,0
SAH-01369,30,Male,Constable,NSG,9,Widowed,5,Border Area (Moderate),0.55,29,2,3,31,444,66.0,7,24.7,9.2,45,44,0.978,4,3,4,0,13,4.1,5.0,5.9,7.4,4.9,0.33,0
SAH-01370,21,Male,Head Constable,CRPF,1,Married,4,Urban Posting (Low),0.25,27,4,1,24,2547,53.0,15,18.4,4.5,45,12,0.267,9,6,2,0,16,4.9,2.8,5.7,4.7,4.5,0.434,0
SAH-01371,42,Female,Head Constable,BSF,18,Single,0,Northeast (High Risk),0.8,17,5,6,15,1330,70.1,7,11.1,5.9,30,13,0.433,5,9,3,0,12,3.6,2.2,3.8,5.1,4.4,0.367,0
SAH-01372,46,Male,Constable,ITBP,24,Single,0,Naxal Belt (High Risk),0.82,5,2,6,5,2090,60.5,7,3.5,2.8,30,7,0.233,2,9,0,0,11,4.3,3.6,7.4,5.8,2.1,0.481,0
SAH-01373,38,Female,Constable,RPF,16,Married,4,Urban Posting (Low),0.25,13,12,4,13,1003,45.1,13,26.3,6.9,30,21,0.7,6,9,4,0,5,6.0,3.0,4.4,5.5,3.5,0.367,0
SAH-01374,34,Male,Inspector,NSG,16,Married,1,Border Area (Moderate),0.55,15,8,2,19,1869,46.6,0,11.2,4.0,30,22,0.733,2,0,5,0,18,4.3,2.9,8.3,6.3,5.7,0.331,0
SAH-01375,49,Male,Constable,NSG,30,Married,3,HQ / Admin (Low),0.15,15,1,3,20,1909,51.5,6,0.4,3.2,30,16,0.533,14,5,5,0,19,9.5,3.2,8.7,5.7,6.1,0.281,0
SAH-01376,32,Male,Constable,CISF,14,Widowed,2,Urban Posting (Low),0.25,18,3,6,18,3482,35.0,1,15.7,3.4,45,36,0.8,11,6,3,0,15,5.2,3.4,4.0,3.5,2.7,0.376,0
SAH-01377,56,Male,Head Constable,RPF,34,Divorced,1,Border Area (Moderate),0.55,2,7,4,4,812,45.4,14,23.3,4.2,30,29,0.967,12,0,4,0,15,2.9,5.0,10.0,4.4,3.7,0.369,0
SAH-01378,55,Male,SI,RPF,35,Married,2,Training Center (Low),0.2,23,10,5,23,1679,65.7,17,20.8,3.2,30,26,0.867,1,1,0,0,11,8.3,1.7,8.7,6.1,4.8,0.38,0
SAH-01379,32,Male,Constable,AR,10,Widowed,4,Urban Posting (Low),0.25,13,1,7,13,1453,68.1,3,15.6,6.1,45,15,0.333,13,8,4,0,19,10.0,4.9,6.8,3.3,5.2,0.31,0
SAH-01380,27,Male,ASI,ITBP,6,Married,1,Border Area (Moderate),0.55,4,13,5,9,492,55.4,17,11.5,3.3,30,12,0.4,12,8,6,1,19,5.3,2.8,4.5,4.4,5.8,0.407,0
SAH-01381,49,Male,Constable,BSF,25,Married,5,Northeast (High Risk),0.8,25,11,1,25,3064,57.5,4,10.5,6.8,30,14,0.467,9,5,4,0,12,6.5,3.9,1.4,6.6,7.1,0.519,1
SAH-01382,31,Male,Constable,SSB,7,Married,5,Naxal Belt (High Risk),0.82,11,2,6,13,2989,48.3,15,25.2,4.5,60,18,0.3,3,10,6,0,0,8.6,3.2,6.5,6.0,5.7,0.406,0
SAH-01383,53,Female,Constable,CRPF,30,Single,1,Urban Posting (Low),0.25,12,3,6,17,2631,44.3,12,0.0,3.7,30,13,0.433,2,3,5,3,17,5.2,3.0,6.8,4.9,3.0,0.511,1
SAH-01384,26,Male,Inspector,RPF,4,Divorced,4,Training Center (Low),0.2,13,14,0,12,1547,58.8,8,7.4,4.1,30,10,0.333,6,6,3,1,1,9.7,3.2,8.3,7.5,6.4,0.224,0
SAH-01385,35,Male,Constable,CISF,13,Married,2,Naxal Belt (High Risk),0.82,9,14,6,12,206,46.7,4,14.2,3.5,30,30,1.0,7,4,1,0,1,2.8,2.2,2.6,7.4,7.0,0.372,0
SAH-01386,52,Male,Constable,NSG,28,Married,3,Northeast (High Risk),0.8,6,2,2,9,138,72.3,7,0.0,5.5,45,39,0.867,2,2,7,0,0,5.8,4.6,8.5,4.3,1.8,0.292,0
SAH-01387,31,Male,Head Constable,SSB,8,Married,5,Border Area (Moderate),0.55,10,2,1,7,2299,56.9,17,13.3,4.4,45,43,0.956,5,3,4,1,9,4.4,3.6,8.8,6.8,5.9,0.344,0
SAH-01388,43,Female,Inspector,BSF,22,Single,0,J&K (High Risk),0.85,23,12,3,21,1029,57.3,2,5.2,7.7,30,30,1.0,0,1,7,1,0,3.7,3.4,7.4,3.7,7.6,0.322,0
SAH-01389,46,Male,Constable,ITBP,27,Single,1,Urban Posting (Low),0.25,15,11,6,16,511,39.3,5,18.8,1.0,45,34,0.756,4,5,3,0,13,4.4,2.7,3.8,6.0,3.7,0.211,0
SAH-01390,54,Male,Head Constable,RPF,32,Married,1,Urban Posting (Low),0.25,23,6,7,27,2806,35.0,10,10.4,7.8,30,8,0.267,1,2,5,0,7,7.0,1.6,6.0,6.0,6.4,0.42,0
SAH-01391,54,Male,Constable,CRPF,30,Married,5,Naxal Belt (High Risk),0.82,34,7,2,36,2551,57.3,13,11.8,4.2,30,25,0.833,0,6,7,0,0,7.8,3.7,4.2,5.5,3.6,0.536,1
SAH-01392,49,Male,Head Constable,RPF,31,Married,4,Training Center (Low),0.2,16,6,6,19,429,46.0,18,9.9,8.7,45,5,0.111,12,3,0,0,13,7.4,3.7,3.9,5.0,4.4,0.411,0
SAH-01393,24,Male,ASI,CISF,2,Married,5,Border Area (Moderate),0.55,32,11,4,31,450,63.8,6,20.4,5.7,30,6,0.2,6,7,6,2,9,3.1,3.6,4.2,5.6,3.2,0.527,1
SAH-01394,37,Female,ASI,RPF,19,Married,5,Border Area (Moderate),0.55,5,6,2,7,1152,41.0,9,14.4,7.9,30,3,0.1,9,10,0,0,18,7.1,3.1,6.9,5.5,6.2,0.411,0
SAH-01395,55,Male,Head Constable,RPF,34,Married,1,Northeast (High Risk),0.8,17,9,4,22,600,45.6,14,22.6,5.3,30,7,0.233,3,0,7,0,7,5.8,2.8,4.8,1.0,6.5,0.43,0
SAH-01396,33,Male,Head Constable,RPF,11,Married,5,Naxal Belt (High Risk),0.82,22,8,1,21,3033,65.4,5,24.7,5.2,60,51,0.85,4,8,1,2,1,4.8,4.2,6.0,8.3,5.8,0.41,0
SAH-01397,35,Male,Constable,NSG,11,Widowed,1,Training Center (Low),0.2,18,14,7,20,3110,57.2,19,12.7,3.6,60,59,0.983,1,2,0,0,3,5.6,3.5,7.8,6.7,6.2,0.381,0
SAH-01398,49,Male,Head Constable,NSG,28,Married,4,Northeast (High Risk),0.8,28,8,6,31,1459,40.0,5,9.4,5.3,45,17,0.378,7,2,3,0,11,9.3,3.3,6.5,4.6,6.4,0.463,0
SAH-01399,49,Male,Constable,SSB,28,Married,3,Naxal Belt (High Risk),0.82,13,6,0,14,3075,52.4,15,11.6,3.5,60,13,0.217,14,4,1,0,8,5.4,1.5,5.7,7.4,7.7,0.448,0
SAH-01400,31,Male,SI,SSB,12,Single,0,Naxal Belt (High Risk),0.82,1,5,5,5,2758,74.8,8,36.3,5.9,45,16,0.356,10,9,6,0,0,7.5,1.2,6.2,4.5,3.8,0.494,0
SAH-01401,52,Male,Commandant,CRPF,30,Married,2,J&K (High Risk),0.85,19,9,2,23,3464,53.7,18,10.1,5.8,60,44,0.733,12,0,5,1,7,8.1,5.0,9.7,1.0,1.0,0.564,1
SAH-01402,22,Male,DIG,ITBP,4,Single,0,Northeast (High Risk),0.8,34,12,0,36,3000,50.2,17,13.6,5.3,30,13,0.433,9,2,3,0,16,7.8,3.8,9.1,6.2,4.2,0.581,1
SAH-01403,34,Male,Inspector,BSF,16,Married,4,Northeast (High Risk),0.8,4,2,0,7,494,62.7,4,16.7,8.0,45,45,1.0,13,3,5,0,15,5.1,4.3,1.6,2.3,4.2,0.396,0
SAH-01404,40,Male,ASI,AR,18,Married,3,HQ / Admin (Low),0.15,3,7,5,2,2149,56.2,15,19.4,6.5,45,10,0.222,2,1,7,0,14,5.2,1.4,5.5,2.8,6.6,0.292,0
SAH-01405,42,Male,SI,ITBP,19,Married,1,Urban Posting (Low),0.25,10,6,2,13,3372,69.3,6,15.8,3.7,60,60,1.0,6,11,5,1,8,6.5,4.0,6.5,3.3,1.0,0.297,0
SAH-01406,31,Male,Constable,ITBP,12,Married,4,Naxal Belt (High Risk),0.82,28,7,6,31,2017,61.1,18,29.2,6.6,30,3,0.1,10,5,1,0,7,4.9,2.7,10.0,5.7,5.5,0.539,1
SAH-01407,47,Male,ASI,ITBP,28,Married,2,Urban Posting (Low),0.25,34,12,7,34,1967,62.9,4,16.9,7.4,30,16,0.533,0,9,1,0,19,4.3,3.1,6.1,5.8,7.7,0.432,0
SAH-01408,23,Male,Head Constable,AR,4,Married,1,J&K (High Risk),0.85,19,4,2,19,378,69.9,19,13.8,1.0,60,21,0.35,9,3,3,1,13,6.2,3.5,5.7,7.6,5.0,0.533,1
SAH-01409,37,Male,Head Constable,CRPF,19,Single,0,Border Area (Moderate),0.55,3,9,0,2,1981,48.4,10,22.6,3.3,45,29,0.644,0,0,1,2,11,4.4,3.2,6.0,3.0,6.1,0.231,0
SAH-01410,48,Male,SI,AR,27,Married,4,Northeast (High Risk),0.8,23,7,3,26,3471,44.8,17,7.9,4.6,60,11,0.183,13,2,3,1,14,5.1,3.2,6.3,4.0,3.6,0.556,1
SAH-01411,49,Male,Constable,CRPF,25,Single,0,J&K (High Risk),0.85,17,2,3,18,2040,35.9,6,19.3,3.9,45,43,0.956,6,6,0,0,3,5.5,2.1,6.9,8.1,6.4,0.366,0
SAH-01412,41,Male,Head Constable,AR,18,Married,3,Training Center (Low),0.2,7,13,2,6,819,49.5,17,12.0,6.8,45,10,0.222,0,2,6,0,3,4.9,3.6,7.2,6.5,4.8,0.242,0
SAH-01413,36,Male,Dy. Commandant,BSF,17,Married,2,Northeast (High Risk),0.8,26,4,7,28,1532,36.3,2,25.3,3.7,30,20,0.667,11,5,0,0,1,5.5,2.1,6.1,6.1,3.9,0.493,0
SAH-01414,57,Male,Constable,RPF,38,Married,3,Training Center (Low),0.2,18,5,0,20,2595,56.4,4,25.9,3.5,30,4,0.133,8,10,6,1,3,5.1,2.2,10.0,5.4,5.1,0.321,0
SAH-01415,40,Male,Head Constable,ITBP,22,Married,3,Naxal Belt (High Risk),0.82,6,2,0,8,174,44.6,12,13.6,6.0,45,18,0.4,8,5,7,2,19,10.0,3.1,6.6,6.3,6.7,0.389,0
SAH-01416,26,Male,Dy. Commandant,RPF,5,Married,1,J&K (High Risk),0.85,31,10,1,29,253,63.5,15,8.0,5.0,60,14,0.233,7,0,4,2,17,9.5,1.7,8.8,5.6,4.8,0.571,1
SAH-01417,39,Male,ASI,CRPF,17,Single,1,Urban Posting (Low),0.25,29,8,0,32,2865,61.3,11,0.1,7.7,45,45,1.0,7,1,2,1,14,5.1,4.2,6.7,5.7,4.7,0.393,0
SAH-01418,25,Male,ASI,AR,3,Married,1,Border Area (Moderate),0.55,9,1,5,12,692,47.3,6,16.8,6.2,30,3,0.1,14,9,2,0,7,5.1,4.2,5.7,6.4,4.9,0.495,0
SAH-01419,23,Male,Constable,BSF,1,Married,2,Naxal Belt (High Risk),0.82,35,3,3,35,1094,63.7,12,0.0,10.0,45,20,0.444,3,10,0,1,9,5.6,2.6,7.4,3.7,5.5,0.535,1
SAH-01420,21,Female,Head Constable,AR,1,Single,2,Northeast (High Risk),0.8,17,14,1,19,639,53.8,0,14.3,3.3,45,18,0.4,3,11,4,1,1,6.5,2.7,1.7,5.9,5.4,0.242,0
SAH-01421,35,Male,Inspector,RPF,16,Married,2,J&K (High Risk),0.85,12,1,6,12,1636,35.0,14,10.5,2.4,60,45,0.75,4,10,7,1,8,5.8,3.0,6.2,1.6,5.4,0.467,0
SAH-01422,54,Male,ASI,NSG,30,Married,4,HQ / Admin (Low),0.15,24,5,5,24,2459,40.1,11,19.5,8.3,30,4,0.133,8,5,2,2,15,6.0,1.0,1.0,5.5,2.6,0.526,1
SAH-01423,55,Male,Head Constable,BSF,36,Married,4,Border Area (Moderate),0.55,10,8,6,12,2458,43.3,16,14.9,10.0,30,27,0.9,2,1,3,0,11,7.6,1.5,4.0,4.5,4.7,0.473,0
SAH-01424,45,Female,Constable,ITBP,22,Married,5,J&K (High Risk),0.85,30,7,3,35,1189,52.1,19,10.5,5.1,30,16,0.533,3,1,3,0,4,4.3,3.7,4.9,7.1,7.5,0.508,1
SAH-01425,44,Male,Constable,CISF,20,Married,2,Training Center (Low),0.2,29,9,5,32,104,46.9,4,21.8,4.9,30,16,0.533,9,3,1,0,6,4.8,3.4,6.5,2.7,6.2,0.47,0
SAH-01426,32,Male,Commandant,ITBP,11,Married,1,Northeast (High Risk),0.8,10,2,4,8,2389,45.7,16,6.3,5.8,60,19,0.317,4,11,7,0,14,3.1,2.6,7.2,5.9,7.4,0.486,0
SAH-01427,38,Male,Head Constable,CISF,19,Married,2,Northeast (High Risk),0.8,28,12,2,30,1124,59.0,14,19.5,3.8,30,17,0.567,6,7,2,0,12,5.2,2.6,3.2,6.7,5.8,0.572,1
SAH-01428,35,Male,ASI,BSF,14,Married,3,Northeast (High Risk),0.8,18,8,7,19,891,61.4,19,31.5,1.6,60,27,0.45,4,5,5,3,7,6.1,3.7,5.5,7.0,5.4,0.534,1
SAH-01429,36,Male,Constable,NSG,18,Married,4,Border Area (Moderate),0.55,17,8,4,19,2882,44.6,18,22.7,6.0,60,20,0.333,8,7,7,2,18,6.1,1.1,5.8,4.2,7.9,0.476,0
SAH-01430,47,Male,SI,RPF,28,Single,1,J&K (High Risk),0.85,11,14,2,15,2351,41.8,0,11.8,5.5,30,8,0.267,5,3,3,1,18,8.5,4.9,10.0,4.8,4.1,0.361,0
SAH-01431,28,Male,Dy. Commandant,NSG,10,Single,1,Border Area (Moderate),0.55,1,6,3,5,541,67.2,3,6.9,2.7,60,49,0.817,2,10,2,0,4,4.3,3.9,6.4,6.3,4.0,0.289,0
SAH-01432,45,Male,ASI,CRPF,25,Married,2,Training Center (Low),0.2,17,3,3,16,1034,84.7,2,22.5,4.3,30,7,0.233,5,2,1,0,17,2.7,2.6,4.0,3.2,8.5,0.526,1
SAH-01433,37,Female,Constable,NSG,16,Divorced,2,Northeast (High Risk),0.8,9,2,4,14,2670,40.7,7,5.2,2.7,45,12,0.267,5,6,0,0,16,6.2,3.4,8.2,4.6,6.8,0.39,0
SAH-01434,49,Male,ASI,SSB,29,Married,3,Naxal Belt (High Risk),0.82,28,14,7,30,2956,62.7,8,15.0,6.2,30,20,0.667,14,6,4,0,6,5.6,4.4,6.0,3.8,4.4,0.554,1
SAH-01435,28,Male,SI,BSF,9,Single,0,Naxal Belt (High Risk),0.82,33,8,5,36,1042,50.3,11,20.8,5.4,60,19,0.317,11,1,5,0,13,7.7,2.0,8.0,1.9,3.7,0.539,1
SAH-01436,35,Male,Head Constable,RPF,17,Married,1,Border Area (Moderate),0.55,3,6,7,8,2044,60.1,4,6.9,5.8,45,25,0.556,9,0,1,2,14,6.2,4.3,8.5,8.4,2.9,0.391,0
SAH-01437,47,Male,Inspector,RPF,28,Married,2,HQ / Admin (Low),0.15,8,4,6,11,1982,40.6,8,6.5,6.5,60,39,0.65,0,10,1,0,16,8.6,3.0,4.8,5.6,4.4,0.328,0
SAH-01438,27,Female,ASI,CRPF,7,Married,1,Naxal Belt (High Risk),0.82,6,5,2,11,1010,37.0,0,4.5,7.7,45,16,0.356,6,7,1,0,2,5.7,3.7,5.7,3.4,6.8,0.359,0
SAH-01439,23,Male,Dy. Commandant,RPF,4,Married,5,J&K (High Risk),0.85,6,5,2,3,1936,38.5,10,27.8,5.9,45,19,0.422,2,2,4,0,12,5.0,3.9,5.7,1.0,1.0,0.343,0
SAH-01440,49,Male,ASI,NSG,26,Married,3,Naxal Belt (High Risk),0.82,29,13,1,26,2322,45.2,6,28.6,6.7,30,9,0.3,0,5,3,2,10,7.4,3.2,8.3,6.1,7.2,0.406,0
SAH-01441,44,Male,Constable,BSF,22,Married,4,Northeast (High Risk),0.8,12,9,0,11,2095,49.2,19,28.5,9.1,30,16,0.533,0,6,2,1,2,7.0,4.1,9.7,2.4,6.4,0.466,0
SAH-01442,23,Male,Head Constable,ITBP,3,Married,5,Urban Posting (Low),0.25,9,13,5,14,152,63.3,13,29.5,7.4,30,30,1.0,4,7,0,3,5,4.6,2.6,9.8,4.2,2.9,0.417,0
SAH-01443,40,Male,Constable,NSG,21,Married,4,J&K (High Risk),0.85,19,13,5,16,1019,42.0,2,9.9,5.9,60,27,0.45,13,5,6,1,5,7.1,3.0,6.1,5.4,5.1,0.452,0
SAH-01444,35,Male,Dy. Commandant,AR,17,Married,5,Northeast (High Risk),0.8,17,9,1,14,1121,44.3,10,0.5,5.8,30,22,0.733,9,6,0,0,5,6.9,2.2,9.6,3.0,4.0,0.538,1
SAH-01445,45,Male,SI,CISF,26,Married,1,Border Area (Moderate),0.55,32,8,3,33,786,77.0,16,28.6,3.8,60,44,0.733,9,4,5,2,5,5.9,2.3,7.2,8.8,3.2,0.629,1
SAH-01446,50,Male,SI,BSF,32,Divorced,1,Northeast (High Risk),0.8,35,8,4,39,1415,52.6,17,22.4,4.2,60,53,0.883,1,2,4,0,5,8.2,3.2,5.8,3.4,5.6,0.406,0
SAH-01447,34,Male,Head Constable,RPF,12,Widowed,3,Border Area (Moderate),0.55,14,12,7,12,2330,55.4,18,21.8,5.3,30,24,0.8,1,1,0,0,13,8.9,3.8,4.9,3.0,6.1,0.484,0
SAH-01448,27,Female,Constable,CRPF,8,Married,4,J&K (High Risk),0.85,16,2,5,16,277,60.9,17,6.7,4.8,30,3,0.1,11,6,5,0,10,4.8,1.7,7.5,6.0,6.5,0.438,0
SAH-01449,37,Male,SI,ITBP,13,Married,5,HQ / Admin (Low),0.15,21,14,2,23,3104,45.7,5,15.8,9.3,60,24,0.4,3,7,7,1,15,7.0,3.4,9.7,4.8,1.4,0.345,0
SAH-01450,40,Male,Head Constable,SSB,16,Divorced,2,Northeast (High Risk),0.8,12,3,1,9,2619,51.8,14,16.3,6.2,30,29,0.967,9,7,5,2,18,6.1,4.2,9.0,9.4,4.1,0.442,0
SAH-01451,56,Male,Constable,ITBP,34,Single,0,HQ / Admin (Low),0.15,24,14,4,24,1770,48.1,6,14.5,6.1,30,19,0.633,14,2,7,0,6,5.1,4.3,4.9,8.3,6.2,0.385,0
SAH-01452,29,Male,ASI,NSG,9,Married,3,Naxal Belt (High Risk),0.82,34,8,6,34,1665,51.0,4,8.2,7.8,30,6,0.2,10,1,4,0,5,5.8,2.9,7.2,8.5,6.9,0.417,0
SAH-01453,42,Male,Constable,CISF,24,Married,4,Urban Posting (Low),0.25,8,13,4,13,2110,62.1,4,0.0,5.9,60,22,0.367,11,8,4,2,10,2.5,1.9,4.8,6.6,5.5,0.43,0
SAH-01454,22,Male,Head Constable,ITBP,1,Married,2,Northeast (High Risk),0.8,21,5,5,26,494,60.1,6,9.0,4.9,45,17,0.378,11,5,2,0,3,8.2,3.7,6.9,6.8,7.2,0.439,0
SAH-01455,44,Male,Head Constable,SSB,21,Married,3,Urban Posting (Low),0.25,8,7,0,10,2437,35.0,11,0.0,6.0,30,29,0.967,14,9,2,1,0,7.6,3.4,7.4,4.8,5.4,0.231,0
SAH-01456,28,Male,Constable,AR,8,Married,3,Naxal Belt (High Risk),0.82,28,14,7,32,1397,64.0,7,11.7,6.3,30,19,0.633,14,2,4,0,8,2.2,3.0,7.1,6.9,6.1,0.547,1
SAH-01457,31,Male,DIG,CRPF,13,Single,0,Border Area (Moderate),0.55,16,8,2,16,1669,47.9,17,10.1,8.3,30,21,0.7,6,4,2,0,12,5.6,2.7,8.5,4.2,3.3,0.426,0
SAH-01458,33,Female,Constable,BSF,11,Married,2,Urban Posting (Low),0.25,10,6,4,14,647,56.7,17,5.7,2.8,30,14,0.467,7,0,3,0,7,6.7,3.3,5.1,5.2,6.5,0.36,0
SAH-01459,37,Male,Constable,CISF,13,Married,2,Border Area (Moderate),0.55,15,5,6,14,2254,47.1,16,18.2,4.0,60,9,0.15,10,1,1,0,1,7.7,3.4,9.2,2.7,2.4,0.394,0
SAH-01460,28,Male,Constable,SSB,7,Single,1,Border Area (Moderate),0.55,4,8,2,2,2753,51.4,10,12.3,5.4,45,7,0.156,9,8,0,1,15,5.5,2.6,5.8,4.6,3.0,0.432,0
SAH-01461,41,Male,SI,RPF,22,Married,1,J&K (High Risk),0.85,26,1,5,28,3100,67.8,14,12.8,7.4,45,23,0.511,6,9,0,2,18,5.5,2.8,4.2,6.6,3.5,0.756,1
SAH-01462,38,Male,Head Constable,NSG,16,Married,2,Northeast (High Risk),0.8,15,1,1,16,1231,56.0,19,26.1,7.1,30,8,0.267,8,10,6,0,7,6.7,1.6,8.5,7.7,8.4,0.419,0
SAH-01463,50,Male,ASI,NSG,32,Married,5,Border Area (Moderate),0.55,32,1,6,36,3306,67.2,5,12.4,5.7,45,9,0.2,6,9,0,1,11,4.6,3.3,7.4,6.4,4.3,0.531,1
SAH-01464,38,Male,Constable,NSG,20,Married,1,J&K (High Risk),0.85,4,3,4,1,847,51.4,11,18.6,7.5,30,10,0.333,3,2,0,1,10,9.3,3.4,8.4,8.2,5.9,0.349,0
SAH-01465,51,Male,Constable,RPF,33,Married,1,Northeast (High Risk),0.8,9,10,6,8,2588,50.1,6,6.3,4.2,45,37,0.822,8,7,3,0,8,6.2,1.8,6.8,2.7,6.1,0.433,0
SAH-01466,52,Male,Head Constable,RPF,34,Married,1,Northeast (High Risk),0.8,35,13,5,38,884,52.1,7,17.0,9.3,45,7,0.156,8,9,3,0,9,6.4,2.9,2.1,6.5,6.1,0.583,1
SAH-01467,31,Male,Inspector,CISF,12,Single,1,Northeast (High Risk),0.8,28,12,4,28,3049,36.8,3,14.2,3.8,30,16,0.533,2,7,1,0,0,8.7,2.5,4.8,3.7,3.0,0.517,1
SAH-01468,45,Male,Inspector,ITBP,25,Married,3,Border Area (Moderate),0.55,9,6,6,10,2082,35.0,2,15.7,2.1,30,27,0.9,9,4,4,0,18,6.0,4.1,6.7,6.3,5.7,0.289,0
SAH-01469,53,Female,Constable,CISF,30,Married,5,Border Area (Moderate),0.55,2,6,1,6,406,42.6,2,5.2,6.7,45,16,0.356,13,7,2,0,16,8.7,1.7,6.4,3.9,3.1,0.363,0
SAH-01470,28,Male,ASI,NSG,7,Married,4,HQ / Admin (Low),0.15,3,5,6,0,2814,64.3,9,6.0,2.6,30,12,0.4,7,1,1,3,3,2.8,4.1,10.0,4.4,1.7,0.359,0
SAH-01471,31,Male,Dy. Commandant,AR,12,Married,2,Naxal Belt (High Risk),0.82,5,13,2,2,2459,69.0,14,12.2,4.5,45,44,0.978,0,1,6,0,11,8.3,4.3,4.9,7.2,8.4,0.213,0
SAH-01472,42,Male,Head Constable,SSB,24,Married,1,HQ / Admin (Low),0.15,10,13,2,13,3345,35.0,12,25.6,5.2,45,33,0.733,1,11,0,0,19,8.1,1.0,8.2,6.0,4.5,0.419,0
SAH-01473,44,Male,Inspector,BSF,25,Widowed,4,Urban Posting (Low),0.25,28,14,4,33,3325,67.4,18,3.5,6.3,30,26,0.867,7,3,2,0,7,1.9,3.6,7.7,3.8,4.6,0.267,0
SAH-01474,37,Male,Constable,BSF,15,Married,3,HQ / Admin (Low),0.15,15,7,5,15,57,44.9,7,28.4,7.5,45,17,0.378,12,7,6,0,15,5.4,3.5,1.7,2.5,7.1,0.427,0
SAH-01475,32,Male,Dy. Commandant,CISF,9,Married,4,Training Center (Low),0.2,14,5,1,18,2569,35.0,17,9.3,2.8,45,45,1.0,7,1,1,0,0,6.8,1.5,6.5,3.7,6.7,0.516,1
SAH-01476,52,Male,SI,NSG,34,Single,2,Urban Posting (Low),0.25,23,14,3,26,2269,64.7,4,15.7,3.2,45,10,0.222,5,3,0,0,8,7.6,2.7,6.7,5.4,3.9,0.415,0
SAH-01477,35,Male,Commandant,RPF,14,Divorced,5,Naxal Belt (High Risk),0.82,13,2,2,11,2193,45.9,6,23.0,10.0,30,30,1.0,7,7,1,0,10,8.6,2.6,9.1,3.1,5.7,0.457,0
SAH-01478,36,Male,SI,CRPF,18,Married,4,Northeast (High Risk),0.8,16,4,6,17,2771,83.4,4,12.2,5.1,45,45,1.0,13,2,0,0,11,3.0,2.1,3.1,6.0,6.2,0.51,1
SAH-01479,42,Male,Head Constable,AR,19,Married,1,Northeast (High Risk),0.8,30,1,3,35,2705,43.9,18,13.1,2.2,30,19,0.633,13,7,7,0,8,6.2,2.4,8.0,3.3,2.5,0.475,0
SAH-01480,48,Male,Dy. Commandant,CISF,27,Married,1,HQ / Admin (Low),0.15,8,7,6,13,1379,48.7,16,26.6,3.5,30,20,0.667,7,11,5,0,5,4.1,3.9,7.3,5.1,3.7,0.385,0
SAH-01481,40,Male,Constable,NSG,17,Married,2,HQ / Admin (Low),0.15,17,4,4,16,3379,40.3,18,23.8,4.4,30,26,0.867,1,1,0,0,8,4.6,3.1,9.1,6.2,4.5,0.243,0
SAH-01482,53,Male,Head Constable,ITBP,32,Married,2,Urban Posting (Low),0.25,30,13,3,29,2571,53.8,3,20.6,5.5,45,18,0.4,2,0,7,0,5,7.6,2.4,5.2,4.5,5.2,0.278,0
SAH-01483,30,Female,SI,BSF,10,Married,5,Training Center (Low),0.2,17,4,5,15,2023,61.6,6,13.8,7.9,30,18,0.6,6,5,7,0,5,4.4,1.9,8.0,7.6,7.8,0.31,0
SAH-01484,52,Female,SI,BSF,28,Married,2,HQ / Admin (Low),0.15,35,13,6,38,3421,35.0,5,14.4,8.8,45,45,1.0,2,7,7,0,19,6.0,3.8,4.3,6.2,3.8,0.432,0
SAH-01485,53,Male,Dy. Commandant,AR,33,Married,5,Border Area (Moderate),0.55,1,4,5,3,1538,59.9,13,6.4,3.9,45,7,0.156,12,8,5,0,2,5.1,4.7,10.0,3.6,8.1,0.289,0
SAH-01486,22,Male,Constable,BSF,3,Married,3,Border Area (Moderate),0.55,24,3,6,25,663,47.1,18,12.7,4.4,60,60,1.0,14,9,3,0,2,8.0,2.8,5.7,3.2,6.1,0.488,0
SAH-01487,53,Male,Inspector,CRPF,34,Married,3,Naxal Belt (High Risk),0.82,25,8,3,28,738,41.7,19,15.5,5.8,45,37,0.822,14,7,0,0,15,2.3,2.9,3.5,8.6,2.0,0.588,1
SAH-01488,53,Female,SI,NSG,32,Married,2,Naxal Belt (High Risk),0.82,2,4,5,2,947,35.2,10,14.7,4.0,45,39,0.867,10,1,1,1,1,8.5,5.0,4.8,7.7,5.8,0.325,0
SAH-01489,33,Male,Constable,NSG,15,Divorced,3,J&K (High Risk),0.85,25,8,2,26,1401,63.7,6,17.4,7.9,45,7,0.156,1,0,2,0,3,9.0,3.8,8.4,4.8,8.1,0.317,0
SAH-01490,50,Male,Head Constable,AR,26,Married,4,Naxal Belt (High Risk),0.82,14,9,4,19,159,55.4,2,23.9,10.0,45,12,0.267,5,6,3,0,8,7.2,4.1,6.4,6.1,4.8,0.478,0
SAH-01491,53,Male,Constable,NSG,31,Married,4,Urban Posting (Low),0.25,33,1,3,38,759,45.0,19,2.9,5.5,45,45,1.0,1,6,5,0,6,6.5,2.4,8.5,4.9,3.7,0.37,0
SAH-01492,33,Male,Head Constable,RPF,11,Married,4,Naxal Belt (High Risk),0.82,17,4,6,17,3250,61.4,16,9.9,6.2,30,6,0.2,13,11,2,3,2,1.9,2.2,9.7,6.8,4.1,0.6,1
SAH-01493,46,Male,DIG,AR,28,Married,3,Training Center (Low),0.2,31,6,2,33,3062,58.4,10,24.2,4.3,30,21,0.7,1,2,5,3,12,7.3,4.3,8.4,5.8,6.2,0.349,0
SAH-01494,42,Male,ASI,NSG,24,Married,4,Naxal Belt (High Risk),0.82,10,8,6,8,2968,62.4,14,34.7,6.2,45,39,0.867,14,5,7,0,13,8.0,3.5,8.4,1.5,2.4,0.371,0
SAH-01495,22,Male,SI,CRPF,2,Married,5,J&K (High Risk),0.85,6,14,3,5,1210,71.7,6,6.4,3.4,45,14,0.311,10,6,7,0,8,6.2,3.2,4.5,7.8,8.7,0.333,0
SAH-01496,46,Male,DIG,SSB,24,Single,0,Training Center (Low),0.2,25,6,6,30,698,54.6,14,10.0,3.6,45,35,0.778,1,8,6,0,0,4.7,3.4,5.0,8.2,7.4,0.392,0
SAH-01497,35,Male,Head Constable,CISF,14,Divorced,2,Urban Posting (Low),0.25,30,12,2,32,3285,75.2,16,4.5,1.9,45,7,0.156,3,0,4,0,11,8.9,4.7,4.1,4.6,6.6,0.496,0
SAH-01498,54,Male,Inspector,CISF,31,Married,5,Northeast (High Risk),0.8,34,6,5,38,2446,69.1,10,0.0,7.1,60,35,0.583,13,2,7,0,0,4.3,2.3,6.6,6.1,2.9,0.571,1
SAH-01499,31,Male,Head Constable,NSG,12,Married,4,Border Area (Moderate),0.55,18,10,5,19,2053,61.4,11,17.2,8.3,30,13,0.433,6,4,2,0,8,8.3,3.2,10.0,7.7,8.2,0.443,0
SAH-01500,23,Male,Inspector,ITBP,1,Married,1,Naxal Belt (High Risk),0.82,24,4,7,22,2560,35.0,12,19.8,7.6,30,22,0.733,14,2,7,0,6,7.1,2.3,6.0,10.0,7.8,0.552,1
SAH-01501,26,Male,Constable,BSF,6,Married,2,HQ / Admin (Low),0.15,27,9,7,30,1716,53.3,10,12.6,5.7,30,29,0.967,5,7,4,0,2,5.7,3.3,10.0,6.6,8.2,0.431,0
SAH-01502,29,Male,Commandant,CRPF,7,Single,0,Border Area (Moderate),0.55,27,7,4,29,1577,55.0,10,12.7,4.9,60,13,0.217,4,9,6,0,3,10.0,3.8,3.3,6.2,5.9,0.452,0
SAH-01503,26,Male,Constable,ITBP,2,Married,2,J&K (High Risk),0.85,21,14,6,19,2982,54.6,8,14.1,5.3,30,16,0.533,3,5,4,2,6,7.0,3.3,5.6,7.2,5.3,0.435,0
SAH-01504,29,Male,Head Constable,RPF,11,Married,3,Border Area (Moderate),0.55,19,11,5,21,3272,50.7,10,10.5,3.5,45,23,0.511,1,1,3,0,14,7.2,4.7,4.7,7.4,5.9,0.258,0
SAH-01505,51,Male,SI,ITBP,27,Married,4,Training Center (Low),0.2,23,6,1,27,1963,59.8,3,14.7,7.4,30,12,0.4,10,0,2,1,0,7.0,2.5,7.4,6.6,6.3,0.359,0
SAH-01506,52,Male,Head Constable,NSG,28,Single,1,Urban Posting (Low),0.25,15,1,2,12,295,61.3,1,26.1,7.6,30,17,0.567,7,9,5,0,5,6.6,3.5,7.2,2.9,7.9,0.323,0
SAH-01507,32,Male,ASI,CRPF,10,Married,5,Training Center (Low),0.2,2,2,2,2,3231,35.0,3,8.4,3.4,45,44,0.978,12,4,0,0,4,5.8,4.3,3.2,5.9,2.6,0.423,0
SAH-01508,28,Male,Head Constable,CISF,7,Married,1,Northeast (High Risk),0.8,35,12,3,32,1658,68.3,13,12.7,3.6,45,45,1.0,11,10,3,1,10,7.5,2.6,4.8,6.1,5.8,0.573,1
SAH-01509,28,Male,SI,BSF,8,Single,2,Training Center (Low),0.2,20,6,4,18,847,35.0,4,14.0,2.8,30,3,0.1,1,8,3,0,16,6.2,2.5,8.8,2.6,6.4,0.354,0
SAH-01510,48,Male,Constable,CISF,30,Married,1,Urban Posting (Low),0.25,28,11,0,25,3396,47.1,16,10.5,5.0,30,25,0.833,14,9,0,0,2,2.4,2.8,8.4,6.8,7.4,0.38,0
SAH-01511,40,Male,Constable,ITBP,17,Married,2,Urban Posting (Low),0.25,15,1,7,17,2967,41.3,11,15.5,5.5,30,21,0.7,14,8,2,0,11,4.4,1.6,4.8,3.2,4.7,0.456,0
SAH-01512,27,Male,Constable,RPF,6,Married,4,Naxal Belt (High Risk),0.82,16,11,7,18,3188,43.3,5,0.0,5.6,45,45,1.0,10,0,5,0,19,8.3,4.1,5.0,8.1,5.5,0.479,0
SAH-01513,31,Male,Head Constable,BSF,8,Married,2,Training Center (Low),0.2,33,5,5,30,1123,65.0,11,19.6,2.8,30,5,0.167,7,2,3,0,9,7.8,3.2,6.3,3.9,5.1,0.398,0
SAH-01514,40,Male,Constable,SSB,21,Married,4,Border Area (Moderate),0.55,12,1,7,12,2913,53.5,14,7.2,4.0,45,41,0.911,9,5,4,0,6,3.9,1.3,4.7,7.4,5.9,0.347,0
SAH-01515,36,Male,Head Constable,ITBP,16,Single,0,Training Center (Low),0.2,20,13,0,20,564,60.2,18,8.3,4.0,30,30,1.0,13,4,0,0,14,4.9,2.6,7.3,4.1,4.2,0.345,0
SAH-01516,24,Male,Head Constable,CISF,3,Married,2,Naxal Belt (High Risk),0.82,29,3,1,33,2323,59.6,9,13.7,7.0,45,45,1.0,3,3,5,0,17,4.8,4.3,6.1,8.0,6.6,0.367,0
SAH-01517,26,Female,Constable,CISF,5,Married,2,J&K (High Risk),0.85,3,12,4,5,2675,35.0,1,3.9,3.5,30,19,0.633,11,1,1,0,18,8.9,2.7,8.4,8.3,6.1,0.31,0
SAH-01518,42,Male,ASI,NSG,19,Married,2,Naxal Belt (High Risk),0.82,5,12,2,3,555,45.3,11,25.6,5.6,30,12,0.4,4,11,3,0,0,2.9,4.6,6.0,6.6,2.4,0.326,0
SAH-01519,46,Male,Inspector,CISF,28,Married,3,Border Area (Moderate),0.55,2,12,0,3,204,61.0,11,8.4,4.1,30,22,0.733,14,11,5,1,12,4.8,2.7,8.3,4.2,3.0,0.427,0
SAH-01520,23,Male,Constable,CRPF,4,Married,4,Border Area (Moderate),0.55,23,7,1,23,2056,59.9,6,36.1,5.1,45,18,0.4,10,11,4,0,3,6.2,1.6,5.5,6.3,5.0,0.491,0
SAH-01521,34,Male,ASI,ITBP,11,Married,4,Border Area (Moderate),0.55,26,5,4,26,1947,35.0,0,20.0,7.4,45,23,0.511,0,3,2,0,17,3.1,1.0,5.5,4.0,10.0,0.524,1
SAH-01522,31,Male,ASI,AR,10,Married,2,Border Area (Moderate),0.55,26,12,1,30,1553,64.4,17,10.5,3.0,60,32,0.533,1,4,2,2,11,6.2,5.0,6.4,3.2,4.8,0.449,0
SAH-01523,38,Male,Head Constable,AR,18,Single,0,Training Center (Low),0.2,7,10,5,8,160,59.4,2,12.5,1.0,60,24,0.4,10,11,0,0,3,3.9,2.2,3.4,4.5,3.3,0.348,0
SAH-01524,32,Male,SI,RPF,11,Single,1,J&K (High Risk),0.85,10,1,7,9,2580,40.4,19,16.2,2.8,45,19,0.422,7,1,4,0,3,4.3,2.4,6.4,5.4,3.9,0.47,0
SAH-01525,43,Male,Head Constable,BSF,21,Married,4,Naxal Belt (High Risk),0.82,5,1,0,5,2905,56.9,4,28.6,6.3,45,4,0.089,0,9,0,0,4,5.0,2.9,8.7,4.2,6.3,0.373,0
SAH-01526,32,Male,Head Constable,CISF,12,Single,2,Training Center (Low),0.2,12,8,3,9,2371,49.3,19,22.6,3.1,45,17,0.378,2,0,3,0,18,5.6,3.2,4.2,5.0,8.5,0.277,0
SAH-01527,33,Male,Constable,NSG,13,Married,3,Border Area (Moderate),0.55,32,11,3,34,2252,57.9,14,22.0,4.1,45,25,0.556,1,6,0,0,8,4.9,2.0,8.5,4.4,4.0,0.429,0
SAH-01528,45,Male,SI,NSG,24,Married,3,Border Area (Moderate),0.55,31,14,4,31,1724,35.0,9,12.6,6.4,45,12,0.267,9,6,1,0,6,6.2,4.3,6.7,5.5,5.7,0.491,0
SAH-01529,39,Female,ASI,CISF,21,Married,2,Border Area (Moderate),0.55,22,13,1,24,1240,47.8,18,10.5,7.1,30,27,0.9,4,7,0,0,6,8.5,3.3,6.9,5.0,4.2,0.467,0
SAH-01530,56,Male,Constable,CRPF,36,Married,5,Border Area (Moderate),0.55,17,9,2,15,1092,66.2,0,20.1,7.6,30,19,0.633,11,9,0,0,11,7.7,4.2,7.3,2.5,6.6,0.549,1
SAH-01531,28,Male,Head Constable,NSG,6,Married,4,Northeast (High Risk),0.8,20,7,0,21,2442,58.5,6,25.7,6.6,45,40,0.889,3,5,3,1,9,9.0,1.0,5.9,5.4,4.2,0.377,0
SAH-01532,49,Male,DIG,AR,26,Single,0,Border Area (Moderate),0.55,20,13,3,25,2832,61.5,17,13.9,3.2,45,10,0.222,3,0,4,0,19,5.9,3.5,7.2,3.9,6.9,0.381,0
SAH-01533,52,Male,Head Constable,BSF,34,Married,4,HQ / Admin (Low),0.15,8,3,3,12,2666,49.2,1,9.5,8.7,30,27,0.9,12,7,5,1,12,5.9,3.4,6.0,3.7,1.0,0.236,0
SAH-01534,38,Male,Head Constable,ITBP,20,Married,4,Border Area (Moderate),0.55,34,12,1,33,1971,58.8,18,6.7,3.6,30,30,1.0,3,1,5,1,5,6.4,3.0,5.3,3.7,6.6,0.441,0
SAH-01535,26,Male,Dy. Commandant,SSB,8,Married,5,J&K (High Risk),0.85,23,6,3,20,343,50.0,9,1.6,4.2,30,13,0.433,10,11,1,0,8,2.9,2.5,8.9,5.8,4.8,0.532,1
SAH-01536,38,Male,SI,CRPF,18,Married,3,Urban Posting (Low),0.25,28,3,6,27,2742,40.9,14,11.4,5.5,60,23,0.383,3,2,0,0,18,8.1,1.5,4.0,6.3,6.3,0.403,0
SAH-01537,39,Male,ASI,RPF,21,Married,4,Naxal Belt (High Risk),0.82,13,10,7,17,1535,49.0,9,13.0,6.1,30,22,0.733,3,7,3,0,15,5.3,1.6,5.5,5.8,5.0,0.374,0
SAH-01538,42,Male,Inspector,RPF,21,Widowed,3,J&K (High Risk),0.85,29,4,1,28,387,69.4,9,14.8,8.4,45,33,0.733,5,3,3,0,10,5.9,4.3,8.2,7.0,2.7,0.578,1
SAH-01539,57,Male,Inspector,NSG,38,Married,5,Training Center (Low),0.2,8,12,0,9,1877,65.6,11,19.3,4.2,60,12,0.2,1,4,7,1,3,6.9,3.4,4.7,5.5,5.4,0.319,0
SAH-01540,52,Male,Head Constable,ITBP,30,Married,5,Northeast (High Risk),0.8,11,4,1,9,2549,40.1,7,11.2,6.3,30,30,1.0,12,8,5,0,0,4.5,2.8,6.2,5.8,6.6,0.317,0
SAH-01541,23,Male,Head Constable,SSB,4,Married,2,HQ / Admin (Low),0.15,18,3,3,15,2441,47.0,13,29.4,4.2,60,34,0.567,12,10,3,0,11,4.5,2.7,3.8,3.8,5.5,0.393,0
SAH-01542,48,Male,Head Constable,RPF,26,Divorced,1,Naxal Belt (High Risk),0.82,25,10,1,26,766,40.9,1,5.9,8.7,60,51,0.85,14,6,4,0,3,6.8,4.0,5.7,6.5,2.1,0.566,1
SAH-01543,30,Male,Commandant,CISF,10,Divorced,5,Urban Posting (Low),0.25,22,6,3,23,680,54.2,16,20.5,6.4,30,13,0.433,3,9,0,0,4,6.9,4.0,3.6,5.2,5.4,0.455,0
SAH-01544,55,Male,SI,CISF,37,Married,5,Border Area (Moderate),0.55,35,5,5,37,814,64.0,5,5.2,8.1,30,10,0.333,13,11,2,0,5,10.0,2.2,5.1,6.8,6.0,0.486,0
SAH-01545,49,Male,Constable,BSF,31,Married,3,Northeast (High Risk),0.8,29,11,4,27,134,76.4,7,8.2,3.2,30,6,0.2,6,6,5,0,13,6.5,1.6,6.8,5.3,4.2,0.445,0
SAH-01546,35,Male,Inspector,SSB,14,Married,5,Urban Posting (Low),0.25,21,9,3,26,786,35.0,0,17.2,4.4,30,11,0.367,6,0,6,0,0,7.1,3.4,6.4,5.5,1.0,0.368,0
SAH-01547,53,Male,Head Constable,CISF,30,Single,0,HQ / Admin (Low),0.15,7,9,6,5,2757,62.3,2,23.3,6.0,60,60,1.0,0,0,6,0,7,10.0,4.2,8.7,3.9,4.0,0.116,0
SAH-01548,27,Male,Constable,RPF,9,Single,1,Urban Posting (Low),0.25,12,3,6,10,1462,51.9,14,12.8,8.1,30,22,0.733,9,7,5,0,14,6.7,3.7,7.9,5.2,2.5,0.403,0
SAH-01549,32,Male,ASI,CISF,8,Married,2,Border Area (Moderate),0.55,24,13,6,25,276,47.6,16,15.7,7.5,60,54,0.9,11,9,1,0,11,6.9,4.7,5.8,9.6,4.8,0.469,0
SAH-01550,50,Male,Head Constable,AR,28,Married,4,HQ / Admin (Low),0.15,32,9,6,37,3407,40.8,6,25.1,8.5,30,30,1.0,8,0,2,0,18,1.0,2.8,8.4,1.8,2.5,0.523,1
SAH-01551,41,Female,Inspector,NSG,21,Single,0,Northeast (High Risk),0.8,27,13,3,27,1357,73.4,13,5.2,8.2,60,10,0.167,6,9,4,0,6,5.2,3.3,6.2,4.6,2.4,0.582,1
SAH-01552,51,Male,Constable,RPF,32,Married,1,J&K (High Risk),0.85,32,12,3,34,158,35.0,2,21.2,7.1,30,7,0.233,10,1,6,0,8,6.4,2.9,5.1,7.1,6.5,0.493,0
SAH-01553,44,Male,Inspector,RPF,26,Married,5,J&K (High Risk),0.85,32,3,4,30,184,46.1,17,9.5,5.8,45,45,1.0,5,3,5,0,10,4.5,3.8,4.0,4.1,5.3,0.503,1
SAH-01554,40,Male,ASI,RPF,21,Married,2,Urban Posting (Low),0.25,32,4,5,32,987,56.4,4,16.9,3.3,30,19,0.633,13,8,0,0,7,6.4,2.3,9.4,5.7,6.0,0.429,0
SAH-01555,57,Male,Constable,BSF,38,Married,1,Training Center (Low),0.2,26,1,7,31,340,57.4,19,19.3,1.2,30,22,0.733,1,6,2,0,3,7.4,3.2,9.1,5.3,3.9,0.465,0
SAH-01556,24,Male,DIG,ITBP,4,Single,1,Border Area (Moderate),0.55,11,5,2,9,1875,67.0,14,5.6,5.7,30,15,0.5,5,11,2,0,9,7.8,4.6,6.1,7.2,4.0,0.396,0
SAH-01557,48,Male,Head Constable,RPF,25,Married,3,HQ / Admin (Low),0.15,18,12,3,15,1786,41.4,5,9.0,7.1,30,27,0.9,4,6,6,0,19,5.8,2.3,6.3,5.0,3.7,0.382,0
SAH-01558,40,Male,Constable,CISF,18,Married,5,Urban Posting (Low),0.25,5,9,2,5,1702,59.5,2,20.3,1.0,30,18,0.6,8,11,5,0,9,2.9,1.0,6.0,2.2,4.0,0.321,0
SAH-01559,44,Male,Head Constable,AR,24,Married,5,Naxal Belt (High Risk),0.82,16,2,0,16,1917,51.2,17,12.9,3.2,45,41,0.911,11,9,2,0,7,6.2,3.5,2.7,8.9,4.1,0.387,0
SAH-01560,52,Male,Inspector,RPF,33,Single,0,Northeast (High Risk),0.8,11,4,5,8,2919,52.5,19,9.3,3.5,30,30,1.0,0,6,1,0,13,5.2,5.0,6.3,5.2,3.0,0.391,0
SAH-01561,56,Male,Head Constable,CRPF,38,Married,1,HQ / Admin (Low),0.15,35,10,7,35,3150,46.5,2,16.6,5.1,45,33,0.733,4,4,0,0,3,4.5,2.3,2.2,5.8,3.6,0.403,0
SAH-01562,54,Male,Constable,CRPF,35,Single,0,J&K (High Risk),0.85,11,2,1,10,2491,53.9,7,6.4,5.7,45,28,0.622,2,0,3,1,19,5.4,4.3,4.1,4.6,5.4,0.357,0
SAH-01563,56,Male,Constable,ITBP,34,Married,2,Border Area (Moderate),0.55,23,14,2,21,76,50.3,18,5.5,7.7,45,20,0.444,8,4,0,0,2,5.3,3.0,6.5,5.8,3.0,0.362,0
SAH-01564,22,Male,Constable,SSB,1,Married,3,Naxal Belt (High Risk),0.82,34,8,6,34,2110,47.7,17,0.0,2.9,60,17,0.283,11,7,6,0,2,5.6,2.0,8.1,7.5,5.7,0.6,1
SAH-01565,35,Male,SI,BSF,15,Single,0,Northeast (High Risk),0.8,17,9,5,21,603,45.7,14,17.9,6.2,45,34,0.756,0,11,5,0,3,5.1,3.7,3.2,5.2,1.9,0.41,0
SAH-01566,54,Male,Head Constable,AR,35,Married,2,Border Area (Moderate),0.55,10,3,0,13,982,56.5,13,15.3,2.7,30,4,0.133,5,11,2,0,11,8.9,1.6,6.2,3.9,5.6,0.394,0
SAH-01567,56,Male,Constable,NSG,37,Single,0,Northeast (High Risk),0.8,18,13,5,23,2542,36.0,15,19.3,7.2,30,30,1.0,2,6,0,0,17,6.5,4.5,6.4,2.9,4.8,0.429,0
SAH-01568,26,Male,Constable,AR,4,Married,4,HQ / Admin (Low),0.15,8,9,1,12,2321,49.7,2,24.8,4.5,45,33,0.733,0,6,3,0,18,6.5,3.1,6.2,7.8,5.6,0.122,0
SAH-01569,32,Male,Head Constable,CRPF,8,Married,1,Naxal Belt (High Risk),0.82,26,6,3,23,2118,42.8,14,13.1,3.1,45,45,1.0,10,1,7,0,10,6.8,1.3,7.2,4.6,5.6,0.541,1
SAH-01570,23,Male,Dy. Commandant,CRPF,5,Married,4,Urban Posting (Low),0.25,3,6,3,1,1721,50.5,18,14.4,4.2,30,11,0.367,14,0,1,2,17,3.3,4.9,8.0,6.6,3.0,0.329,0
SAH-01571,38,Male,Head Constable,ITBP,14,Married,2,Urban Posting (Low),0.25,24,7,6,22,1399,50.7,7,17.7,3.3,45,45,1.0,2,3,0,0,13,8.0,3.9,6.6,6.9,5.1,0.377,0
SAH-01572,41,Male,DIG,SSB,22,Divorced,3,Urban Posting (Low),0.25,3,12,3,7,1806,62.4,1,10.4,5.7,30,21,0.7,14,7,0,2,10,10.0,3.3,9.6,5.0,2.7,0.272,0
SAH-01573,35,Male,Head Constable,SSB,13,Married,2,HQ / Admin (Low),0.15,2,5,4,2,516,59.9,16,3.3,6.7,30,27,0.9,1,0,1,1,13,4.1,3.9,6.1,5.3,4.2,0.313,0
SAH-01574,53,Male,Constable,ITBP,35,Married,3,Northeast (High Risk),0.8,35,6,4,40,1298,55.5,11,5.8,7.6,45,12,0.267,9,1,1,1,2,4.7,1.0,4.5,5.5,6.9,0.63,1
SAH-01575,55,Female,Dy. Commandant,RPF,31,Married,2,J&K (High Risk),0.85,17,11,4,15,2750,54.1,18,14.7,4.5,30,18,0.6,11,6,5,1,1,4.9,2.4,10.0,7.1,3.0,0.413,0
SAH-01576,46,Male,Head Constable,AR,22,Divorced,1,J&K (High Risk),0.85,9,1,6,9,1548,49.7,10,23.0,8.3,30,20,0.667,11,4,2,0,8,6.6,5.0,10.0,3.9,4.9,0.395,0
SAH-01577,28,Male,SI,CRPF,4,Married,1,Training Center (Low),0.2,22,3,4,19,667,49.5,17,27.5,5.5,30,14,0.467,11,5,2,0,7,5.7,3.1,7.7,5.1,3.4,0.363,0
SAH-01578,56,Male,DIG,AR,33,Married,4,HQ / Admin (Low),0.15,31,12,0,30,2877,35.0,12,12.7,8.0,30,10,0.333,7,11,5,0,4,5.0,2.4,1.9,6.1,5.6,0.41,0
SAH-01579,50,Male,Constable,AR,32,Married,2,Naxal Belt (High Risk),0.82,34,9,7,36,507,60.8,13,16.3,5.2,30,30,1.0,2,7,1,0,8,7.2,3.2,7.0,6.1,6.8,0.527,1
SAH-01580,43,Female,Constable,BSF,19,Married,2,Urban Posting (Low),0.25,24,12,6,29,2737,55.2,11,30.0,5.0,30,5,0.167,10,11,3,0,4,6.8,1.9,5.1,6.7,4.1,0.546,1
SAH-01581,34,Male,SI,CRPF,11,Married,4,J&K (High Risk),0.85,9,5,5,6,1286,66.4,14,19.1,6.7,30,7,0.233,6,8,7,1,12,8.4,4.6,9.5,2.8,5.4,0.425,0
SAH-01582,34,Male,Constable,SSB,14,Married,5,Northeast (High Risk),0.8,2,5,0,3,2760,45.3,7,16.1,6.1,30,12,0.4,9,7,2,0,10,6.3,2.6,6.5,4.8,4.6,0.428,0
SAH-01583,22,Male,Constable,NSG,1,Single,1,Urban Posting (Low),0.25,21,8,3,19,1010,67.1,1,16.7,4.4,30,30,1.0,5,11,3,0,10,5.9,1.4,5.1,6.3,3.0,0.284,0
SAH-01584,57,Male,Constable,AR,33,Married,2,J&K (High Risk),0.85,34,11,1,37,1554,49.7,7,19.7,7.8,30,19,0.633,14,0,1,0,19,5.1,3.2,7.2,2.9,5.7,0.692,1
SAH-01585,25,Male,Constable,CRPF,7,Married,2,Border Area (Moderate),0.55,27,11,4,27,229,45.1,4,5.2,3.6,30,14,0.467,6,10,0,0,11,6.5,4.0,9.1,9.0,6.0,0.421,0
SAH-01586,34,Female,SI,AR,11,Married,5,Urban Posting (Low),0.25,7,13,5,8,2635,70.5,1,21.1,6.7,45,22,0.489,10,3,5,0,18,3.9,3.7,4.9,2.4,3.0,0.434,0
SAH-01587,45,Male,Constable,BSF,22,Married,1,Urban Posting (Low),0.25,22,2,1,26,2624,56.4,9,18.5,6.6,45,42,0.933,6,4,7,0,12,8.2,1.6,8.0,3.2,6.7,0.324,0
SAH-01588,40,Male,Head Constable,RPF,20,Married,4,Border Area (Moderate),0.55,4,13,6,2,2119,72.1,9,23.7,7.6,45,5,0.111,9,8,6,1,8,7.3,2.1,2.7,4.1,7.5,0.513,1
SAH-01589,22,Male,ASI,CISF,1,Married,5,Border Area (Moderate),0.55,14,7,6,13,1418,54.0,3,19.0,7.7,45,5,0.111,0,5,1,0,3,6.4,1.0,6.3,3.8,3.2,0.427,0
SAH-01590,26,Male,Head Constable,CRPF,4,Single,1,Border Area (Moderate),0.55,34,9,0,35,2674,61.7,3,23.2,5.1,30,4,0.133,3,5,1,0,6,5.2,3.7,3.7,6.5,7.8,0.511,1
SAH-01591,37,Male,Constable,ITBP,16,Married,3,J&K (High Risk),0.85,23,7,4,23,812,64.3,7,7.6,5.6,60,34,0.567,3,2,7,0,4,9.3,3.5,4.8,5.7,5.0,0.345,0
SAH-01592,45,Male,SI,CISF,27,Single,0,Urban Posting (Low),0.25,25,12,6,26,971,48.6,5,10.2,5.4,30,20,0.667,4,11,4,2,6,4.9,3.6,8.9,3.7,4.9,0.407,0
SAH-01593,48,Female,Constable,AR,26,Single,0,J&K (High Risk),0.85,1,5,0,0,3142,56.2,14,16.2,9.0,30,21,0.7,13,1,1,0,7,4.3,2.6,5.8,9.6,8.3,0.299,0
SAH-01594,22,Male,SI,ITBP,2,Married,1,J&K (High Risk),0.85,15,13,0,20,794,53.9,17,9.0,6.8,30,24,0.8,9,1,2,1,13,5.4,1.1,5.0,7.0,6.7,0.521,1
SAH-01595,55,Male,Dy. Commandant,ITBP,37,Married,3,Border Area (Moderate),0.55,32,6,2,36,1481,62.0,7,21.8,7.6,60,17,0.283,4,6,6,2,9,7.7,2.2,8.8,6.0,3.8,0.512,1
SAH-01596,57,Male,Head Constable,ITBP,35,Married,4,Training Center (Low),0.2,14,4,5,16,1560,39.2,19,3.7,5.0,60,21,0.35,7,4,0,0,5,8.9,4.1,7.7,6.9,4.0,0.229,0
SAH-01597,25,Male,ASI,CRPF,3,Single,1,J&K (High Risk),0.85,21,14,0,18,1489,59.2,6,13.7,3.2,45,15,0.333,3,11,3,0,4,8.1,3.4,2.8,6.3,5.7,0.362,0
SAH-01598,21,Male,Head Constable,SSB,1,Divorced,2,J&K (High Risk),0.85,7,12,3,7,1345,63.0,19,10.5,3.6,30,7,0.233,12,9,4,0,14,3.4,1.3,6.4,5.9,5.6,0.471,0
SAH-01599,32,Male,Head Constable,AR,14,Married,1,J&K (High Risk),0.85,21,7,6,24,3326,43.8,16,9.1,7.5,60,20,0.333,0,0,6,0,15,5.9,2.7,6.6,6.5,4.9,0.516,1
SAH-01600,56,Male,Inspector,CISF,36,Married,1,Naxal Belt (High Risk),0.82,12,1,0,13,3419,41.4,18,4.0,4.0,30,21,0.7,14,11,5,1,1,5.0,3.6,8.1,5.4,3.6,0.297,0
SAH-01601,43,Male,Dy. Commandant,BSF,23,Married,3,Border Area (Moderate),0.55,15,4,4,15,2769,35.0,1,15.3,10.0,45,20,0.444,4,4,2,0,14,6.8,2.9,5.9,6.8,3.9,0.513,1
SAH-01602,51,Male,Head Constable,SSB,33,Married,4,Northeast (High Risk),0.8,15,3,6,20,3229,76.9,11,14.3,4.7,60,52,0.867,0,10,0,2,7,5.4,1.6,10.0,5.7,5.0,0.455,0
SAH-01603,31,Male,ASI,AR,13,Married,4,Training Center (Low),0.2,17,13,7,21,686,43.2,18,30.2,6.2,45,28,0.622,11,0,6,0,12,7.6,2.5,7.1,4.9,1.8,0.557,1
SAH-01604,30,Male,Dy. Commandant,RPF,7,Single,0,Urban Posting (Low),0.25,34,4,7,33,1073,69.0,4,34.9,6.2,30,9,0.3,2,8,3,0,16,5.1,2.3,3.3,8.8,6.0,0.456,0
SAH-01605,23,Male,Commandant,RPF,4,Single,0,Urban Posting (Low),0.25,35,1,6,37,201,49.5,11,6.5,5.9,45,25,0.556,14,7,0,0,14,4.3,3.0,5.8,5.7,5.5,0.347,0
SAH-01606,34,Male,Head Constable,CRPF,13,Married,2,Border Area (Moderate),0.55,14,12,3,14,62,65.2,16,0.0,3.1,30,20,0.667,7,3,2,0,13,8.6,3.3,8.7,5.0,3.1,0.282,0
SAH-01607,36,Male,Head Constable,ITBP,18,Married,2,Naxal Belt (High Risk),0.82,5,13,0,8,764,59.0,4,5.4,6.0,30,28,0.933,9,10,5,0,18,5.9,2.3,5.9,3.8,6.0,0.408,0
SAH-01608,30,Male,Constable,BSF,12,Married,3,Naxal Belt (High Risk),0.82,30,2,3,27,3200,77.2,1,14.5,6.0,45,42,0.933,14,0,5,0,12,7.8,3.6,6.7,3.5,1.6,0.4,0
SAH-01609,49,Male,Commandant,AR,30,Married,2,Border Area (Moderate),0.55,4,12,0,1,3003,69.3,3,24.0,4.9,30,15,0.5,4,10,0,0,6,3.7,4.6,6.4,5.6,5.7,0.296,0
SAH-01610,30,Male,Constable,CISF,11,Married,4,J&K (High Risk),0.85,15,11,5,17,3290,54.6,5,11.1,9.2,30,22,0.733,6,7,1,2,7,4.1,5.0,1.6,4.8,6.8,0.357,0
SAH-01611,32,Male,ASI,AR,10,Married,4,Urban Posting (Low),0.25,35,13,3,38,298,55.7,8,19.6,2.2,45,17,0.378,13,4,0,0,6,3.5,2.1,5.7,4.0,5.8,0.429,0
SAH-01612,50,Male,Constable,SSB,26,Married,1,Naxal Belt (High Risk),0.82,10,9,1,15,1194,60.1,9,8.6,2.5,45,32,0.711,0,0,1,0,18,4.5,3.1,5.6,8.1,6.2,0.468,0
SAH-01613,21,Male,Constable,RPF,1,Single,0,Northeast (High Risk),0.8,2,7,2,5,436,84.2,10,11.1,7.0,30,30,1.0,5,1,6,0,14,4.6,1.2,9.8,7.6,6.3,0.327,0
SAH-01614,25,Male,Head Constable,NSG,4,Married,2,Northeast (High Risk),0.8,24,13,3,29,488,52.8,1,16.3,5.3,30,21,0.7,11,4,5,1,6,4.5,2.5,9.2,3.5,5.8,0.479,0
SAH-01615,40,Male,IG,SSB,18,Married,1,Northeast (High Risk),0.8,28,6,4,33,3393,36.5,8,14.9,3.7,60,24,0.4,13,8,2,0,16,5.9,4.3,4.1,4.8,4.9,0.47,0
SAH-01616,28,Male,Constable,AR,10,Married,5,HQ / Admin (Low),0.15,22,2,7,26,2397,54.9,19,14.7,5.9,30,22,0.733,7,9,4,0,17,4.0,1.0,3.5,2.3,4.4,0.556,1
SAH-01617,32,Male,ASI,BSF,13,Divorced,5,J&K (High Risk),0.85,32,1,2,35,770,44.3,16,6.3,7.4,45,45,1.0,5,7,1,2,18,4.5,2.6,7.9,4.5,7.3,0.52,1
SAH-01618,21,Male,Constable,AR,1,Divorced,2,Training Center (Low),0.2,31,2,2,30,522,54.5,8,24.8,2.2,60,14,0.233,3,10,7,2,2,6.4,3.0,6.5,4.1,6.2,0.398,0
SAH-01619,40,Male,Constable,AR,20,Widowed,2,Border Area (Moderate),0.55,19,7,0,18,3279,65.8,7,24.7,6.9,45,26,0.578,10,9,7,0,6,9.9,1.4,6.8,5.2,7.4,0.361,0
SAH-01620,48,Male,Head Constable,CRPF,26,Married,2,Training Center (Low),0.2,21,2,3,22,1056,58.0,4,24.9,6.2,30,12,0.4,7,7,7,2,9,7.0,3.4,4.2,3.7,7.0,0.358,0
SAH-01621,57,Male,Head Constable,CISF,34,Married,4,Border Area (Moderate),0.55,3,3,5,6,682,44.9,4,9.6,5.0,30,10,0.333,14,8,5,0,6,6.8,3.3,6.4,2.0,2.7,0.298,0
SAH-01622,57,Male,Constable,BSF,37,Married,2,HQ / Admin (Low),0.15,6,8,6,9,3348,49.6,5,16.0,6.0,45,22,0.489,7,1,6,1,10,5.5,2.4,5.1,4.4,3.7,0.435,0
SAH-01623,32,Male,Head Constable,AR,8,Married,5,Northeast (High Risk),0.8,32,7,2,29,2518,39.2,15,10.8,6.0,45,22,0.489,13,6,0,0,2,2.0,3.6,4.2,8.0,1.3,0.557,1
SAH-01624,57,Male,Constable,ITBP,33,Widowed,2,Border Area (Moderate),0.55,2,12,4,6,3053,67.3,0,7.2,6.6,45,13,0.289,13,9,5,0,8,5.6,2.2,5.8,4.2,1.9,0.378,0
SAH-01625,48,Male,Head Constable,CISF,25,Married,3,J&K (High Risk),0.85,24,11,7,21,3070,61.8,8,17.3,3.5,30,15,0.5,5,4,0,3,3,4.0,3.5,6.1,9.4,1.4,0.509,1
SAH-01626,35,Female,Commandant,SSB,16,Widowed,5,Naxal Belt (High Risk),0.82,27,11,5,27,73,38.9,6,0.0,7.7,30,22,0.733,7,2,0,0,7,8.0,3.0,4.0,3.8,1.0,0.493,0
SAH-01627,26,Male,Commandant,BSF,4,Married,3,Border Area (Moderate),0.55,9,14,7,7,587,82.3,10,21.8,7.5,30,3,0.1,11,9,5,0,11,9.1,3.2,5.7,5.7,4.5,0.484,0
SAH-01628,40,Female,Head Constable,SSB,18,Divorced,5,Border Area (Moderate),0.55,13,11,7,14,2874,49.4,14,5.7,7.5,45,45,1.0,5,7,2,0,7,4.2,2.8,5.1,6.1,7.3,0.389,0
SAH-01629,34,Male,ASI,RPF,10,Widowed,1,Naxal Belt (High Risk),0.82,14,9,5,16,2735,55.5,4,12.5,2.0,45,17,0.378,14,1,3,0,14,6.0,1.7,6.1,3.4,5.7,0.513,1
SAH-01630,22,Male,Dy. Commandant,AR,2,Married,5,J&K (High Risk),0.85,11,12,4,11,2030,47.9,18,0.0,7.8,30,21,0.7,3,3,0,0,13,3.3,1.6,5.7,2.2,6.4,0.502,1
SAH-01631,29,Male,Constable,SSB,6,Single,1,Urban Posting (Low),0.25,14,4,6,14,1860,57.0,5,29.5,4.8,45,17,0.378,10,11,0,0,4,7.7,2.2,9.8,7.7,5.1,0.314,0
SAH-01632,57,Female,Inspector,SSB,38,Single,1,Border Area (Moderate),0.55,16,7,4,19,589,53.1,13,20.3,6.6,45,22,0.489,11,4,1,3,16,8.5,2.5,7.0,7.7,5.3,0.445,0
SAH-01633,40,Male,Commandant,CRPF,22,Married,3,J&K (High Risk),0.85,10,1,0,10,3000,35.2,19,15.7,1.5,60,38,0.633,5,4,4,0,19,7.1,3.3,5.5,8.3,6.6,0.363,0
SAH-01634,46,Male,Constable,SSB,24,Married,5,HQ / Admin (Low),0.15,20,11,7,18,3249,66.1,13,9.5,4.1,30,21,0.7,14,3,5,1,10,6.6,3.0,8.5,3.9,4.7,0.52,1
SAH-01635,49,Male,Constable,ITBP,31,Married,5,HQ / Admin (Low),0.15,16,11,1,16,3215,42.1,10,6.5,7.2,30,26,0.867,8,2,0,0,14,5.9,2.5,2.3,6.2,5.3,0.373,0
SAH-01636,21,Male,Commandant,ITBP,2,Widowed,4,Training Center (Low),0.2,34,2,6,37,1776,63.0,3,13.4,6.6,30,26,0.867,7,2,6,0,12,7.0,1.0,7.6,5.6,4.2,0.446,0
SAH-01637,55,Male,ASI,CISF,31,Married,1,Training Center (Low),0.2,16,7,3,13,470,49.2,9,17.4,3.3,45,27,0.6,14,4,2,0,3,5.5,2.3,6.9,5.3,2.6,0.417,0
SAH-01638,26,Male,Constable,AR,4,Single,0,J&K (High Risk),0.85,14,2,2,14,3393,52.8,1,13.2,6.9,45,7,0.156,13,11,3,1,12,5.3,1.8,7.1,4.7,4.7,0.534,1
SAH-01639,57,Male,Constable,NSG,35,Single,0,HQ / Admin (Low),0.15,28,6,3,30,533,57.8,3,19.2,3.9,45,29,0.644,6,9,3,0,12,8.5,4.7,5.5,7.1,2.6,0.392,0
SAH-01640,25,Male,Head Constable,RPF,2,Single,1,Naxal Belt (High Risk),0.82,18,13,5,22,1078,53.6,19,29.8,5.0,30,17,0.567,4,5,6,0,10,7.6,3.1,8.2,10.0,6.8,0.423,0
SAH-01641,53,Male,SI,SSB,35,Married,5,J&K (High Risk),0.85,26,10,2,30,2254,60.9,9,6.4,3.2,45,14,0.311,12,0,7,0,4,4.9,4.6,7.2,6.1,6.0,0.444,0
SAH-01642,34,Male,SI,SSB,10,Married,5,Training Center (Low),0.2,7,12,6,12,101,43.5,0,16.9,6.2,30,3,0.1,6,10,3,2,13,9.6,3.1,8.2,5.9,8.0,0.301,0
SAH-01643,32,Male,IG,BSF,9,Single,0,Northeast (High Risk),0.8,34,9,0,35,292,64.4,13,28.9,7.7,45,18,0.4,0,3,7,0,2,4.6,4.9,4.7,4.2,3.4,0.437,0
SAH-01644,40,Female,Constable,CRPF,19,Married,1,Border Area (Moderate),0.55,7,11,7,5,1736,39.6,17,12.5,7.3,30,10,0.333,7,9,2,0,17,9.9,3.3,8.7,6.8,2.3,0.447,0
SAH-01645,44,Male,ASI,NSG,26,Single,1,J&K (High Risk),0.85,33,5,7,32,2871,41.0,11,13.9,3.7,30,17,0.567,4,9,3,2,2,3.4,3.4,5.4,1.0,1.9,0.51,1
SAH-01646,54,Male,ASI,CISF,36,Married,4,Border Area (Moderate),0.55,35,10,3,33,2517,58.9,18,18.7,5.4,30,25,0.833,6,5,5,0,5,5.7,4.9,3.6,4.8,8.1,0.387,0
SAH-01647,45,Male,Head Constable,RPF,24,Married,3,Border Area (Moderate),0.55,21,7,0,26,1890,64.6,11,20.4,2.4,30,16,0.533,6,1,3,2,7,6.9,2.3,10.0,6.2,4.2,0.461,0
SAH-01648,49,Male,Constable,NSG,30,Married,3,Naxal Belt (High Risk),0.82,28,13,0,30,474,55.4,4,23.4,8.2,30,30,1.0,7,9,1,2,16,6.7,2.3,8.2,6.0,2.0,0.575,1
SAH-01649,51,Male,DIG,SSB,32,Married,1,J&K (High Risk),0.85,32,1,6,29,2177,69.9,3,15.9,5.5,30,9,0.3,6,4,3,0,0,6.4,3.1,10.0,5.3,5.9,0.577,1
SAH-01650,43,Male,Inspector,BSF,21,Divorced,4,Border Area (Moderate),0.55,16,8,3,15,744,42.0,12,8.6,6.8,30,9,0.3,5,10,1,0,6,8.5,5.0,6.5,1.8,4.3,0.379,0
SAH-01651,40,Male,Head Constable,AR,20,Married,5,Border Area (Moderate),0.55,10,9,3,13,403,38.0,17,19.5,5.9,30,21,0.7,11,8,7,0,17,6.9,2.6,8.5,8.5,3.1,0.284,0
SAH-01652,43,Male,ASI,CRPF,20,Married,1,Northeast (High Risk),0.8,23,13,6,26,1739,62.1,11,7.3,4.2,45,44,0.978,5,2,1,3,3,7.0,3.3,9.0,6.0,8.0,0.337,0
SAH-01653,36,Male,Constable,AR,16,Married,1,HQ / Admin (Low),0.15,15,5,6,16,342,53.5,15,17.7,4.4,30,23,0.767,4,2,7,0,9,4.8,3.9,5.8,5.5,4.7,0.386,0
SAH-01654,28,Male,ASI,CISF,6,Married,4,Naxal Belt (High Risk),0.82,6,6,2,5,766,61.7,5,15.6,6.4,60,46,0.767,4,8,1,1,4,7.6,4.6,3.3,8.0,6.1,0.418,0
SAH-01655,41,Male,SI,NSG,21,Divorced,2,Training Center (Low),0.2,33,13,5,36,3237,39.7,6,15.4,8.8,60,54,0.9,3,2,2,0,7,5.1,3.9,7.3,7.9,5.9,0.395,0
SAH-01656,21,Female,Head Constable,CISF,3,Married,1,J&K (High Risk),0.85,12,11,5,13,578,46.7,8,14.3,4.8,30,23,0.767,6,3,0,0,12,8.3,4.5,7.1,5.1,10.0,0.409,0
SAH-01657,28,Male,IG,SSB,10,Married,3,Naxal Belt (High Risk),0.82,31,8,6,33,529,72.9,9,23.0,7.8,30,25,0.833,12,11,4,0,16,8.9,3.8,7.2,5.0,4.6,0.572,1
SAH-01658,49,Male,ASI,CISF,28,Single,1,J&K (High Risk),0.85,10,4,4,9,3409,49.6,4,19.9,7.3,30,28,0.933,11,8,6,0,3,6.2,3.1,6.5,6.4,3.0,0.527,1
SAH-01659,52,Male,Head Constable,AR,31,Married,5,Naxal Belt (High Risk),0.82,34,2,0,36,526,69.1,3,20.6,4.9,45,4,0.089,10,3,6,0,9,7.0,1.9,5.5,8.0,3.6,0.428,0
SAH-01660,25,Male,SI,BSF,3,Married,1,J&K (High Risk),0.85,10,10,7,13,74,61.3,10,11.3,7.7,45,44,0.978,13,4,5,0,7,6.6,2.5,5.3,7.5,7.0,0.373,0
SAH-01661,42,Male,Constable,CISF,20,Single,0,Naxal Belt (High Risk),0.82,11,8,5,15,2528,48.6,18,1.9,7.5,30,9,0.3,2,1,5,0,9,5.9,2.6,7.9,3.6,5.5,0.486,0
SAH-01662,54,Male,Head Constable,ITBP,30,Married,1,Naxal Belt (High Risk),0.82,14,2,1,12,3399,68.9,6,11.8,1.2,30,30,1.0,4,7,3,0,12,5.6,3.3,1.0,3.3,4.1,0.479,0
SAH-01663,21,Male,Head Constable,BSF,1,Married,4,Northeast (High Risk),0.8,3,5,6,1,2414,55.9,12,18.5,6.9,45,16,0.356,14,8,7,0,11,3.7,3.5,3.1,3.8,5.7,0.412,0
SAH-01664,46,Male,Head Constable,NSG,28,Single,1,Border Area (Moderate),0.55,33,13,6,35,687,52.2,12,15.3,8.1,30,16,0.533,2,9,4,0,12,4.7,4.9,2.8,6.6,7.7,0.526,1
SAH-01665,30,Male,SI,CRPF,10,Married,2,HQ / Admin (Low),0.15,7,6,2,11,2455,51.0,17,11.5,3.2,60,60,1.0,7,3,0,0,9,6.2,1.0,2.5,4.7,8.3,0.311,0
SAH-01666,50,Male,Head Constable,CRPF,27,Married,3,Northeast (High Risk),0.8,4,5,6,5,1349,57.3,8,16.8,2.9,30,6,0.2,14,2,1,0,0,8.9,3.0,6.2,6.5,5.7,0.422,0
SAH-01667,38,Male,Inspector,SSB,14,Single,1,Urban Posting (Low),0.25,10,6,2,7,739,38.5,12,12.9,5.9,30,25,0.833,4,3,1,1,8,6.7,4.9,7.6,2.9,7.3,0.204,0
SAH-01668,37,Male,ASI,SSB,13,Married,3,Urban Posting (Low),0.25,15,6,4,12,393,62.8,12,15.4,8.7,30,14,0.467,14,6,6,0,2,8.3,1.6,7.5,3.8,2.2,0.274,0
SAH-01669,46,Male,Head Constable,ITBP,22,Married,5,Border Area (Moderate),0.55,16,3,4,21,1504,57.3,4,0.0,3.3,45,5,0.111,10,0,1,3,16,2.5,2.3,4.1,6.5,6.2,0.527,1
SAH-01670,28,Male,Inspector,NSG,6,Married,4,Training Center (Low),0.2,4,11,6,4,2656,45.1,11,21.1,2.3,30,30,1.0,12,10,7,0,9,8.7,3.5,3.1,2.4,4.6,0.431,0
SAH-01671,32,Male,Constable,AR,10,Married,2,HQ / Admin (Low),0.15,4,11,0,1,761,36.8,0,19.9,4.6,30,6,0.2,9,10,6,1,18,7.3,3.9,6.8,9.1,2.7,0.269,0
SAH-01672,47,Male,Constable,CRPF,29,Married,3,Naxal Belt (High Risk),0.82,27,3,2,31,2660,49.0,17,31.9,4.3,30,26,0.867,5,1,1,0,5,8.1,1.6,7.5,7.7,3.1,0.57,1
SAH-01673,28,Male,Head Constable,CRPF,5,Married,1,Urban Posting (Low),0.25,22,9,2,20,488,55.0,16,9.3,2.2,30,14,0.467,0,9,7,0,6,2.1,4.5,7.7,8.3,3.4,0.253,0
SAH-01674,45,Male,Constable,CRPF,27,Divorced,1,Urban Posting (Low),0.25,22,3,1,20,3391,53.9,9,11.0,4.3,45,40,0.889,13,4,3,0,10,5.2,3.6,3.7,7.0,5.6,0.326,0
SAH-01675,24,Male,Constable,AR,1,Married,1,Naxal Belt (High Risk),0.82,17,3,0,14,1504,53.8,8,16.4,6.2,30,25,0.833,10,8,0,0,15,3.9,1.6,8.2,1.8,2.8,0.528,1
SAH-01676,53,Male,ASI,CRPF,35,Single,0,Naxal Belt (High Risk),0.82,34,11,0,31,3142,60.1,19,14.7,9.2,45,32,0.711,3,5,6,0,3,7.4,4.2,6.9,7.7,6.4,0.507,1
SAH-01677,21,Male,Head Constable,CISF,1,Married,2,HQ / Admin (Low),0.15,32,14,5,37,192,38.2,7,27.6,6.6,30,30,1.0,8,2,0,0,3,7.0,4.0,4.5,7.0,6.9,0.304,0
SAH-01678,39,Male,Head Constable,NSG,17,Widowed,2,Urban Posting (Low),0.25,6,2,4,3,1833,51.2,14,11.7,7.1,30,5,0.167,14,2,6,0,17,7.9,3.0,5.2,4.8,4.8,0.413,0
SAH-01679,51,Male,Commandant,BSF,32,Single,1,J&K (High Risk),0.85,33,7,5,35,917,55.6,12,13.8,3.3,45,40,0.889,14,6,6,0,17,5.2,2.5,4.7,4.6,4.6,0.511,1
SAH-01680,36,Male,ASI,BSF,17,Divorced,3,J&K (High Risk),0.85,8,10,7,11,2450,57.5,16,10.5,5.3,45,34,0.756,4,2,0,1,6,7.6,1.8,4.9,7.1,5.3,0.463,0
SAH-01681,34,Male,Inspector,ITBP,12,Divorced,4,HQ / Admin (Low),0.15,5,10,0,5,1538,62.8,8,27.2,5.1,45,18,0.4,14,9,4,0,10,6.0,2.6,8.7,2.3,4.0,0.366,0
SAH-01682,25,Male,Constable,CISF,1,Single,2,J&K (High Risk),0.85,5,4,6,6,3114,49.6,10,18.9,6.2,30,19,0.633,0,2,5,0,4,8.3,4.0,7.5,7.3,7.9,0.448,0
SAH-01683,46,Female,ASI,CRPF,24,Divorced,3,Urban Posting (Low),0.25,10,1,1,10,517,52.6,3,27.6,6.7,60,44,0.733,14,9,6,0,17,7.4,1.3,4.3,4.2,1.0,0.318,0
SAH-01684,48,Female,Inspector,CRPF,26,Married,2,Northeast (High Risk),0.8,7,6,6,7,1537,43.1,6,38.3,7.4,30,25,0.833,3,11,1,0,6,4.5,2.2,5.6,5.8,4.2,0.46,0
SAH-01685,22,Male,ASI,SSB,1,Married,1,J&K (High Risk),0.85,12,5,6,9,926,56.7,19,8.9,5.6,30,8,0.267,11,6,2,0,1,6.6,3.3,7.7,5.9,1.9,0.531,1
SAH-01686,26,Female,SI,SSB,2,Married,4,J&K (High Risk),0.85,30,14,0,32,1467,41.6,2,23.6,4.5,30,6,0.2,5,8,7,0,4,3.2,3.7,2.4,2.8,6.2,0.614,1
SAH-01687,29,Female,Head Constable,ITBP,6,Married,5,Naxal Belt (High Risk),0.82,25,11,5,28,968,58.9,9,12.9,7.9,30,6,0.2,6,8,5,0,4,8.4,3.7,7.7,2.3,5.4,0.576,1
SAH-01688,53,Male,Constable,CRPF,33,Married,2,J&K (High Risk),0.85,28,2,3,31,1859,66.2,2,9.5,7.0,45,17,0.378,6,2,0,0,18,7.3,2.2,10.0,6.0,6.5,0.534,1
SAH-01689,45,Male,Head Constable,ITBP,26,Married,2,Border Area (Moderate),0.55,13,6,6,17,1826,57.6,0,3.3,6.7,30,7,0.233,7,7,7,0,1,7.4,2.9,7.1,5.4,5.3,0.254,0
SAH-01690,33,Male,Head Constable,CISF,12,Single,0,Border Area (Moderate),0.55,22,1,6,25,1131,67.4,13,32.0,5.4,60,38,0.633,4,0,4,3,18,7.8,2.5,6.1,6.1,5.8,0.497,0
SAH-01691,29,Male,Inspector,BSF,10,Married,2,Naxal Belt (High Risk),0.82,18,3,3,20,1199,46.6,12,23.0,7.9,30,16,0.533,5,11,3,3,4,6.4,3.3,3.5,3.5,3.3,0.592,1
SAH-01692,33,Male,Constable,CRPF,14,Single,1,Urban Posting (Low),0.25,27,4,1,31,890,37.6,4,13.2,3.0,45,44,0.978,10,7,7,0,11,3.1,3.6,1.9,7.3,5.3,0.285,0
SAH-01693,51,Male,Commandant,NSG,27,Married,4,Border Area (Moderate),0.55,8,13,4,7,2975,50.1,7,20.0,7.3,45,36,0.8,10,10,1,0,12,7.9,2.8,5.5,7.9,3.4,0.352,0
SAH-01694,31,Female,Commandant,AR,13,Married,3,Naxal Belt (High Risk),0.82,6,3,2,11,2149,44.6,11,0.5,7.3,60,18,0.3,1,1,4,0,19,4.5,3.1,7.5,4.9,6.2,0.528,1
SAH-01695,24,Male,Constable,CISF,2,Married,1,Naxal Belt (High Risk),0.82,11,13,0,10,1061,46.1,5,14.2,3.7,30,4,0.133,13,3,5,0,6,4.4,3.0,6.2,3.2,3.1,0.5,1
SAH-01696,54,Male,Head Constable,CRPF,32,Married,4,Naxal Belt (High Risk),0.82,29,6,5,29,863,35.0,1,8.9,4.1,60,48,0.8,11,6,7,0,1,7.5,1.4,9.0,4.4,4.0,0.327,0
SAH-01697,24,Male,Dy. Commandant,AR,2,Single,0,HQ / Admin (Low),0.15,5,11,7,7,2366,54.1,3,26.6,2.9,60,56,0.933,9,5,2,0,13,5.0,4.3,7.2,6.1,4.8,0.284,0
SAH-01698,39,Male,Commandant,NSG,21,Single,0,Urban Posting (Low),0.25,7,4,4,11,2193,52.3,4,27.1,6.5,60,48,0.8,11,11,2,0,4,6.3,4.0,4.9,6.4,8.1,0.322,0
SAH-01699,26,Female,Head Constable,SSB,2,Single,2,Naxal Belt (High Risk),0.82,22,14,5,21,322,62.1,10,22.1,1.0,60,44,0.733,1,8,3,1,19,7.5,1.2,9.0,9.4,5.1,0.536,1
SAH-01700,54,Male,Head Constable,ITBP,34,Married,2,Urban Posting (Low),0.25,4,1,4,6,3444,58.6,12,22.6,5.9,60,20,0.333,13,7,0,1,11,7.4,5.0,7.7,7.1,9.0,0.464,0
SAH-01701,38,Male,ASI,SSB,18,Divorced,4,Naxal Belt (High Risk),0.82,32,5,0,33,1766,49.9,7,9.8,4.0,45,26,0.578,2,1,0,3,3,8.2,3.4,3.3,5.0,7.8,0.486,0
SAH-01702,33,Male,SI,BSF,9,Single,0,J&K (High Risk),0.85,19,5,2,20,2230,63.0,4,20.7,3.5,45,37,0.822,3,3,4,0,16,4.9,3.5,4.5,6.6,4.4,0.364,0
SAH-01703,43,Male,Constable,SSB,22,Divorced,2,Border Area (Moderate),0.55,33,9,0,34,3025,62.6,5,4.0,1.7,45,13,0.289,5,0,6,2,15,5.4,2.5,5.5,6.2,5.8,0.436,0
SAH-01704,39,Male,SI,CRPF,19,Married,2,Urban Posting (Low),0.25,1,8,2,6,2186,46.2,14,2.9,3.7,45,25,0.556,5,6,5,0,9,6.7,3.1,10.0,5.6,6.1,0.167,0
SAH-01705,31,Male,Constable,NSG,7,Married,2,Naxal Belt (High Risk),0.82,8,8,5,11,2782,54.4,15,14.2,8.4,45,9,0.2,2,3,4,0,2,3.4,3.5,8.0,8.8,1.0,0.353,0
SAH-01706,21,Male,Constable,SSB,1,Married,1,Training Center (Low),0.2,32,5,1,37,2921,70.1,10,19.2,4.1,60,37,0.617,0,7,5,2,0,4.4,4.8,4.4,4.2,1.6,0.58,1
SAH-01707,44,Male,Head Constable,CRPF,22,Married,3,Naxal Belt (High Risk),0.82,30,8,2,35,54,55.9,6,19.8,6.3,30,20,0.667,2,1,0,2,5,4.2,1.9,10.0,6.7,5.9,0.451,0
SAH-01708,27,Male,Head Constable,BSF,4,Single,1,Naxal Belt (High Risk),0.82,28,14,7,30,406,42.1,5,4.9,3.3,45,28,0.622,3,7,0,1,2,1.8,4.1,8.1,6.7,6.0,0.439,0
SAH-01709,45,Male,Head Constable,AR,21,Married,2,HQ / Admin (Low),0.15,32,10,4,34,1416,38.5,11,2.6,7.6,30,17,0.567,8,1,4,0,18,4.9,2.6,4.1,9.1,5.3,0.405,0
SAH-01710,41,Male,Head Constable,NSG,22,Married,1,Border Area (Moderate),0.55,25,7,1,25,253,35.0,3,11.4,6.7,30,20,0.667,9,10,1,0,6,6.0,4.4,5.9,1.4,2.8,0.422,0
SAH-01711,35,Male,Head Constable,SSB,15,Married,1,Training Center (Low),0.2,34,1,5,38,1646,35.0,13,8.0,5.0,30,30,1.0,7,7,5,0,8,6.3,1.5,5.5,7.9,9.8,0.41,0
SAH-01712,21,Male,Constable,ITBP,1,Married,5,Training Center (Low),0.2,33,12,3,31,2568,46.2,10,19.9,6.0,30,21,0.7,12,0,5,1,11,5.1,2.9,4.8,3.3,6.1,0.376,0
SAH-01713,32,Male,Head Constable,ITBP,14,Single,0,HQ / Admin (Low),0.15,13,7,1,14,2561,49.9,11,6.9,6.1,60,51,0.85,3,1,7,0,13,4.3,1.0,9.1,2.4,7.0,0.406,0
SAH-01714,27,Male,DIG,NSG,6,Married,2,J&K (High Risk),0.85,25,11,2,22,546,40.3,1,30.6,3.5,30,8,0.267,6,4,2,0,0,5.8,2.3,6.2,3.6,6.9,0.38,0
SAH-01715,35,Male,Head Constable,ITBP,12,Married,4,Northeast (High Risk),0.8,10,8,7,8,751,43.8,10,17.9,3.9,45,28,0.622,12,0,7,0,12,5.0,2.5,8.4,2.5,5.3,0.308,0
SAH-01716,41,Male,Head Constable,SSB,23,Married,1,Urban Posting (Low),0.25,31,3,1,28,886,40.6,12,13.8,7.3,30,3,0.1,12,11,2,0,1,1.3,3.4,6.3,7.9,5.2,0.376,0
SAH-01717,39,Male,ASI,SSB,17,Married,1,Border Area (Moderate),0.55,11,9,7,13,112,35.0,10,5.8,8.6,60,7,0.117,8,4,3,2,2,4.3,1.4,5.8,8.7,6.8,0.435,0
SAH-01718,49,Male,DIG,NSG,30,Married,5,Border Area (Moderate),0.55,25,8,7,23,1629,50.0,8,4.4,5.8,45,19,0.422,1,4,2,0,10,6.6,4.7,5.3,4.1,4.0,0.476,0
SAH-01719,45,Male,Constable,SSB,24,Widowed,3,J&K (High Risk),0.85,34,2,5,34,288,60.0,15,12.4,6.9,30,16,0.533,2,6,5,0,4,6.0,4.8,6.5,5.1,6.9,0.529,1
SAH-01720,53,Male,SI,AR,35,Married,1,Northeast (High Risk),0.8,20,6,1,21,589,45.9,4,10.4,7.9,30,20,0.667,0,1,6,1,1,6.4,3.2,4.9,7.8,5.4,0.439,0
SAH-01721,52,Male,SI,CRPF,28,Married,2,Border Area (Moderate),0.55,7,4,5,10,247,65.6,11,1.1,4.9,30,29,0.967,7,1,4,0,13,7.2,1.7,6.4,8.8,6.2,0.264,0
SAH-01722,55,Male,ASI,BSF,35,Married,5,Northeast (High Risk),0.8,33,3,3,30,830,53.8,2,26.0,5.3,30,26,0.867,1,11,1,1,12,6.5,1.6,5.4,5.8,5.4,0.567,1
SAH-01723,46,Female,Constable,AR,26,Single,0,Northeast (High Risk),0.8,35,11,2,36,79,62.7,15,6.2,6.9,30,11,0.367,6,5,7,1,13,6.2,3.1,3.8,4.6,3.2,0.579,1
SAH-01724,31,Male,SI,AR,10,Single,0,J&K (High Risk),0.85,29,6,6,29,2763,52.4,18,17.8,9.9,60,50,0.833,6,10,4,0,2,5.2,2.2,5.8,2.7,4.7,0.549,1
SAH-01725,55,Male,Constable,ITBP,35,Single,0,J&K (High Risk),0.85,12,10,4,15,1282,60.1,16,18.5,7.0,45,29,0.644,10,9,0,0,7,4.6,4.3,2.9,3.1,7.4,0.462,0
SAH-01726,28,Male,ASI,CRPF,4,Married,3,Urban Posting (Low),0.25,5,13,1,8,1136,35.1,10,2.0,6.1,30,26,0.867,2,2,5,0,12,6.1,2.7,9.2,8.8,6.3,0.175,0
SAH-01727,34,Male,SI,NSG,16,Married,4,Urban Posting (Low),0.25,12,9,6,16,1130,62.1,18,11.9,4.3,60,30,0.5,1,7,0,0,11,4.0,3.5,7.5,3.1,7.2,0.423,0
SAH-01728,30,Male,Constable,RPF,12,Married,3,J&K (High Risk),0.85,29,2,0,29,1905,52.1,17,3.7,5.4,30,5,0.167,2,2,5,0,17,7.4,2.9,5.6,6.3,6.9,0.496,0
SAH-01729,22,Male,Inspector,ITBP,2,Married,2,Northeast (High Risk),0.8,35,10,4,35,3429,65.2,8,18.3,6.9,30,21,0.7,11,9,2,0,17,4.1,2.5,3.0,5.0,3.9,0.501,1
SAH-01730,29,Female,Constable,CRPF,9,Single,1,Border Area (Moderate),0.55,20,10,1,21,1648,49.0,12,15.5,6.7,45,29,0.644,7,3,1,0,16,8.8,2.2,6.5,4.8,1.9,0.414,0
SAH-01731,23,Female,Inspector,SSB,1,Married,4,Naxal Belt (High Risk),0.82,1,10,4,2,1678,72.9,5,14.4,4.3,30,30,1.0,11,6,5,0,6,5.9,1.9,7.0,2.4,6.7,0.363,0
SAH-01732,41,Male,Head Constable,NSG,22,Married,2,Training Center (Low),0.2,16,5,6,15,3228,58.4,2,8.4,8.1,30,7,0.233,8,0,3,0,12,8.3,2.6,7.3,5.1,4.7,0.436,0
SAH-01733,46,Male,Constable,RPF,25,Married,4,Urban Posting (Low),0.25,30,6,0,31,2697,41.1,11,24.4,8.1,30,22,0.733,10,0,4,0,12,3.9,3.1,5.0,8.8,6.4,0.419,0
SAH-01734,28,Male,Constable,NSG,10,Single,1,Training Center (Low),0.2,9,4,4,10,1067,65.5,8,12.0,5.3,45,25,0.556,7,8,7,0,5,9.3,3.2,6.9,5.5,7.8,0.258,0
SAH-01735,22,Female,Commandant,RPF,1,Single,1,Border Area (Moderate),0.55,10,7,6,14,3422,39.3,8,3.2,6.1,60,28,0.467,10,11,3,0,18,3.8,3.0,10.0,6.6,4.3,0.401,0
SAH-01736,26,Female,Constable,RPF,4,Divorced,3,Naxal Belt (High Risk),0.82,13,2,4,16,2717,38.6,14,7.4,4.2,45,40,0.889,1,5,3,0,18,5.9,2.8,5.5,2.6,3.5,0.463,0
SAH-01737,48,Male,Constable,ITBP,30,Married,2,Border Area (Moderate),0.55,20,7,0,24,1119,67.5,0,0.0,3.9,45,40,0.889,11,4,3,1,15,3.4,1.1,8.6,5.3,3.0,0.392,0
SAH-01738,49,Male,Head Constable,SSB,27,Single,0,J&K (High Risk),0.85,29,2,7,30,2174,56.0,17,9.8,6.2,45,36,0.8,12,1,3,0,2,6.0,4.2,6.5,5.1,5.0,0.419,0
SAH-01739,46,Male,ASI,ITBP,24,Married,4,J&K (High Risk),0.85,4,1,0,2,2826,52.9,14,7.7,3.9,30,5,0.167,8,1,4,2,13,5.7,1.5,6.2,5.3,2.2,0.494,0
SAH-01740,45,Male,ASI,RPF,22,Married,3,J&K (High Risk),0.85,28,11,0,32,1242,46.0,7,20.6,6.8,45,20,0.444,5,6,0,0,5,1.4,3.5,6.8,6.4,5.7,0.488,0
SAH-01741,32,Male,Constable,RPF,12,Married,3,Naxal Belt (High Risk),0.82,13,5,7,18,863,62.0,10,19.6,4.7,45,6,0.133,11,5,4,0,16,6.3,4.2,5.4,6.0,5.8,0.47,0
SAH-01742,25,Male,Constable,CISF,1,Married,3,Northeast (High Risk),0.8,3,2,7,1,1202,48.7,16,16.7,7.6,30,13,0.433,1,11,7,1,15,7.0,4.2,6.8,3.5,5.8,0.435,0
SAH-01743,54,Male,Constable,CRPF,31,Single,1,J&K (High Risk),0.85,19,8,3,16,1786,54.4,13,22.6,5.3,30,22,0.733,8,7,0,0,1,4.3,3.8,8.4,4.0,1.6,0.504,1
SAH-01744,57,Male,Constable,CISF,36,Married,5,Border Area (Moderate),0.55,28,12,5,30,2805,38.5,18,5.6,1.7,60,37,0.617,4,2,7,0,8,5.4,3.1,8.3,5.5,7.4,0.327,0
SAH-01745,35,Male,Head Constable,CRPF,11,Married,2,HQ / Admin (Low),0.15,19,12,5,18,1933,51.3,4,17.5,4.8,30,24,0.8,14,2,0,0,12,5.6,2.1,8.8,9.7,5.3,0.292,0
SAH-01746,56,Female,SI,BSF,35,Married,4,J&K (High Risk),0.85,17,12,6,14,317,54.1,1,3.5,5.7,60,39,0.65,5,4,4,0,13,9.3,1.6,5.3,4.0,4.1,0.507,1
SAH-01747,35,Male,Constable,AR,15,Married,4,Border Area (Moderate),0.55,18,8,0,20,2862,58.4,14,11.2,2.0,30,19,0.633,0,9,4,0,19,6.4,3.0,6.6,4.6,6.3,0.476,0
SAH-01748,43,Male,Head Constable,NSG,19,Married,2,J&K (High Risk),0.85,18,1,6,22,1823,56.1,18,17.7,2.2,45,27,0.6,11,3,4,0,11,4.9,2.3,10.0,4.8,6.3,0.607,1
SAH-01749,26,Male,Head Constable,ITBP,3,Married,1,HQ / Admin (Low),0.15,23,4,5,28,634,48.0,15,10.7,5.1,30,13,0.433,12,11,5,0,19,3.8,2.5,4.6,6.2,2.7,0.513,1
SAH-01750,41,Male,DIG,BSF,20,Married,2,Northeast (High Risk),0.8,9,14,4,11,2516,55.4,12,28.1,7.5,60,32,0.533,13,7,0,2,10,2.6,3.7,6.3,7.4,4.9,0.564,1
SAH-01751,43,Male,Commandant,BSF,20,Married,3,Training Center (Low),0.2,29,9,0,31,2967,63.8,6,12.2,6.8,45,9,0.2,1,5,4,1,18,5.7,2.8,4.1,6.3,3.8,0.434,0
SAH-01752,36,Male,Inspector,NSG,16,Single,0,Northeast (High Risk),0.8,29,5,7,26,1940,35.0,16,21.4,5.5,30,28,0.933,0,7,1,0,9,6.2,2.2,6.7,3.4,4.2,0.401,0
SAH-01753,35,Male,Constable,NSG,11,Married,2,Training Center (Low),0.2,2,12,1,3,1234,50.0,18,12.9,3.8,30,29,0.967,3,6,2,2,17,3.6,5.0,8.6,6.8,6.0,0.339,0
SAH-01754,45,Male,Constable,CRPF,21,Single,2,Northeast (High Risk),0.8,17,11,0,16,1131,54.5,6,16.1,3.7,30,25,0.833,1,1,2,0,2,3.2,2.7,9.9,8.5,3.3,0.343,0
SAH-01755,56,Male,Head Constable,CISF,38,Single,1,Northeast (High Risk),0.8,31,10,7,34,433,40.9,11,12.1,6.8,60,41,0.683,12,8,1,0,15,6.9,3.8,4.5,5.6,6.1,0.429,0
SAH-01756,31,Male,Constable,SSB,9,Married,4,Northeast (High Risk),0.8,28,13,0,33,2900,63.2,12,16.4,5.9,45,30,0.667,0,10,2,1,17,8.0,3.7,4.8,5.0,3.1,0.554,1
SAH-01757,35,Male,Head Constable,CRPF,13,Married,5,Northeast (High Risk),0.8,30,6,5,32,2607,59.2,12,28.8,7.2,45,25,0.556,2,5,0,0,13,5.4,2.6,9.7,9.0,7.4,0.569,1
SAH-01758,24,Male,SI,SSB,1,Married,5,Training Center (Low),0.2,35,3,6,36,479,64.0,13,27.3,7.9,30,9,0.3,3,10,7,0,16,7.0,2.3,1.0,2.9,3.7,0.452,0
SAH-01759,41,Male,Inspector,BSF,17,Married,3,Border Area (Moderate),0.55,20,5,2,23,3461,77.9,14,11.1,4.6,45,21,0.467,3,10,7,0,4,5.8,1.4,5.2,5.8,9.6,0.426,0
SAH-01760,33,Male,Inspector,SSB,12,Married,5,Naxal Belt (High Risk),0.82,16,14,4,21,2675,56.0,1,13.2,6.4,60,60,1.0,2,5,4,0,16,10.0,3.2,8.4,6.2,6.6,0.393,0
SAH-01761,42,Male,Head Constable,CISF,19,Married,5,HQ / Admin (Low),0.15,34,12,7,35,3037,48.6,5,15.4,6.6,45,11,0.244,1,11,4,0,13,5.8,3.0,3.1,6.1,4.6,0.4,0
SAH-01762,39,Male,SI,CRPF,16,Married,1,Border Area (Moderate),0.55,14,13,7,15,1099,63.3,8,20.1,4.1,30,19,0.633,11,1,6,1,2,8.8,1.8,4.4,6.8,3.1,0.381,0
SAH-01763,54,Male,Head Constable,RPF,35,Married,2,HQ / Admin (Low),0.15,26,13,7,26,1883,44.9,14,29.8,4.2,45,43,0.956,7,8,5,0,14,7.1,4.3,9.0,3.1,6.0,0.376,0
SAH-01764,34,Male,Constable,NSG,10,Widowed,4,Northeast (High Risk),0.8,20,13,5,21,2686,57.6,19,25.3,6.9,45,24,0.533,9,0,7,0,11,4.9,3.6,2.5,5.0,7.0,0.55,1
SAH-01765,24,Male,SI,RPF,2,Single,2,HQ / Admin (Low),0.15,24,1,6,27,847,64.4,15,12.9,5.5,45,31,0.689,12,5,4,0,16,7.2,3.0,2.4,4.7,6.2,0.43,0
SAH-01766,47,Male,Constable,CISF,23,Divorced,4,J&K (High Risk),0.85,18,8,6,17,421,62.0,1,18.2,3.8,30,27,0.9,10,7,1,1,16,5.9,2.6,8.2,3.3,3.8,0.501,1
SAH-01767,49,Male,Head Constable,AR,29,Married,5,Border Area (Moderate),0.55,9,11,4,9,3025,68.9,2,16.8,3.9,30,19,0.633,1,1,1,0,18,4.0,2.8,9.7,2.6,7.9,0.354,0
SAH-01768,48,Female,Head Constable,CISF,25,Married,5,Naxal Belt (High Risk),0.82,19,6,6,24,1109,48.7,19,10.2,2.9,60,49,0.817,4,2,0,0,6,6.2,1.8,9.4,8.0,5.6,0.445,0
SAH-01769,55,Male,SI,AR,36,Divorced,3,Border Area (Moderate),0.55,20,12,7,18,1863,60.5,7,23.1,4.8,30,13,0.433,6,9,1,1,4,5.1,2.4,1.3,5.8,3.7,0.507,1
SAH-01770,28,Male,SI,CRPF,9,Married,1,Border Area (Moderate),0.55,30,2,1,34,1898,53.1,7,0.0,3.4,30,24,0.8,8,9,7,0,1,5.9,3.7,9.4,3.6,9.4,0.233,0
SAH-01771,36,Male,Head Constable,NSG,14,Single,0,Naxal Belt (High Risk),0.82,26,4,7,31,1340,55.0,6,23.0,5.7,45,6,0.133,11,6,7,0,15,5.9,2.8,6.7,3.6,6.3,0.486,0
SAH-01772,56,Male,Inspector,CISF,34,Married,2,HQ / Admin (Low),0.15,31,4,3,32,3140,55.0,10,18.3,10.0,45,11,0.244,2,10,5,0,12,5.6,5.0,4.9,5.4,5.8,0.501,1
SAH-01773,50,Male,Constable,RPF,28,Single,0,HQ / Admin (Low),0.15,35,9,2,38,3460,58.5,12,0.5,6.4,60,44,0.733,0,11,4,0,10,4.1,2.4,4.6,7.3,4.0,0.324,0
SAH-01774,38,Male,Head Constable,AR,18,Married,3,HQ / Admin (Low),0.15,3,9,1,5,2237,51.6,7,6.7,7.6,30,16,0.533,14,0,5,0,6,8.4,2.9,7.9,3.7,4.9,0.304,0
SAH-01775,22,Female,SI,NSG,3,Married,2,HQ / Admin (Low),0.15,29,5,1,26,116,35.0,8,0.0,6.3,45,41,0.911,8,4,6,0,2,5.9,3.5,7.4,6.6,3.4,0.379,0
SAH-01776,33,Male,SI,ITBP,12,Married,2,Urban Posting (Low),0.25,6,12,7,10,1064,53.9,15,28.6,2.2,30,13,0.433,0,10,0,0,5,6.4,3.6,9.3,8.4,5.4,0.375,0
SAH-01777,24,Male,DIG,ITBP,4,Married,1,HQ / Admin (Low),0.15,1,3,4,6,1603,56.3,4,7.1,5.8,30,26,0.867,7,5,0,3,4,5.6,2.7,5.2,6.6,6.1,0.364,0
SAH-01778,46,Male,Constable,ITBP,28,Married,5,Training Center (Low),0.2,24,1,2,21,1442,51.5,13,22.3,4.1,30,7,0.233,1,9,4,0,0,5.2,2.3,5.5,3.9,1.1,0.494,0
SAH-01779,45,Male,ASI,SSB,22,Married,1,Naxal Belt (High Risk),0.82,34,6,4,38,2358,57.2,0,22.6,3.9,45,45,1.0,6,6,3,0,0,6.4,2.7,8.1,5.3,2.4,0.521,1
SAH-01780,50,Male,ASI,CISF,28,Single,0,Urban Posting (Low),0.25,7,8,3,6,3071,50.5,18,14.0,5.0,45,23,0.511,11,9,4,1,17,8.8,3.4,4.9,4.9,3.2,0.381,0
SAH-01781,31,Male,Dy. Commandant,CRPF,12,Married,5,HQ / Admin (Low),0.15,11,1,6,13,2724,48.7,16,9.7,6.8,30,9,0.3,2,9,0,0,2,2.9,2.7,8.1,4.6,2.0,0.446,0
SAH-01782,27,Male,Constable,RPF,4,Single,2,Urban Posting (Low),0.25,11,11,4,15,1751,68.7,13,19.1,4.9,30,26,0.867,5,6,7,0,18,3.8,5.0,4.3,5.5,3.3,0.276,0
SAH-01783,51,Male,SI,CRPF,27,Married,1,Naxal Belt (High Risk),0.82,20,1,0,21,628,79.1,12,16.7,7.2,45,45,1.0,5,2,7,0,9,5.3,2.7,10.0,4.5,7.9,0.466,0
SAH-01784,30,Female,ASI,SSB,10,Single,1,J&K (High Risk),0.85,16,11,4,20,1655,62.6,7,22.5,5.9,30,30,1.0,3,6,3,0,19,4.4,3.2,10.0,3.6,7.3,0.434,0
SAH-01785,33,Female,Constable,CRPF,15,Married,1,Training Center (Low),0.2,5,7,6,8,3119,45.1,2,5.6,6.1,30,10,0.333,7,0,4,0,10,10.0,3.0,5.0,6.4,3.8,0.351,0
SAH-01786,51,Male,Head Constable,AR,27,Married,5,HQ / Admin (Low),0.15,24,7,0,27,1276,54.7,0,23.2,5.4,45,34,0.756,11,10,4,0,7,5.3,2.8,6.6,7.4,6.1,0.354,0
SAH-01787,27,Male,Head Constable,ITBP,7,Single,0,Naxal Belt (High Risk),0.82,30,2,1,33,2736,53.8,18,25.8,8.1,30,19,0.633,11,3,3,1,19,6.9,3.9,6.7,7.6,2.7,0.614,1
SAH-01788,56,Male,ASI,RPF,36,Divorced,4,J&K (High Risk),0.85,30,3,3,35,2008,60.0,14,12.9,4.1,30,24,0.8,4,6,3,0,10,5.4,2.0,6.2,3.5,8.9,0.518,1
SAH-01789,40,Female,Inspector,CISF,19,Single,1,Naxal Belt (High Risk),0.82,33,2,6,35,2028,54.3,7,7.4,4.2,45,26,0.578,6,6,2,0,4,1.0,5.0,4.5,7.5,4.6,0.493,0
SAH-01790,24,Male,ASI,CRPF,1,Married,5,Border Area (Moderate),0.55,20,6,5,22,459,59.4,8,11.1,4.9,30,17,0.567,12,3,7,0,3,5.2,2.3,6.7,8.7,1.0,0.423,0
SAH-01791,27,Male,ASI,CRPF,6,Single,0,Naxal Belt (High Risk),0.82,22,13,0,27,2930,73.5,12,9.9,6.5,60,58,0.967,4,0,5,1,12,3.7,3.5,3.5,3.4,9.5,0.385,0
SAH-01792,21,Male,Head Constable,BSF,1,Married,4,Border Area (Moderate),0.55,21,13,3,23,3201,35.0,11,13.6,6.8,45,43,0.956,12,7,6,0,5,6.7,3.2,9.6,3.7,4.4,0.399,0
SAH-01793,33,Male,Constable,BSF,15,Married,5,HQ / Admin (Low),0.15,27,8,4,30,1761,45.9,8,9.1,4.4,30,26,0.867,11,3,7,1,1,5.4,3.0,9.7,3.0,9.1,0.307,0
SAH-01794,42,Female,Constable,BSF,23,Married,5,Urban Posting (Low),0.25,35,8,5,38,2210,63.5,19,18.7,7.3,45,36,0.8,3,1,3,0,5,4.5,4.3,9.2,3.3,6.8,0.342,0
SAH-01795,41,Male,Head Constable,CISF,22,Single,1,Naxal Belt (High Risk),0.82,6,1,4,4,2720,51.5,10,20.1,3.5,30,23,0.767,5,3,7,0,9,5.8,4.9,9.3,8.4,5.6,0.284,0
SAH-01796,42,Female,Head Constable,ITBP,18,Married,5,HQ / Admin (Low),0.15,32,11,6,36,2918,59.1,4,12.1,6.9,45,7,0.156,2,7,7,0,3,5.1,2.2,8.0,3.7,1.3,0.349,0
SAH-01797,48,Male,Constable,NSG,25,Married,5,Border Area (Moderate),0.55,16,9,1,18,3258,49.7,18,0.0,6.2,45,38,0.844,5,7,1,0,15,8.0,2.2,4.7,6.9,5.2,0.345,0
SAH-01798,29,Female,Head Constable,ITBP,7,Married,4,J&K (High Risk),0.85,28,11,6,28,889,70.7,17,18.5,5.5,60,44,0.733,5,4,3,0,9,7.1,3.5,3.9,2.4,1.9,0.495,0
SAH-01799,46,Male,Head Constable,RPF,24,Married,1,Border Area (Moderate),0.55,16,8,7,19,238,65.9,10,3.2,6.4,60,24,0.4,10,1,0,0,0,9.5,3.0,4.4,2.8,4.3,0.452,0
SAH-01800,29,Male,Constable,ITBP,10,Married,2,Urban Posting (Low),0.25,27,9,6,31,326,55.6,10,17.0,5.3,45,41,0.911,10,6,6,1,12,7.4,2.5,7.4,3.9,5.3,0.314,0
SAH-01801,35,Male,Head Constable,CISF,15,Married,3,Training Center (Low),0.2,3,13,6,0,1810,72.1,5,15.6,6.0,45,41,0.911,5,2,3,1,13,7.0,2.7,3.8,6.7,7.7,0.295,0
SAH-01802,30,Male,Constable,AR,10,Married,2,HQ / Admin (Low),0.15,21,14,4,21,2200,55.7,0,12.4,10.0,30,30,1.0,13,5,4,0,11,7.2,2.5,6.8,5.1,3.8,0.374,0
SAH-01803,44,Male,Dy. Commandant,AR,23,Single,0,Naxal Belt (High Risk),0.82,30,13,0,30,2204,52.8,8,20.2,7.3,60,31,0.517,13,8,1,1,12,7.5,1.9,7.6,5.4,9.3,0.525,1
SAH-01804,28,Female,Inspector,CISF,5,Married,1,J&K (High Risk),0.85,22,9,1,27,1989,69.6,6,17.9,4.4,30,19,0.633,10,4,6,0,0,2.4,3.3,6.1,3.9,1.9,0.525,1
SAH-01805,44,Male,SI,BSF,23,Married,5,J&K (High Risk),0.85,19,11,3,21,2027,35.2,5,18.1,4.9,45,45,1.0,2,8,7,0,13,7.0,3.1,6.6,4.4,3.4,0.584,1
SAH-01806,36,Male,Constable,CRPF,14,Married,2,Urban Posting (Low),0.25,31,12,1,31,2854,54.0,9,21.6,7.9,30,12,0.4,12,3,6,0,7,2.8,2.5,10.0,3.2,5.4,0.542,1
SAH-01807,46,Female,SI,SSB,27,Married,1,Urban Posting (Low),0.25,20,6,7,17,2270,56.2,4,11.7,4.7,30,26,0.867,7,8,3,0,13,2.2,1.1,6.4,6.9,1.0,0.381,0
SAH-01808,47,Male,Inspector,SSB,23,Divorced,2,Naxal Belt (High Risk),0.82,19,3,3,23,1048,49.3,0,11.6,8.9,30,30,1.0,3,0,1,0,0,3.8,2.7,7.3,6.2,2.6,0.334,0
SAH-01809,57,Male,SI,NSG,37,Single,2,Naxal Belt (High Risk),0.82,2,1,2,7,3452,43.1,14,23.6,7.0,30,22,0.733,10,3,5,0,16,6.5,5.0,8.9,4.9,5.9,0.364,0
SAH-01810,24,Male,Constable,CRPF,5,Married,3,HQ / Admin (Low),0.15,27,11,0,28,771,51.1,4,20.1,2.8,30,30,1.0,1,10,6,2,15,3.4,2.7,8.3,4.8,6.9,0.371,0
SAH-01811,44,Male,ASI,NSG,26,Married,1,HQ / Admin (Low),0.15,8,8,7,9,1264,35.0,19,11.2,7.2,30,18,0.6,6,0,6,0,11,7.0,2.7,8.2,6.0,3.0,0.316,0
SAH-01812,39,Male,Inspector,BSF,20,Married,2,Northeast (High Risk),0.8,27,10,0,31,1743,70.6,5,0.0,1.2,30,7,0.233,10,11,2,1,19,9.3,2.5,7.0,7.4,3.9,0.515,1
SAH-01813,56,Male,ASI,NSG,38,Married,5,Urban Posting (Low),0.25,15,3,3,19,2928,71.2,4,18.1,4.8,30,8,0.267,7,8,1,0,4,5.4,3.6,7.1,4.2,6.0,0.388,0
SAH-01814,30,Male,ASI,CRPF,9,Married,2,Border Area (Moderate),0.55,12,13,4,13,2322,52.9,16,18.9,7.2,30,24,0.8,10,7,4,0,17,6.4,4.1,2.9,6.9,1.5,0.453,0
SAH-01815,45,Male,Head Constable,RPF,24,Single,1,J&K (High Risk),0.85,14,7,5,14,1757,48.3,17,5.3,1.8,45,4,0.089,3,7,2,2,3,4.6,2.3,10.0,4.2,4.6,0.506,1
SAH-01816,38,Male,ASI,CRPF,16,Married,2,Naxal Belt (High Risk),0.82,7,13,4,9,3444,35.0,3,8.2,9.6,60,45,0.75,5,6,3,0,19,3.5,1.5,5.3,5.0,4.5,0.52,1
SAH-01817,39,Male,Constable,SSB,20,Married,3,J&K (High Risk),0.85,17,10,2,18,2231,44.2,1,11.7,7.4,45,11,0.244,7,8,5,2,10,5.6,2.7,8.3,5.1,8.5,0.486,0
SAH-01818,56,Female,ASI,AR,37,Single,0,Northeast (High Risk),0.8,26,6,3,30,1110,69.8,7,18.6,3.5,30,30,1.0,4,10,6,0,7,4.4,2.5,6.0,7.7,6.1,0.377,0
SAH-01819,30,Male,Constable,BSF,12,Married,3,Border Area (Moderate),0.55,20,3,2,25,2190,52.1,4,34.9,8.5,30,7,0.233,8,10,5,2,8,5.1,2.8,10.0,4.5,5.0,0.526,1
SAH-01820,53,Female,Head Constable,RPF,32,Married,1,Naxal Belt (High Risk),0.82,10,6,3,7,2172,45.8,3,23.9,1.7,30,19,0.633,5,2,6,0,19,4.5,4.2,4.8,1.4,6.5,0.446,0
SAH-01821,25,Male,Constable,CISF,7,Married,3,Naxal Belt (High Risk),0.82,19,12,2,24,2853,52.6,13,2.9,3.5,60,46,0.767,5,6,5,0,9,3.3,2.0,10.0,3.6,5.4,0.453,0
SAH-01822,55,Male,ASI,RPF,34,Married,2,Border Area (Moderate),0.55,18,3,3,23,2280,45.5,3,11.5,2.7,30,27,0.9,11,5,1,0,6,5.8,3.4,6.2,9.4,3.1,0.385,0
SAH-01823,54,Male,Constable,RPF,36,Married,5,J&K (High Risk),0.85,30,13,0,32,766,35.0,7,14.2,1.6,45,25,0.556,12,4,2,1,18,2.1,3.4,8.0,2.2,6.4,0.48,0
SAH-01824,53,Male,SI,NSG,32,Married,3,Urban Posting (Low),0.25,30,13,7,31,508,48.3,2,19.0,4.8,30,30,1.0,1,8,3,0,0,7.0,3.5,6.5,1.7,6.7,0.283,0
SAH-01825,41,Male,Inspector,SSB,23,Single,2,Naxal Belt (High Risk),0.82,25,14,2,28,1751,39.5,13,8.5,5.9,30,17,0.567,14,3,5,3,4,2.6,3.7,9.7,7.1,4.4,0.471,0
SAH-01826,37,Male,Constable,NSG,13,Married,1,Border Area (Moderate),0.55,24,9,2,28,676,57.1,17,19.7,5.8,45,15,0.333,6,2,7,0,5,4.8,1.1,6.8,6.9,5.4,0.406,0
SAH-01827,42,Male,Constable,NSG,21,Married,1,HQ / Admin (Low),0.15,10,13,7,15,2506,63.1,11,10.9,5.8,30,20,0.667,8,10,7,0,11,8.3,3.6,7.1,4.8,8.9,0.421,0
SAH-01828,57,Male,Constable,CISF,34,Divorced,5,Naxal Belt (High Risk),0.82,2,1,3,7,256,43.5,14,19.7,5.6,30,22,0.733,14,2,5,0,11,7.4,3.0,6.7,6.6,5.4,0.375,0
SAH-01829,35,Male,Inspector,BSF,17,Single,1,Border Area (Moderate),0.55,32,13,1,31,3366,54.3,19,15.6,3.1,60,36,0.6,4,1,5,0,13,6.0,2.3,7.6,4.6,4.6,0.413,0
SAH-01830,55,Male,ASI,CRPF,36,Married,2,Naxal Belt (High Risk),0.82,35,8,1,39,1406,51.8,19,31.4,4.5,30,24,0.8,13,0,5,0,6,10.0,4.7,4.6,3.6,3.0,0.468,0
SAH-01831,48,Male,Head Constable,ITBP,26,Married,5,Training Center (Low),0.2,7,5,0,4,722,43.2,8,22.8,1.0,45,23,0.511,4,2,3,0,19,6.2,3.9,2.1,8.9,3.2,0.301,0
SAH-01832,27,Male,Constable,NSG,4,Married,5,Training Center (Low),0.2,7,4,4,10,3415,35.0,1,25.5,7.7,30,3,0.1,11,7,1,1,19,8.1,2.2,7.4,4.2,5.2,0.478,0
SAH-01833,52,Male,ASI,ITBP,29,Single,0,Northeast (High Risk),0.8,27,1,4,28,3110,39.7,0,6.5,5.7,60,21,0.35,12,11,5,0,13,4.7,2.5,10.0,2.8,3.7,0.549,1
SAH-01834,31,Male,Inspector,BSF,13,Married,2,Urban Posting (Low),0.25,10,9,0,8,2027,42.7,14,10.7,5.6,45,45,1.0,10,5,5,0,15,1.0,4.1,5.7,2.1,6.2,0.353,0
SAH-01835,30,Male,Inspector,ITBP,8,Married,5,J&K (High Risk),0.85,33,13,4,31,1989,53.7,14,17.6,7.1,30,25,0.833,4,1,1,0,8,6.5,3.0,8.0,8.1,4.2,0.586,1
SAH-01836,29,Male,ASI,NSG,10,Married,2,HQ / Admin (Low),0.15,7,9,7,11,2845,54.9,7,5.1,7.2,60,17,0.283,0,7,2,2,1,6.9,1.7,3.5,5.8,10.0,0.344,0
SAH-01837,34,Male,Constable,CISF,11,Married,3,Naxal Belt (High Risk),0.82,6,13,5,7,322,66.9,2,23.4,4.8,30,4,0.133,4,4,1,0,16,6.8,4.8,5.4,7.2,5.5,0.374,0
SAH-01838,33,Male,Constable,ITBP,14,Married,1,Training Center (Low),0.2,6,5,7,5,2476,39.6,1,16.0,5.3,30,13,0.433,9,11,3,0,3,3.1,2.8,6.6,9.2,1.8,0.263,0
SAH-01839,45,Male,Constable,BSF,24,Married,1,Naxal Belt (High Risk),0.82,13,14,5,10,2723,42.2,3,23.8,8.6,45,42,0.933,7,3,7,0,13,10.0,3.0,6.4,4.5,5.4,0.341,0
SAH-01840,22,Male,Constable,BSF,1,Married,1,Border Area (Moderate),0.55,13,11,5,16,2761,44.3,17,18.9,4.3,45,9,0.2,14,0,4,1,13,3.8,3.5,8.7,9.7,4.3,0.378,0
SAH-01841,55,Male,Constable,AR,33,Married,4,HQ / Admin (Low),0.15,2,9,6,1,1099,49.7,11,15.4,8.6,45,28,0.622,2,11,6,3,14,6.2,2.2,2.9,5.3,6.4,0.293,0
SAH-01842,27,Male,Constable,AR,3,Divorced,2,Training Center (Low),0.2,19,10,6,22,2777,54.6,17,14.0,4.8,45,16,0.356,8,0,2,3,11,6.5,4.3,6.2,5.6,5.0,0.428,0
SAH-01843,41,Male,Head Constable,CISF,21,Married,3,J&K (High Risk),0.85,19,14,5,17,2641,57.2,9,8.8,1.7,30,24,0.8,8,3,4,2,12,7.6,2.1,5.2,8.3,5.8,0.427,0
SAH-01844,38,Male,Commandant,ITBP,17,Married,5,Border Area (Moderate),0.55,2,9,3,2,2830,35.0,7,8.4,5.7,60,6,0.1,5,11,7,0,9,4.6,3.2,4.7,5.6,10.0,0.433,0
SAH-01845,23,Male,ASI,ITBP,1,Married,3,Naxal Belt (High Risk),0.82,26,7,1,24,1927,66.3,17,22.1,4.8,45,16,0.356,3,8,7,0,15,7.0,2.5,5.0,7.2,4.6,0.519,1
SAH-01846,31,Male,Inspector,AR,13,Married,2,Naxal Belt (High Risk),0.82,6,8,0,6,140,57.6,16,20.3,2.8,45,35,0.778,14,9,5,0,14,9.2,4.1,7.0,4.5,6.5,0.429,0
SAH-01847,44,Male,SI,CRPF,20,Married,1,Naxal Belt (High Risk),0.82,20,1,7,21,525,62.6,18,24.9,5.3,30,19,0.633,3,9,4,0,7,5.1,3.6,6.8,6.3,7.2,0.499,0
SAH-01848,39,Male,Constable,SSB,21,Married,4,Naxal Belt (High Risk),0.82,23,4,3,27,2096,35.0,5,10.6,4.5,45,39,0.867,10,5,3,0,3,5.0,2.8,6.1,8.3,5.6,0.356,0
SAH-01849,24,Male,SI,BSF,5,Married,2,Border Area (Moderate),0.55,15,10,5,13,775,62.0,13,24.0,9.2,45,11,0.244,0,0,4,0,0,4.0,1.4,3.8,6.7,1.8,0.416,0
SAH-01850,46,Male,Constable,CRPF,23,Married,2,Northeast (High Risk),0.8,6,10,0,5,1261,40.1,4,13.6,7.4,60,37,0.617,13,11,0,0,13,6.5,3.4,6.0,4.7,6.6,0.445,0
SAH-01851,52,Male,ASI,BSF,28,Married,5,Border Area (Moderate),0.55,28,4,1,29,3316,46.6,7,19.6,3.6,30,8,0.267,9,7,2,0,8,4.2,3.1,8.8,5.7,1.0,0.365,0
SAH-01852,56,Male,Head Constable,RPF,36,Married,3,Northeast (High Risk),0.8,35,12,4,40,583,69.2,7,25.3,4.0,45,33,0.733,4,11,7,0,18,7.4,1.5,3.2,4.7,8.4,0.414,0
SAH-01853,57,Male,IG,RPF,38,Married,3,Northeast (High Risk),0.8,11,9,3,12,2795,59.9,17,31.6,7.5,60,13,0.217,4,8,3,0,5,5.0,3.2,5.1,5.3,2.4,0.508,1
SAH-01854,53,Male,Constable,CRPF,31,Married,5,Urban Posting (Low),0.25,8,3,1,13,2977,43.9,8,23.6,7.9,30,7,0.233,4,1,1,1,15,5.5,3.7,4.2,8.5,8.9,0.331,0
SAH-01855,56,Male,Constable,RPF,32,Married,4,J&K (High Risk),0.85,24,12,0,24,134,61.6,13,16.6,4.8,45,19,0.422,11,5,7,0,10,4.0,3.1,4.3,5.8,5.2,0.279,0
SAH-01856,23,Male,Dy. Commandant,AR,1,Married,1,Naxal Belt (High Risk),0.82,21,10,2,22,2689,56.3,13,19.5,4.5,60,30,0.5,0,6,6,2,10,10.0,2.5,6.0,7.2,6.7,0.337,0
SAH-01857,29,Male,Constable,AR,6,Single,1,Naxal Belt (High Risk),0.82,7,10,3,12,890,47.1,19,25.0,5.2,45,26,0.578,0,10,3,0,13,6.2,4.4,5.2,6.5,6.0,0.357,0
SAH-01858,28,Male,SI,SSB,5,Single,2,Border Area (Moderate),0.55,5,1,7,5,126,57.7,13,20.7,6.1,45,30,0.667,9,0,1,0,10,3.7,4.8,4.8,8.1,6.9,0.392,0
SAH-01859,53,Male,SI,CRPF,31,Married,5,Urban Posting (Low),0.25,29,11,6,30,2427,47.5,16,11.8,7.0,30,17,0.567,11,10,3,0,13,6.6,1.9,6.5,3.4,1.1,0.478,0
SAH-01860,26,Male,Inspector,BSF,3,Married,2,Naxal Belt (High Risk),0.82,16,5,0,17,2480,56.6,1,19.9,7.1,45,6,0.133,1,4,0,0,0,2.6,4.0,3.4,5.9,3.7,0.509,1
SAH-01861,24,Male,DIG,ITBP,6,Married,3,Northeast (High Risk),0.8,6,7,7,6,2474,56.5,13,25.4,3.4,30,13,0.433,0,10,2,1,10,4.7,3.4,10.0,9.2,5.8,0.376,0
SAH-01862,33,Male,DIG,BSF,11,Single,1,Training Center (Low),0.2,14,12,0,14,2438,58.0,11,29.5,4.8,30,4,0.133,12,10,5,0,17,6.9,2.4,5.4,4.2,5.1,0.381,0
SAH-01863,22,Male,Constable,NSG,1,Married,3,HQ / Admin (Low),0.15,2,4,6,3,1250,75.1,15,15.5,1.3,45,9,0.2,14,4,5,1,16,7.0,2.8,5.7,9.9,4.2,0.494,0
SAH-01864,25,Male,Inspector,AR,6,Married,2,J&K (High Risk),0.85,25,9,1,27,2521,63.3,5,6.1,5.5,30,5,0.167,7,2,4,0,3,7.8,2.8,5.8,3.8,5.4,0.518,1
SAH-01865,47,Female,ASI,CISF,27,Married,5,Border Area (Moderate),0.55,31,6,7,34,2040,64.0,17,0.8,2.7,60,15,0.25,11,1,6,0,13,8.6,4.1,4.6,5.0,4.6,0.551,1
SAH-01866,52,Female,ASI,CISF,28,Married,5,Naxal Belt (High Risk),0.82,13,6,7,15,2271,45.7,6,21.4,4.0,45,41,0.911,11,0,3,0,7,5.6,2.6,9.0,7.1,9.4,0.337,0
SAH-01867,41,Male,Constable,AR,22,Married,4,Northeast (High Risk),0.8,18,3,0,15,455,35.0,1,2.7,7.7,45,32,0.711,3,5,2,0,14,7.8,1.2,7.0,5.8,7.7,0.365,0
SAH-01868,28,Male,ASI,NSG,8,Married,2,Naxal Belt (High Risk),0.82,17,10,3,15,2179,49.7,12,17.6,6.3,30,18,0.6,5,6,2,0,15,7.6,2.8,1.5,1.5,8.0,0.487,0
SAH-01869,28,Male,DIG,CISF,6,Married,2,Border Area (Moderate),0.55,28,10,5,31,70,46.2,7,23.6,6.2,30,24,0.8,7,1,2,0,0,7.7,3.9,4.0,6.3,8.6,0.354,0
SAH-01870,23,Male,Dy. Commandant,RPF,1,Single,0,Northeast (High Risk),0.8,12,5,6,11,2788,59.2,11,13.7,5.5,30,30,1.0,13,1,2,1,0,3.0,4.2,5.2,5.8,6.0,0.454,0
SAH-01871,23,Male,Head Constable,AR,1,Married,4,HQ / Admin (Low),0.15,35,10,3,33,3107,49.6,0,3.0,8.3,30,15,0.5,4,4,2,0,9,6.5,2.6,7.8,4.4,3.1,0.408,0
SAH-01872,42,Male,Constable,CISF,22,Married,5,Border Area (Moderate),0.55,22,6,6,24,447,67.9,8,4.9,4.2,60,28,0.467,5,4,6,0,1,5.4,3.5,8.9,5.0,4.4,0.374,0
SAH-01873,26,Male,Head Constable,AR,4,Married,5,Naxal Belt (High Risk),0.82,1,14,0,1,2427,35.0,7,7.6,5.8,45,45,1.0,3,2,4,2,11,8.6,4.2,6.2,1.4,5.7,0.318,0
SAH-01874,22,Male,Inspector,SSB,1,Married,2,Urban Posting (Low),0.25,21,4,1,22,2322,48.6,8,14.0,5.7,60,52,0.867,5,2,5,0,3,6.2,3.7,9.7,4.4,5.3,0.38,0
SAH-01875,43,Male,SI,ITBP,24,Married,5,J&K (High Risk),0.85,1,13,3,3,1850,56.5,4,24.6,4.8,45,39,0.867,5,0,4,0,18,5.2,5.0,8.0,7.0,2.3,0.285,0
SAH-01876,22,Male,Head Constable,ITBP,3,Single,0,Naxal Belt (High Risk),0.82,4,3,2,3,2878,40.3,12,15.1,9.8,45,31,0.689,2,2,3,0,0,5.4,4.4,10.0,5.8,5.7,0.318,0
SAH-01877,37,Male,Constable,BSF,14,Divorced,2,Naxal Belt (High Risk),0.82,32,5,5,29,1858,62.9,13,32.2,3.1,45,27,0.6,3,8,5,2,0,5.3,2.6,5.4,7.5,2.8,0.429,0
SAH-01878,55,Male,Head Constable,NSG,34,Married,4,Naxal Belt (High Risk),0.82,1,7,6,0,943,62.5,3,23.3,1.8,30,19,0.633,5,1,5,0,8,6.3,2.9,5.7,9.2,8.9,0.25,0
SAH-01879,54,Male,Head Constable,AR,36,Married,2,Naxal Belt (High Risk),0.82,13,11,4,12,1994,46.8,16,17.4,5.7,45,33,0.733,7,0,7,0,19,6.6,4.7,6.9,3.9,6.6,0.382,0
SAH-01880,43,Male,Dy. Commandant,CRPF,22,Single,0,J&K (High Risk),0.85,17,6,1,19,487,83.8,8,14.4,4.3,30,14,0.467,12,8,1,3,12,5.6,1.8,5.0,3.7,4.6,0.568,1
SAH-01881,50,Male,ASI,BSF,29,Single,0,J&K (High Risk),0.85,12,2,1,12,1345,38.6,19,11.0,1.0,45,39,0.867,13,4,3,1,10,5.4,2.9,8.1,7.4,5.1,0.473,0
SAH-01882,28,Female,Head Constable,BSF,4,Single,1,J&K (High Risk),0.85,7,1,4,10,1353,35.8,14,16.2,6.3,30,30,1.0,13,7,6,0,18,4.1,4.9,4.0,5.2,8.5,0.479,0
SAH-01883,42,Male,ASI,AR,18,Married,2,HQ / Admin (Low),0.15,3,5,4,1,272,46.3,19,19.3,6.0,45,30,0.667,6,10,2,1,16,8.9,5.0,3.5,5.1,2.0,0.416,0
SAH-01884,56,Male,Constable,AR,33,Married,1,J&K (High Risk),0.85,26,5,3,26,1660,54.3,3,17.6,7.7,30,14,0.467,3,3,1,1,2,5.4,3.3,6.4,10.0,4.0,0.391,0
SAH-01885,25,Male,DIG,BSF,1,Married,1,J&K (High Risk),0.85,31,12,0,35,2010,35.0,1,11.0,4.4,30,23,0.767,13,7,5,0,19,6.5,1.3,9.5,8.0,6.1,0.416,0
SAH-01886,33,Male,Head Constable,BSF,13,Married,2,HQ / Admin (Low),0.15,26,12,0,28,558,59.4,12,6.7,1.8,45,12,0.267,2,11,6,0,12,6.8,2.6,7.5,5.8,1.0,0.304,0
SAH-01887,49,Male,Head Constable,ITBP,26,Married,5,Border Area (Moderate),0.55,3,6,2,2,3463,81.5,3,29.9,3.6,30,30,1.0,10,4,6,1,18,6.5,3.7,8.1,6.5,4.7,0.451,0
SAH-01888,51,Male,Head Constable,CRPF,28,Married,3,Border Area (Moderate),0.55,28,3,5,26,2714,35.3,17,20.1,1.7,30,22,0.733,14,5,3,0,19,5.1,2.2,9.8,5.9,4.1,0.515,1
SAH-01889,36,Male,SI,RPF,14,Single,1,J&K (High Risk),0.85,17,1,6,16,1115,54.4,15,17.8,8.5,30,5,0.167,7,5,1,0,8,7.2,5.0,7.4,2.9,9.9,0.53,1
SAH-01890,50,Male,ASI,BSF,28,Married,1,Urban Posting (Low),0.25,30,4,0,27,1249,63.5,9,19.1,7.5,30,18,0.6,5,5,5,1,18,8.9,2.8,5.8,6.2,4.7,0.334,0
SAH-01891,36,Male,SI,RPF,14,Married,2,J&K (High Risk),0.85,2,4,7,0,1318,61.2,1,23.8,8.1,60,51,0.85,11,1,4,2,18,7.3,4.3,9.4,5.2,2.9,0.401,0
SAH-01892,32,Male,Constable,ITBP,14,Single,0,Urban Posting (Low),0.25,8,10,2,6,1326,77.9,13,11.3,6.8,45,17,0.378,7,9,2,0,0,6.9,2.9,8.4,4.2,3.2,0.395,0
SAH-01893,37,Male,Head Constable,BSF,17,Single,0,HQ / Admin (Low),0.15,14,2,2,13,1347,46.4,1,14.0,2.7,60,9,0.15,8,9,6,0,16,7.3,3.3,5.0,4.7,1.0,0.246,0
SAH-01894,36,Male,Constable,CISF,16,Married,2,Border Area (Moderate),0.55,35,14,1,40,3056,75.8,17,9.0,4.7,30,17,0.567,8,8,1,0,13,6.1,3.0,4.8,3.0,8.4,0.518,1
SAH-01895,32,Male,ASI,BSF,10,Married,3,Northeast (High Risk),0.8,11,8,1,15,3455,51.3,0,14.9,7.1,30,28,0.933,9,6,0,0,11,5.4,2.4,6.4,2.4,5.2,0.466,0
SAH-01896,28,Male,Constable,AR,7,Married,4,Border Area (Moderate),0.55,15,6,5,20,653,45.9,12,9.6,2.1,45,15,0.333,10,2,7,3,1,9.8,2.6,8.3,4.1,4.7,0.258,0
SAH-01897,40,Male,ASI,NSG,22,Married,1,Border Area (Moderate),0.55,2,12,3,5,1084,74.5,5,6.9,6.4,30,24,0.8,8,1,7,0,2,9.1,3.7,4.6,3.8,6.9,0.38,0
SAH-01898,23,Male,Inspector,NSG,2,Married,3,Border Area (Moderate),0.55,32,3,7,35,2249,47.6,16,2.0,7.1,30,15,0.5,9,3,2,0,4,5.0,2.8,6.8,9.3,6.1,0.528,1
SAH-01899,36,Male,Dy. Commandant,BSF,17,Married,5,Border Area (Moderate),0.55,13,1,4,14,238,64.9,16,28.3,10.0,45,7,0.156,0,7,4,3,2,8.3,2.6,8.3,8.3,5.0,0.363,0
SAH-01900,50,Female,Head Constable,SSB,30,Single,0,Urban Posting (Low),0.25,17,12,4,20,3057,46.1,10,12.3,7.4,45,18,0.4,11,8,4,0,13,6.9,3.6,6.0,4.6,3.0,0.417,0
SAH-01901,43,Female,Head Constable,CISF,23,Divorced,4,Border Area (Moderate),0.55,15,11,5,15,725,36.7,5,18.9,6.5,30,12,0.4,13,9,3,0,17,6.3,4.5,7.1,6.6,3.9,0.441,0
SAH-01902,48,Male,Constable,CRPF,27,Married,2,HQ / Admin (Low),0.15,33,3,2,34,687,36.7,19,15.8,5.6,30,30,1.0,2,1,6,0,4,9.0,4.7,7.5,5.5,5.2,0.3,0
SAH-01903,25,Male,SI,BSF,7,Single,1,Training Center (Low),0.2,16,8,5,13,2308,60.5,2,19.0,6.6,45,45,1.0,8,5,5,0,2,6.2,2.0,8.0,4.4,6.3,0.306,0
SAH-01904,40,Male,Inspector,RPF,20,Married,5,Northeast (High Risk),0.8,13,4,4,13,2046,39.2,13,0.0,6.7,30,9,0.3,3,7,0,0,1,6.5,2.2,6.7,3.6,2.3,0.455,0
SAH-01905,21,Male,Constable,CRPF,1,Married,2,Urban Posting (Low),0.25,22,3,2,21,3218,49.5,5,11.2,1.4,60,31,0.517,9,2,1,0,8,7.0,4.3,6.3,4.9,4.8,0.384,0
SAH-01906,50,Male,Head Constable,CISF,27,Married,2,Northeast (High Risk),0.8,23,13,4,21,1894,44.2,16,24.3,5.9,60,60,1.0,11,10,6,0,17,3.5,2.5,8.5,4.5,7.6,0.55,1
SAH-01907,41,Male,Inspector,BSF,18,Married,1,Urban Posting (Low),0.25,10,11,3,8,2436,41.5,2,30.5,1.0,60,30,0.5,1,8,3,2,1,6.5,2.8,1.4,5.2,2.5,0.359,0
SAH-01908,40,Male,Inspector,SSB,16,Married,4,J&K (High Risk),0.85,17,4,1,21,96,42.9,16,12.1,1.0,30,13,0.433,0,3,4,0,18,3.2,1.7,8.2,9.6,6.5,0.457,0
SAH-01909,26,Male,Constable,ITBP,8,Divorced,5,Border Area (Moderate),0.55,30,11,1,27,869,54.5,18,13.0,5.6,30,6,0.2,13,4,1,0,2,7.2,3.7,7.7,5.3,2.4,0.505,1
SAH-01910,42,Male,ASI,SSB,21,Single,2,Urban Posting (Low),0.25,13,4,2,17,3072,35.0,17,23.5,6.5,60,51,0.85,4,11,4,0,17,7.1,3.0,9.5,3.0,3.9,0.41,0
SAH-01911,38,Male,Constable,AR,14,Married,3,Northeast (High Risk),0.8,30,2,5,35,1130,62.1,4,18.5,2.8,30,16,0.533,13,6,4,0,13,8.4,4.1,7.6,5.1,1.0,0.586,1
SAH-01912,28,Male,Constable,SSB,5,Divorced,1,Training Center (Low),0.2,30,4,4,32,3196,36.5,14,15.2,7.7,30,22,0.733,3,10,0,0,12,7.3,3.8,4.4,7.8,5.6,0.414,0
SAH-01913,52,Male,Dy. Commandant,RPF,34,Single,0,Border Area (Moderate),0.55,7,11,0,4,1327,38.0,2,14.5,8.5,30,18,0.6,4,10,2,2,15,10.0,4.1,6.7,9.6,3.5,0.23,0
SAH-01914,53,Male,Inspector,ITBP,29,Divorced,1,Naxal Belt (High Risk),0.82,10,12,3,13,2934,35.0,7,10.4,7.1,30,8,0.267,10,4,1,0,10,3.2,4.1,4.5,2.8,1.0,0.563,1
SAH-01915,36,Male,SI,AR,14,Divorced,2,Naxal Belt (High Risk),0.82,35,9,4,36,3049,55.2,6,10.2,5.4,45,12,0.267,4,3,0,0,11,6.0,2.6,8.8,5.6,5.3,0.548,1
SAH-01916,32,Male,Constable,ITBP,14,Widowed,1,HQ / Admin (Low),0.15,2,4,6,7,2695,69.6,17,16.1,6.1,60,60,1.0,7,3,5,0,2,8.1,3.0,1.6,6.2,7.1,0.336,0
SAH-01917,54,Male,Inspector,NSG,35,Married,2,Northeast (High Risk),0.8,30,12,0,33,2267,50.4,9,17.5,5.7,45,44,0.978,5,4,6,0,5,8.3,3.2,3.3,7.5,5.8,0.366,0
SAH-01918,34,Male,Head Constable,ITBP,12,Married,4,Urban Posting (Low),0.25,19,1,3,20,1219,57.2,9,17.9,5.9,45,31,0.689,2,2,4,1,15,4.9,3.1,4.1,5.2,5.7,0.27,0
SAH-01919,56,Male,Head Constable,BSF,32,Married,4,Urban Posting (Low),0.25,3,1,3,1,2936,58.5,18,9.5,3.5,30,3,0.1,14,8,4,2,11,8.4,3.7,3.2,5.5,6.6,0.426,0
SAH-01920,53,Male,ASI,CRPF,32,Divorced,4,HQ / Admin (Low),0.15,25,1,1,25,1106,60.9,0,25.7,4.8,45,23,0.511,8,11,0,0,19,3.1,2.5,5.8,4.7,3.6,0.408,0
SAH-01921,43,Male,Constable,NSG,21,Single,0,Urban Posting (Low),0.25,34,14,2,32,1588,40.0,1,2.0,5.6,30,18,0.6,7,1,5,1,5,4.4,3.3,5.7,2.9,5.2,0.377,0
SAH-01922,22,Male,SI,NSG,1,Married,1,Border Area (Moderate),0.55,22,5,4,27,845,71.1,0,19.2,6.2,30,16,0.533,8,11,1,0,19,6.8,2.4,8.2,7.4,9.4,0.408,0
SAH-01923,41,Male,ASI,CRPF,17,Married,2,HQ / Admin (Low),0.15,14,6,3,12,3378,48.0,8,10.7,6.7,30,30,1.0,3,6,4,0,13,6.6,3.3,2.7,3.6,5.3,0.334,0
SAH-01924,22,Male,Constable,RPF,1,Single,0,Training Center (Low),0.2,2,12,4,0,3247,55.4,14,8.1,3.5,45,6,0.133,12,3,5,1,8,8.5,3.4,5.4,2.4,3.3,0.317,0
SAH-01925,47,Male,Constable,NSG,26,Married,1,Urban Posting (Low),0.25,32,6,3,30,3056,50.2,17,12.4,5.2,30,22,0.733,7,7,1,0,16,7.8,1.8,7.0,4.6,5.7,0.549,1
SAH-01926,29,Male,Constable,ITBP,6,Married,2,J&K (High Risk),0.85,3,6,5,0,3234,46.7,17,2.3,5.0,60,24,0.4,10,6,0,0,11,5.1,3.4,4.6,2.1,4.2,0.483,0
SAH-01927,21,Male,Constable,SSB,2,Married,1,Naxal Belt (High Risk),0.82,8,9,7,13,2912,63.3,6,17.8,9.4,60,39,0.65,2,7,4,0,0,8.5,4.4,3.2,4.7,4.9,0.465,0
SAH-01928,31,Female,ASI,CISF,10,Married,4,Border Area (Moderate),0.55,26,1,1,30,2439,59.6,13,27.9,6.0,30,22,0.733,4,3,3,0,19,7.1,4.1,7.9,4.6,6.5,0.457,0
SAH-01929,23,Male,Inspector,RPF,3,Divorced,3,Border Area (Moderate),0.55,32,10,2,30,97,35.0,17,9.8,6.8,30,16,0.533,13,10,3,0,7,7.7,1.8,7.6,5.3,3.9,0.565,1
SAH-01930,43,Male,Constable,ITBP,23,Married,1,Naxal Belt (High Risk),0.82,11,6,0,9,2461,57.0,19,33.8,7.5,45,11,0.244,6,1,4,1,11,7.6,1.7,2.3,4.5,1.0,0.518,1
SAH-01931,46,Male,Constable,AR,27,Married,4,J&K (High Risk),0.85,1,13,0,2,1471,77.2,18,8.1,7.2,60,37,0.617,0,6,2,0,15,5.5,3.5,5.6,5.6,4.7,0.485,0
SAH-01932,24,Male,ASI,AR,6,Married,5,Border Area (Moderate),0.55,15,8,5,15,1268,54.2,4,11.6,1.4,60,60,1.0,13,11,4,0,0,8.0,3.2,5.3,9.3,6.0,0.377,0
SAH-01933,38,Female,Inspector,SSB,14,Married,2,Northeast (High Risk),0.8,4,8,6,2,1810,45.9,8,25.9,5.1,30,19,0.633,0,8,4,0,2,6.7,2.8,10.0,1.0,8.5,0.444,0
SAH-01934,26,Male,Head Constable,RPF,8,Married,4,Northeast (High Risk),0.8,4,12,1,8,774,47.4,17,5.4,6.9,30,6,0.2,2,5,4,0,11,7.8,1.0,2.7,8.6,7.1,0.461,0
SAH-01935,55,Male,Head Constable,RPF,35,Divorced,5,Naxal Belt (High Risk),0.82,28,3,3,32,1394,45.3,12,13.2,5.8,30,27,0.9,3,6,0,1,3,9.0,2.0,5.6,2.6,4.3,0.437,0
SAH-01936,42,Male,ASI,SSB,21,Married,1,Urban Posting (Low),0.25,10,13,1,10,1867,38.2,4,28.8,2.2,30,9,0.3,14,5,4,2,9,5.8,4.3,8.0,6.4,6.0,0.308,0
SAH-01937,35,Male,Constable,RPF,16,Married,1,Border Area (Moderate),0.55,11,5,2,11,187,49.8,19,5.6,3.4,30,14,0.467,0,1,4,3,1,8.1,3.4,6.3,8.0,4.5,0.273,0
SAH-01938,42,Male,Constable,NSG,24,Single,1,Northeast (High Risk),0.8,23,10,7,28,404,49.7,14,19.7,3.7,45,23,0.511,7,8,0,0,8,5.3,5.0,8.6,5.1,6.8,0.45,0
SAH-01939,57,Male,SI,BSF,38,Married,5,J&K (High Risk),0.85,3,4,0,3,1918,59.2,18,19.1,6.2,30,13,0.433,1,4,4,3,2,5.1,3.9,2.5,5.9,4.7,0.359,0
SAH-01940,32,Male,ASI,BSF,8,Married,2,Border Area (Moderate),0.55,17,12,4,22,1143,45.7,19,0.0,6.0,60,30,0.5,10,11,3,0,19,6.0,3.3,3.9,7.0,6.5,0.53,1
SAH-01941,38,Female,ASI,RPF,16,Single,1,Urban Posting (Low),0.25,22,1,0,21,860,76.1,10,10.1,8.5,30,26,0.867,4,2,7,0,19,6.0,1.4,5.9,7.6,8.3,0.253,0
SAH-01942,55,Male,SI,NSG,35,Married,5,Urban Posting (Low),0.25,27,9,6,25,1655,40.8,8,34.1,5.5,30,9,0.3,12,3,3,1,0,6.9,3.3,7.5,3.2,10.0,0.325,0
SAH-01943,50,Male,SI,NSG,29,Married,3,Northeast (High Risk),0.8,16,5,6,20,1793,53.8,15,16.8,5.9,30,17,0.567,13,3,6,0,4,3.7,2.9,6.5,6.3,2.0,0.506,1
SAH-01944,44,Male,Constable,CRPF,25,Single,2,Naxal Belt (High Risk),0.82,16,2,6,15,2809,43.0,10,18.1,2.8,30,3,0.1,5,11,5,0,4,7.1,1.9,7.7,5.4,1.4,0.519,1
SAH-01945,50,Male,Head Constable,CRPF,32,Married,5,Training Center (Low),0.2,3,12,6,1,108,45.5,1,16.9,5.2,45,27,0.6,10,8,6,2,1,5.7,4.3,5.8,6.5,3.1,0.156,0
SAH-01946,34,Male,Constable,CISF,10,Married,2,J&K (High Risk),0.85,33,2,2,37,820,48.6,7,31.3,10.0,30,6,0.2,5,10,6,1,14,2.2,3.1,3.9,6.5,4.9,0.601,1
SAH-01947,26,Male,Constable,CISF,4,Married,1,Border Area (Moderate),0.55,2,11,3,6,438,54.4,4,7.2,6.2,60,22,0.367,5,4,4,0,0,6.8,3.4,7.6,5.4,3.9,0.342,0
SAH-01948,23,Male,SI,CISF,3,Divorced,3,Naxal Belt (High Risk),0.82,27,7,1,28,3472,61.6,10,9.6,4.4,60,25,0.417,10,1,7,1,4,8.8,2.2,3.4,5.5,7.5,0.379,0
SAH-01949,36,Male,Inspector,CISF,16,Married,5,J&K (High Risk),0.85,15,4,0,20,2943,46.4,10,14.1,6.3,60,10,0.167,0,5,0,1,6,8.1,3.4,4.6,6.6,3.4,0.347,0
SAH-01950,27,Male,Commandant,SSB,3,Married,5,J&K (High Risk),0.85,7,1,6,9,2966,35.0,8,19.4,7.6,45,20,0.444,2,11,4,2,10,6.0,2.8,3.8,4.6,2.8,0.489,0
SAH-01951,34,Female,ASI,SSB,15,Divorced,4,Border Area (Moderate),0.55,9,5,0,10,388,68.4,10,16.2,6.5,45,26,0.578,2,6,7,0,9,5.1,5.0,6.9,7.0,7.7,0.342,0
SAH-01952,29,Male,Constable,CRPF,11,Married,5,J&K (High Risk),0.85,6,2,6,5,806,40.3,4,16.5,7.2,30,15,0.5,7,7,4,1,1,7.7,2.4,6.3,4.0,6.1,0.37,0
SAH-01953,35,Male,Constable,BSF,16,Married,2,J&K (High Risk),0.85,12,7,4,15,645,49.0,8,10.6,7.4,45,17,0.378,5,4,5,1,13,5.1,2.3,4.2,9.5,5.6,0.461,0
SAH-01954,41,Male,Inspector,NSG,17,Single,0,Naxal Belt (High Risk),0.82,30,9,1,35,485,52.7,0,19.9,5.8,60,23,0.383,1,7,1,0,4,5.9,3.3,4.9,6.5,2.8,0.451,0
SAH-01955,55,Male,ASI,AR,31,Married,4,J&K (High Risk),0.85,20,13,4,20,1523,50.8,9,0.0,6.2,30,22,0.733,12,7,6,0,15,10.0,2.8,5.8,6.0,7.1,0.57,1
SAH-01956,22,Male,ASI,BSF,3,Married,3,Naxal Belt (High Risk),0.82,20,1,4,23,426,35.1,7,10.6,4.3,45,36,0.8,13,3,7,0,1,9.0,3.2,7.8,4.4,4.5,0.241,0
SAH-01957,47,Male,SI,ITBP,24,Married,3,J&K (High Risk),0.85,27,12,6,26,2032,62.3,18,8.4,4.3,60,40,0.667,0,6,5,0,9,5.6,4.6,6.6,5.3,5.3,0.448,0
SAH-01958,22,Male,SI,SSB,1,Married,2,Naxal Belt (High Risk),0.82,20,2,7,18,2488,35.0,15,6.2,5.3,60,60,1.0,3,11,2,3,17,7.4,2.0,7.1,6.4,5.7,0.491,0
SAH-01959,55,Male,Inspector,CISF,35,Married,5,Urban Posting (Low),0.25,7,11,3,4,2578,63.8,12,0.8,2.9,30,30,1.0,0,8,0,0,4,9.2,3.1,7.4,8.0,7.8,0.152,0
SAH-01960,38,Male,Constable,CISF,15,Divorced,2,Border Area (Moderate),0.55,30,6,0,32,2918,65.9,4,16.9,6.2,30,5,0.167,4,9,6,0,16,6.9,2.4,6.5,3.2,5.9,0.502,1
SAH-01961,34,Male,SI,ITBP,13,Married,5,Naxal Belt (High Risk),0.82,8,8,7,9,163,62.8,17,18.4,3.9,30,10,0.333,11,3,2,1,10,3.8,2.3,6.9,2.8,3.6,0.476,0
SAH-01962,40,Male,Inspector,BSF,20,Single,2,J&K (High Risk),0.85,2,7,5,0,823,48.3,8,18.5,5.9,45,43,0.956,10,8,1,0,4,6.7,2.9,6.2,4.6,5.0,0.334,0
SAH-01963,38,Male,Constable,CISF,18,Married,2,Border Area (Moderate),0.55,14,9,1,13,1976,53.6,3,22.5,6.5,30,3,0.1,7,11,2,0,5,5.5,3.0,9.4,4.7,6.4,0.328,0
SAH-01964,30,Male,ASI,BSF,8,Married,2,J&K (High Risk),0.85,10,14,7,15,2269,44.0,13,23.9,2.9,30,20,0.667,9,3,7,0,15,5.6,4.8,7.6,4.6,8.4,0.413,0
SAH-01965,45,Male,Head Constable,NSG,24,Married,1,J&K (High Risk),0.85,18,2,3,17,67,52.8,6,0.0,6.3,30,30,1.0,1,0,4,0,4,4.7,2.5,10.0,6.5,4.2,0.385,0
SAH-01966,22,Male,Commandant,ITBP,4,Divorced,2,Urban Posting (Low),0.25,18,12,5,21,284,59.5,11,20.0,1.4,30,23,0.767,7,3,3,2,15,3.8,2.8,9.0,6.0,4.0,0.368,0
SAH-01967,45,Male,Constable,AR,24,Married,1,HQ / Admin (Low),0.15,16,9,3,13,1383,38.9,6,16.5,6.7,30,5,0.167,12,1,0,1,16,4.9,1.1,6.1,5.0,6.5,0.46,0
SAH-01968,53,Male,ASI,BSF,35,Married,5,Border Area (Moderate),0.55,5,4,7,8,1742,50.4,10,16.4,6.7,45,38,0.844,7,5,7,0,8,7.5,3.5,6.1,8.2,3.2,0.361,0
SAH-01969,56,Male,Constable,NSG,35,Married,5,J&K (High Risk),0.85,31,11,6,36,2820,46.3,14,14.0,6.8,60,28,0.467,5,7,0,3,1,8.0,3.1,3.2,10.0,3.7,0.674,1
SAH-01970,51,Male,SI,RPF,32,Married,5,Training Center (Low),0.2,20,3,6,24,330,66.1,6,10.6,6.2,30,30,1.0,7,5,7,0,18,10.0,3.6,4.3,6.6,5.1,0.26,0
SAH-01971,34,Male,Constable,RPF,10,Married,1,J&K (High Risk),0.85,23,7,3,26,880,40.7,19,19.2,4.5,45,17,0.378,12,8,4,0,16,5.0,3.2,8.5,6.4,5.9,0.431,0
SAH-01972,21,Male,Constable,BSF,1,Married,5,Training Center (Low),0.2,32,5,7,36,3317,59.5,16,7.2,4.5,45,25,0.556,1,5,5,0,4,4.4,1.2,8.4,5.7,7.0,0.469,0
SAH-01973,36,Male,Head Constable,RPF,13,Married,3,Naxal Belt (High Risk),0.82,17,13,2,17,1188,51.4,4,23.8,4.3,30,25,0.833,6,10,6,3,1,7.8,4.7,2.5,3.3,5.3,0.405,0
SAH-01974,23,Male,Dy. Commandant,BSF,1,Married,2,Naxal Belt (High Risk),0.82,13,5,2,11,1745,50.5,7,11.0,7.6,45,16,0.356,11,6,6,0,10,3.1,3.3,9.1,7.5,5.2,0.359,0
SAH-01975,55,Male,Constable,CISF,33,Single,1,Border Area (Moderate),0.55,13,12,3,18,1740,59.9,9,0.0,8.9,30,8,0.267,7,11,6,0,0,2.0,3.4,8.9,5.0,6.1,0.373,0
SAH-01976,26,Male,Constable,CRPF,2,Married,5,HQ / Admin (Low),0.15,17,13,2,16,1636,47.4,5,15.9,5.7,45,4,0.089,3,4,2,0,8,7.7,4.8,8.7,5.4,1.9,0.348,0
SAH-01977,45,Male,SI,RPF,21,Married,3,Training Center (Low),0.2,15,2,1,15,467,53.2,1,5.6,3.5,45,26,0.578,13,7,0,0,5,4.2,2.5,7.5,5.8,5.2,0.387,0
SAH-01978,33,Female,Head Constable,SSB,15,Married,2,Border Area (Moderate),0.55,26,6,0,29,2381,65.3,4,5.4,4.9,45,45,1.0,8,1,7,2,10,4.6,1.6,7.5,3.1,8.2,0.47,0
SAH-01979,54,Male,Dy. Commandant,BSF,34,Married,2,Urban Posting (Low),0.25,28,6,5,26,634,42.7,9,20.5,7.5,30,11,0.367,10,1,7,0,7,7.3,1.9,6.1,8.1,6.6,0.377,0
SAH-01980,28,Male,Constable,BSF,6,Married,5,Border Area (Moderate),0.55,30,12,6,34,1401,55.3,2,22.5,6.6,45,6,0.133,5,10,5,1,12,6.2,3.0,5.2,7.2,4.9,0.475,0
SAH-01981,41,Male,ASI,BSF,18,Married,3,Urban Posting (Low),0.25,35,4,1,39,1414,62.6,12,14.1,5.6,45,32,0.711,11,7,6,0,11,5.5,2.9,8.8,3.9,6.5,0.423,0
SAH-01982,54,Male,Constable,CRPF,31,Married,1,Training Center (Low),0.2,22,5,0,23,2719,57.6,15,0.0,5.0,45,7,0.156,2,5,6,1,8,3.4,4.6,6.0,3.4,2.5,0.422,0
SAH-01983,24,Male,Constable,NSG,6,Widowed,5,J&K (High Risk),0.85,10,7,2,15,2318,67.4,14,19.3,2.1,45,27,0.6,12,1,1,1,14,4.9,3.4,1.0,3.9,5.9,0.511,1
SAH-01984,45,Male,SI,RPF,22,Single,1,Naxal Belt (High Risk),0.82,11,14,5,15,2106,50.6,1,12.4,5.1,45,21,0.467,3,5,6,0,4,5.0,1.5,7.7,3.9,4.9,0.345,0
SAH-01985,35,Male,ASI,AR,12,Divorced,2,HQ / Admin (Low),0.15,33,8,1,30,1982,60.1,2,26.0,4.7,30,17,0.567,11,10,1,0,14,5.2,2.3,4.4,3.3,5.2,0.507,1
SAH-01986,24,Male,SI,AR,6,Single,0,HQ / Admin (Low),0.15,6,6,4,11,3203,65.2,19,30.7,4.7,30,7,0.233,3,7,2,3,1,7.2,2.4,6.8,6.1,4.3,0.4,0
SAH-01987,32,Male,Head Constable,ITBP,9,Single,0,J&K (High Risk),0.85,7,5,6,8,881,35.0,17,3.0,6.1,45,8,0.178,0,5,7,1,14,6.7,2.7,9.8,6.1,7.8,0.278,0
SAH-01988,52,Female,Head Constable,CISF,32,Widowed,4,Northeast (High Risk),0.8,12,12,3,17,3415,47.1,19,34.8,9.0,45,38,0.844,13,8,1,0,19,5.6,2.3,10.0,3.0,4.0,0.463,0
SAH-01989,52,Male,Head Constable,CRPF,33,Married,4,HQ / Admin (Low),0.15,7,3,6,12,2472,56.5,19,2.5,5.5,30,10,0.333,12,5,7,0,2,6.3,1.8,7.9,9.6,2.9,0.334,0
SAH-01990,48,Female,DIG,NSG,26,Married,4,Border Area (Moderate),0.55,2,7,0,1,583,63.0,14,10.7,6.7,30,27,0.9,9,2,6,1,9,9.6,3.1,9.1,3.5,2.0,0.336,0
SAH-01991,33,Male,Constable,BSF,13,Married,3,Border Area (Moderate),0.55,1,8,0,5,1172,54.9,4,23.2,5.4,30,25,0.833,0,8,7,0,6,6.7,2.5,8.0,1.5,1.0,0.298,0
SAH-01992,51,Male,Constable,NSG,31,Married,5,J&K (High Risk),0.85,23,3,4,26,1755,68.8,10,9.2,5.4,45,13,0.289,0,9,3,0,9,8.9,1.7,8.1,6.8,5.4,0.436,0
SAH-01993,34,Male,Head Constable,CRPF,15,Divorced,2,Training Center (Low),0.2,25,5,4,28,2799,45.6,2,8.5,7.8,45,45,1.0,3,4,4,3,9,4.9,4.6,8.3,5.5,3.4,0.44,0
SAH-01994,40,Male,ASI,CRPF,16,Married,3,Northeast (High Risk),0.8,18,11,3,16,2929,37.2,8,1.3,6.2,45,11,0.244,0,5,6,2,7,5.6,2.9,4.4,4.7,2.4,0.512,1
SAH-01995,38,Male,Constable,CRPF,16,Married,4,Northeast (High Risk),0.8,7,2,2,5,2874,61.5,6,4.3,7.1,30,26,0.867,13,3,0,1,12,5.4,5.0,3.9,5.8,4.5,0.436,0
SAH-01996,49,Female,Dy. Commandant,ITBP,29,Single,2,Northeast (High Risk),0.8,3,10,6,1,1455,50.6,1,8.5,8.0,30,15,0.5,5,2,5,0,1,6.8,4.1,8.5,5.4,6.4,0.226,0
SAH-01997,26,Female,Constable,SSB,3,Married,3,HQ / Admin (Low),0.15,29,10,1,27,1936,41.9,14,21.2,6.2,45,12,0.267,13,9,4,3,11,7.0,2.5,7.1,6.9,4.8,0.448,0
SAH-01998,52,Male,Dy. Commandant,CISF,33,Married,3,Urban Posting (Low),0.25,10,12,7,10,3037,72.5,11,28.4,6.0,30,30,1.0,1,4,2,0,8,7.1,4.8,6.8,5.1,5.3,0.292,0
SAH-01999,49,Male,Constable,ITBP,25,Married,5,Urban Posting (Low),0.25,5,4,7,8,496,61.0,15,8.9,7.0,30,30,1.0,0,11,4,0,0,1.3,4.1,5.6,4.5,7.3,0.226,0
SAH-02000,22,Male,ASI,ITBP,1,Married,3,Naxal Belt (High Risk),0.82,34,12,1,32,2777,59.8,15,11.8,4.2,45,27,0.6,6,2,0,0,11,4.2,2.4,5.8,5.9,6.6,0.563,1
